ORDER_ID,CUSTOMER_ID,ORDER_DATE,CATEGORY,           PRICE,    QUANTITY,REVENUE,PAYMENT_METHOD,CUSTOMER_AGE,GENDER,REVIEW_SCORE,IS_RETURNED
O100000,C1328,2/27/2023,Electronics,190.4,1,190.4,Debit Card,32,Male,5,0
O100001,C1115,3/13/2023,Beauty,82.23,3,246.69,Credit Card,40,Male,2,0
O100002,C1303,8/5/2023,Electronics,302.55,4,1210.2,Credit Card,20,Male,1,1
O100003,C1112,4/30/2023,Books,417.06,2,834.12,UPI,19,Male,3,0
O100004,C1288,4/12/2023,Beauty,155.6,2,311.2,UPI,61,Female,1,0
O100005,C1113,8/18/2023,Books,202.93,4,811.72,Debit Card,45,Male,5,0
O100006,C1389,3/23/2023,Beauty,49.85,2,99.7,Bank Transfer,61,Female,4,0
O100007,C1143,3/21/2023,Clothing,27.99,3,83.97,Debit Card,24,Male,3,0
O100008,C1048,7/14/2023,Electronics,474.7,4,1898.8,Debit Card,31,Female,5,0
O100009,C1310,5/16/2023,Electronics,53.35,4,213.4,Bank Transfer,45,Male,4,0
O100010,C1499,7/13/2023,Electronics,250.11,3,750.33,UPI,52,Female,5,0
O100011,C1425,11/18/2023,Books,332.95,2,665.9,Debit Card,23,Male,3,0
O100012,C1361,2/5/2023,Electronics,20.5,2,41,PayPal,43,Female,4,0
O100013,C1041,4/30/2023,Electronics,463.7,3,1391.1,Bank Transfer,32,Female,2,0
O100014,C1233,11/22/2023,Home,27.39,4,109.56,PayPal,38,Female,4,0
O100015,C1182,4/18/2023,Beauty,415.23,2,830.46,Debit Card,42,Male,3,0
O100016,C1312,11/22/2023,Clothing,74.76,3,224.28,UPI,62,Male,2,1
O100017,C1084,8/25/2023,Sports,387.26,4,1549.04,Debit Card,25,Male,1,0
O100018,C1351,6/16/2023,Electronics,354.89,3,1064.67,PayPal,52,Male,5,0
O100019,C1413,6/11/2023,Sports,182.44,1,182.44,Debit Card,45,Male,5,0
O100020,C1109,10/18/2023,Beauty,168.79,4,675.16,Debit Card,40,Male,4,0
O100021,C1336,9/13/2023,Sports,297.69,2,595.38,Bank Transfer,44,Male,4,0
O100022,C1136,3/13/2023,Clothing,486,3,1458,UPI,18,Female,5,0
O100023,C1383,10/27/2023,Sports,131.75,3,395.25,UPI,26,Female,5,0
O100024,C1186,4/23/2023,Clothing,222.47,3,667.41,UPI,49,Female,4,0
O100025,C1047,1/25/2023,Electronics,256.74,2,513.48,PayPal,54,Male,3,0
O100026,C1406,12/15/2023,Sports,379,4,1516,UPI,30,Male,2,0
O100027,C1198,7/15/2023,Books,84.8,2,169.6,Bank Transfer,59,Female,5,0
O100028,C1498,10/11/2023,Electronics,436.37,4,1745.48,Credit Card,61,Female,3,0
O100029,C1394,11/25/2023,Home,271.97,2,543.94,Credit Card,45,Female,4,1
O100030,C1223,3/22/2023,Sports,139.71,3,419.13,Credit Card,30,Female,5,0
O100031,C1498,9/14/2023,Clothing,257.82,1,257.82,UPI,54,Male,4,0
O100032,C1446,11/17/2023,Home,125.84,3,377.52,UPI,49,Male,4,0
O100033,C1079,7/11/2023,Clothing,185,1,185,UPI,29,Male,3,0
O100034,C1307,6/15/2023,Sports,153.93,1,153.93,Credit Card,34,Male,3,1
O100035,C1476,7/5/2023,Home,208.46,3,625.38,PayPal,54,Male,3,0
O100036,C1124,10/18/2023,Electronics,341.95,1,341.95,Credit Card,61,Female,4,0
O100037,C1418,2/5/2023,Books,298.38,3,895.14,PayPal,28,Male,4,0
O100038,C1338,9/1/2023,Books,402.55,1,402.55,PayPal,51,Female,4,0
O100039,C1271,11/7/2023,Sports,49.69,1,49.69,PayPal,26,Male,3,0
O100040,C1366,6/9/2023,Sports,25.18,4,100.72,Debit Card,53,Female,1,0
O100041,C1461,9/22/2023,Sports,117.12,4,468.48,Credit Card,24,Male,3,0
O100042,C1116,2/2/2023,Home,196.43,2,392.86,Credit Card,57,Male,2,0
O100043,C1302,4/23/2023,Electronics,61.17,3,183.51,Credit Card,48,Male,5,0
O100044,C1118,2/4/2023,Electronics,331.69,2,663.38,Debit Card,19,Male,5,1
O100045,C1264,5/2/2023,Home,281.36,4,1125.44,Bank Transfer,26,Male,3,0
O100046,C1277,3/9/2023,Beauty,424.1,4,1696.4,UPI,41,Female,4,0
O100047,C1125,8/31/2023,Sports,426.21,1,426.21,PayPal,25,Male,5,0
O100048,C1050,12/4/2023,Sports,292.44,4,1169.76,Debit Card,42,Female,4,0
O100049,C1211,8/28/2023,Beauty,84.6,2,169.2,Credit Card,19,Male,4,0
O100050,C1032,7/26/2023,Beauty,116.01,1,116.01,Debit Card,21,Male,3,0
O100051,C1128,4/9/2023,Clothing,374.51,4,1498.04,UPI,25,Female,5,0
O100052,C1072,8/5/2023,Clothing,286.31,4,1145.24,Debit Card,39,Female,3,0
O100053,C1128,2/8/2023,Sports,486.64,1,486.64,UPI,25,Male,4,0
O100054,C1026,11/30/2023,Books,253.81,4,1015.24,Credit Card,64,Male,4,0
O100055,C1475,5/2/2023,Clothing,362.61,3,1087.83,Bank Transfer,21,Female,1,0
O100056,C1247,4/20/2023,Sports,92.67,4,370.68,Credit Card,47,Male,5,1
O100057,C1195,1/2/2023,Sports,188.23,1,188.23,Debit Card,54,Female,5,0
O100058,C1147,8/5/2023,Beauty,483.49,3,1450.47,UPI,50,Female,2,0
O100059,C1080,4/8/2023,Home,99.5,1,99.5,PayPal,20,Male,3,0
O100060,C1297,10/5/2023,Electronics,468.4,2,936.8,Debit Card,20,Male,4,0
O100061,C1026,10/27/2023,Sports,309.43,2,618.86,UPI,40,Male,2,0
O100062,C1030,9/18/2023,Electronics,439.3,1,439.3,PayPal,57,Male,4,0
O100063,C1305,2/4/2023,Beauty,182.95,1,182.95,PayPal,59,Female,5,0
O100064,C1062,10/19/2023,Clothing,434.2,1,434.2,UPI,24,Male,4,0
O100065,C1318,2/11/2023,Sports,326.73,4,1306.92,UPI,63,Female,5,0
O100066,C1479,5/14/2023,Clothing,172.31,4,689.24,Debit Card,51,Male,2,0
O100067,C1136,7/22/2023,Clothing,22.79,1,22.79,Debit Card,39,Female,4,0
O100068,C1162,2/7/2023,Electronics,23.49,2,46.98,Bank Transfer,32,Male,4,0
O100069,C1038,10/3/2023,Clothing,263.51,1,263.51,UPI,61,Female,5,0
O100070,C1068,6/28/2023,Electronics,421.8,4,1687.2,PayPal,47,Female,4,0
O100071,C1146,3/22/2023,Sports,364.42,1,364.42,UPI,59,Female,3,0
O100072,C1314,12/1/2023,Books,139.06,4,556.24,Credit Card,43,Female,1,1
O100073,C1478,12/6/2023,Electronics,418.81,1,418.81,PayPal,29,Female,4,0
O100074,C1060,2/24/2023,Beauty,82.44,2,164.88,UPI,49,Male,4,0
O100075,C1140,5/25/2023,Books,331.8,1,331.8,PayPal,18,Female,5,0
O100076,C1105,12/18/2023,Beauty,279.41,2,558.82,Debit Card,46,Female,4,0
O100077,C1129,1/27/2023,Electronics,181.21,1,181.21,Bank Transfer,39,Female,1,0
O100078,C1023,1/2/2023,Home,27.77,1,27.77,PayPal,47,Female,5,0
O100079,C1083,8/15/2023,Books,239.72,2,479.44,Bank Transfer,43,Male,4,0
O100080,C1058,2/8/2023,Beauty,90.73,2,181.46,PayPal,54,Male,4,0
O100081,C1428,7/9/2023,Books,319.37,2,638.74,UPI,48,Male,1,1
O100082,C1221,3/7/2023,Electronics,253.01,4,1012.04,Debit Card,22,Female,4,0
O100083,C1461,1/21/2023,Home,472.23,2,944.46,PayPal,45,Male,4,1
O100084,C1342,2/22/2023,Home,289.86,2,579.72,UPI,52,Female,4,0
O100085,C1499,11/14/2023,Beauty,275.08,1,275.08,PayPal,29,Male,4,1
O100086,C1443,3/25/2023,Clothing,453.15,4,1812.6,Bank Transfer,46,Male,2,0
O100087,C1092,6/20/2023,Sports,14.02,3,42.06,PayPal,52,Female,3,0
O100088,C1082,12/26/2023,Electronics,195.77,2,391.54,Bank Transfer,43,Male,3,0
O100089,C1440,8/29/2023,Clothing,250.54,2,501.08,PayPal,62,Female,5,0
O100090,C1180,6/6/2023,Clothing,211.88,1,211.88,PayPal,53,Male,3,0
O100091,C1338,4/9/2023,Sports,404.38,1,404.38,Debit Card,52,Female,4,0
O100092,C1443,2/5/2023,Home,389.32,4,1557.28,Debit Card,40,Female,5,0
O100093,C1348,10/2/2023,Home,217.35,1,217.35,Credit Card,40,Male,5,0
O100094,C1450,5/14/2023,Clothing,451.76,2,903.52,UPI,37,Female,5,0
O100095,C1020,2/25/2023,Books,448.28,1,448.28,Bank Transfer,53,Female,1,1
O100096,C1374,6/10/2023,Sports,50.19,3,150.57,UPI,45,Male,5,1
O100097,C1198,10/23/2023,Clothing,288.85,3,866.55,Debit Card,33,Male,4,0
O100098,C1363,8/12/2023,Electronics,167.69,3,503.07,UPI,38,Male,5,0
O100099,C1187,8/9/2023,Electronics,395.86,1,395.86,Debit Card,59,Female,5,1
O100100,C1340,3/5/2023,Beauty,32.66,3,97.98,Debit Card,40,Female,4,0
O100101,C1342,7/29/2023,Home,484.48,1,484.48,Bank Transfer,27,Female,5,0
O100102,C1284,3/7/2023,Clothing,420.05,2,840.1,Bank Transfer,30,Female,3,0
O100103,C1347,3/31/2023,Books,446.49,2,892.98,UPI,22,Female,4,0
O100104,C1208,10/8/2023,Electronics,292.75,1,292.75,Debit Card,18,Female,5,0
O100105,C1108,8/9/2023,Books,454.31,1,454.31,UPI,21,Female,4,0
O100106,C1239,8/15/2023,Sports,243.43,4,973.72,PayPal,56,Female,4,1
O100107,C1407,3/28/2023,Beauty,60.04,3,180.12,Credit Card,62,Female,1,0
O100108,C1264,12/6/2023,Beauty,32.87,4,131.48,UPI,25,Female,2,0
O100109,C1048,5/1/2023,Beauty,374.29,1,374.29,Debit Card,45,Male,5,0
O100110,C1413,4/12/2023,Clothing,146.43,4,585.72,Credit Card,50,Male,3,1
O100111,C1126,9/1/2023,Books,11.02,4,44.08,Credit Card,62,Female,1,0
O100112,C1213,11/19/2023,Books,266.21,3,798.63,PayPal,54,Female,3,0
O100113,C1254,7/24/2023,Clothing,42.34,3,127.02,PayPal,58,Male,3,0
O100114,C1458,2/24/2023,Sports,497.94,2,995.88,PayPal,20,Male,5,0
O100115,C1412,12/23/2023,Books,144.08,4,576.32,Bank Transfer,33,Male,5,0
O100116,C1286,5/8/2023,Electronics,311.97,4,1247.88,Bank Transfer,45,Male,4,0
O100117,C1411,8/26/2023,Beauty,118.55,4,474.2,UPI,45,Female,4,0
O100118,C1487,8/15/2023,Books,229.35,3,688.05,UPI,34,Female,3,0
O100119,C1426,10/8/2023,Sports,303.38,4,1213.52,PayPal,46,Female,2,0
O100120,C1231,5/13/2023,Clothing,470.56,3,1411.68,Debit Card,22,Female,4,0
O100121,C1321,5/3/2023,Home,466.7,2,933.4,Bank Transfer,62,Male,3,0
O100122,C1366,5/27/2023,Clothing,389.91,2,779.82,Debit Card,49,Female,5,0
O100123,C1164,10/4/2023,Electronics,376.04,1,376.04,PayPal,39,Male,5,0
O100124,C1119,7/16/2023,Beauty,36.44,1,36.44,PayPal,52,Male,2,0
O100125,C1033,8/1/2023,Sports,42.3,4,169.2,Debit Card,34,Female,4,0
O100126,C1213,2/1/2023,Clothing,457.02,3,1371.06,Bank Transfer,54,Female,5,0
O100127,C1464,10/27/2023,Beauty,192.04,1,192.04,Credit Card,31,Female,3,0
O100128,C1245,1/4/2023,Home,140.99,4,563.96,Debit Card,18,Female,4,0
O100129,C1437,8/3/2023,Books,182.29,4,729.16,UPI,56,Male,4,0
O100130,C1250,4/23/2023,Home,387.3,3,1161.9,Bank Transfer,29,Female,5,1
O100131,C1015,7/19/2023,Home,48.76,3,146.28,Bank Transfer,34,Male,2,0
O100132,C1431,8/28/2023,Clothing,378.79,1,378.79,UPI,31,Male,5,0
O100133,C1465,7/21/2023,Books,72.5,4,290,UPI,51,Male,4,0
O100134,C1043,11/26/2023,Sports,199.16,3,597.48,PayPal,51,Female,3,0
O100135,C1094,1/26/2023,Home,392.91,4,1571.64,Bank Transfer,47,Female,4,0
O100136,C1109,8/21/2023,Home,475.01,4,1900.04,Debit Card,27,Female,5,0
O100137,C1143,8/4/2023,Home,132.83,4,531.32,Credit Card,22,Female,5,0
O100138,C1010,10/4/2023,Electronics,167.73,3,503.19,Debit Card,60,Male,3,0
O100139,C1333,2/5/2023,Beauty,68.8,3,206.4,Credit Card,33,Male,3,0
O100140,C1487,5/7/2023,Clothing,322.23,4,1288.92,Credit Card,21,Male,3,0
O100141,C1123,3/6/2023,Sports,239.61,1,239.61,Credit Card,49,Male,3,0
O100142,C1239,12/25/2023,Home,25.23,1,25.23,Debit Card,35,Male,3,0
O100143,C1311,11/7/2023,Beauty,48.91,1,48.91,Credit Card,22,Male,4,0
O100144,C1494,6/9/2023,Electronics,185.31,2,370.62,UPI,43,Male,4,0
O100145,C1476,6/9/2023,Books,400.71,1,400.71,Bank Transfer,39,Female,2,0
O100146,C1483,4/12/2023,Electronics,460.83,1,460.83,UPI,34,Male,3,0
O100147,C1053,12/23/2023,Home,375.39,1,375.39,UPI,32,Male,4,1
O100148,C1408,10/17/2023,Electronics,121.88,4,487.52,Debit Card,40,Female,4,0
O100149,C1339,7/9/2023,Electronics,35.86,3,107.58,UPI,24,Female,4,0
O100150,C1007,8/4/2023,Sports,376.06,4,1504.24,Credit Card,62,Female,5,0
O100151,C1492,7/5/2023,Beauty,201.6,4,806.4,Bank Transfer,42,Male,5,0
O100152,C1223,4/1/2023,Beauty,284.16,1,284.16,UPI,56,Female,2,0
O100153,C1316,10/3/2023,Sports,120.44,1,120.44,Bank Transfer,37,Female,4,0
O100154,C1423,10/31/2023,Home,326.17,2,652.34,Debit Card,64,Male,4,0
O100155,C1426,2/14/2023,Home,281.08,4,1124.32,Bank Transfer,61,Male,2,0
O100156,C1385,8/26/2023,Books,184.73,2,369.46,UPI,51,Female,3,0
O100157,C1173,1/15/2023,Sports,168.52,1,168.52,Debit Card,50,Male,1,0
O100158,C1250,4/19/2023,Home,185.85,4,743.4,Debit Card,21,Female,5,0
O100159,C1144,11/2/2023,Beauty,403.9,4,1615.6,Debit Card,26,Male,2,0
O100160,C1265,4/8/2023,Electronics,208.15,4,832.6,PayPal,41,Female,2,0
O100161,C1251,10/12/2023,Clothing,484.89,4,1939.56,Bank Transfer,32,Female,5,0
O100162,C1230,1/9/2023,Electronics,89.59,3,268.77,Debit Card,19,Male,4,0
O100163,C1208,12/21/2023,Clothing,143.59,4,574.36,Debit Card,22,Female,3,0
O100164,C1243,10/11/2023,Books,215.59,1,215.59,Debit Card,37,Female,3,0
O100165,C1382,10/9/2023,Home,307.26,4,1229.04,Debit Card,55,Female,4,0
O100166,C1139,6/6/2023,Home,243.16,3,729.48,PayPal,20,Male,2,0
O100167,C1370,4/9/2023,Home,71.54,3,214.62,Credit Card,27,Male,5,0
O100168,C1099,4/21/2023,Beauty,405.89,1,405.89,Bank Transfer,54,Female,1,0
O100169,C1371,10/29/2023,Books,239.22,2,478.44,UPI,52,Female,3,1
O100170,C1052,4/10/2023,Home,416.16,4,1664.64,PayPal,31,Female,5,1
O100171,C1092,6/4/2023,Electronics,106.48,3,319.44,UPI,52,Male,5,0
O100172,C1141,1/24/2023,Electronics,28.81,1,28.81,UPI,25,Female,5,0
O100173,C1358,3/6/2023,Beauty,400.77,3,1202.31,Bank Transfer,38,Male,3,0
O100174,C1447,1/7/2023,Books,318.71,2,637.42,Debit Card,21,Female,3,0
O100175,C1246,8/14/2023,Home,343.08,4,1372.32,PayPal,56,Male,5,0
O100176,C1130,9/2/2023,Electronics,313.93,1,313.93,Credit Card,40,Female,4,0
O100177,C1252,2/7/2023,Books,180.9,3,542.7,Credit Card,19,Male,4,1
O100178,C1077,10/16/2023,Home,314,3,942,Credit Card,23,Male,5,0
O100179,C1061,10/13/2023,Sports,170.78,4,683.12,UPI,32,Male,5,0
O100180,C1398,9/25/2023,Sports,372.02,3,1116.06,Bank Transfer,53,Female,5,0
O100181,C1153,10/29/2023,Sports,354.96,3,1064.88,Debit Card,50,Male,1,0
O100182,C1313,2/20/2023,Clothing,382.42,3,1147.26,PayPal,27,Female,3,0
O100183,C1339,2/11/2023,Clothing,59.76,4,239.04,PayPal,62,Male,2,0
O100184,C1283,2/8/2023,Clothing,399.66,1,399.66,Credit Card,46,Female,3,0
O100185,C1231,12/19/2023,Books,361.42,3,1084.26,Bank Transfer,53,Female,4,0
O100186,C1017,4/29/2023,Home,176.12,3,528.36,Debit Card,27,Female,3,0
O100187,C1037,12/18/2023,Clothing,214.68,2,429.36,Debit Card,63,Male,4,1
O100188,C1218,2/28/2023,Books,73.86,2,147.72,PayPal,42,Male,3,0
O100189,C1466,5/17/2023,Clothing,298.52,4,1194.08,Credit Card,53,Male,5,0
O100190,C1085,6/7/2023,Books,16.4,3,49.2,UPI,59,Female,5,0
O100191,C1225,3/5/2023,Sports,39.12,3,117.36,Debit Card,46,Female,2,0
O100192,C1483,5/20/2023,Books,455.79,1,455.79,UPI,63,Female,3,0
O100193,C1225,2/11/2023,Books,97.23,3,291.69,Credit Card,18,Female,5,0
O100194,C1377,6/15/2023,Books,297.68,1,297.68,Debit Card,64,Male,2,0
O100195,C1047,4/28/2023,Beauty,402.41,1,402.41,UPI,43,Male,3,0
O100196,C1392,12/11/2023,Home,271.01,3,813.03,UPI,55,Male,3,0
O100197,C1391,3/31/2023,Sports,370.06,1,370.06,UPI,60,Female,1,1
O100198,C1470,5/23/2023,Clothing,127.87,1,127.87,UPI,24,Female,3,0
O100199,C1326,9/9/2023,Electronics,159.18,1,159.18,Bank Transfer,60,Female,4,0
O100200,C1210,6/20/2023,Home,333.45,3,1000.35,Credit Card,34,Male,5,0
O100201,C1169,7/30/2023,Beauty,210.24,4,840.96,Bank Transfer,57,Female,4,0
O100202,C1340,7/25/2023,Books,38.2,3,114.6,Credit Card,36,Female,3,0
O100203,C1046,6/11/2023,Home,314.36,1,314.36,Debit Card,47,Male,5,0
O100204,C1497,7/26/2023,Books,150.55,3,451.65,Credit Card,64,Female,4,0
O100205,C1212,1/28/2023,Clothing,243.14,2,486.28,UPI,55,Female,5,0
O100206,C1319,9/13/2023,Beauty,170.51,3,511.53,Bank Transfer,56,Male,5,0
O100207,C1105,5/17/2023,Books,449.23,2,898.46,PayPal,50,Female,1,0
O100208,C1225,12/24/2023,Sports,359.41,1,359.41,Credit Card,25,Male,1,0
O100209,C1499,11/19/2023,Books,119.38,3,358.14,PayPal,25,Male,2,0
O100210,C1160,10/10/2023,Electronics,93.38,1,93.38,UPI,45,Female,3,0
O100211,C1048,4/26/2023,Electronics,125.37,2,250.74,Bank Transfer,49,Male,5,0
O100212,C1332,3/20/2023,Sports,201.61,1,201.61,Debit Card,38,Female,4,0
O100213,C1213,9/5/2023,Sports,48.03,2,96.06,PayPal,24,Female,5,0
O100214,C1283,3/16/2023,Sports,65.77,3,197.31,PayPal,53,Male,4,0
O100215,C1443,2/5/2023,Home,455.76,1,455.76,Bank Transfer,37,Female,3,0
O100216,C1479,9/17/2023,Home,184.71,3,554.13,Credit Card,29,Female,5,0
O100217,C1372,6/2/2023,Books,388.05,1,388.05,UPI,51,Female,5,0
O100218,C1444,3/18/2023,Sports,487.4,4,1949.6,UPI,41,Female,2,0
O100219,C1177,6/20/2023,Books,492.76,3,1478.28,UPI,49,Female,4,0
O100220,C1234,6/14/2023,Clothing,138,4,552,PayPal,19,Female,4,0
O100221,C1120,7/30/2023,Electronics,73.98,3,221.94,Debit Card,63,Female,5,0
O100222,C1362,7/15/2023,Sports,89.98,3,269.94,PayPal,54,Female,1,1
O100223,C1494,1/19/2023,Clothing,63.29,4,253.16,UPI,58,Female,3,0
O100224,C1446,2/21/2023,Sports,327.45,2,654.9,Credit Card,29,Female,3,0
O100225,C1008,3/15/2023,Sports,72.76,1,72.76,PayPal,48,Male,5,0
O100226,C1241,5/16/2023,Home,302.26,1,302.26,UPI,24,Female,4,0
O100227,C1333,2/11/2023,Home,205.17,2,410.34,UPI,63,Female,1,0
O100228,C1489,6/12/2023,Beauty,370.33,3,1110.99,Bank Transfer,53,Male,5,0
O100229,C1317,2/5/2023,Clothing,419.35,3,1258.05,Debit Card,53,Male,5,0
O100230,C1383,2/16/2023,Sports,285.37,2,570.74,Credit Card,64,Male,5,0
O100231,C1228,3/27/2023,Beauty,244.46,2,488.92,Debit Card,53,Male,4,0
O100232,C1024,6/16/2023,Electronics,421.56,1,421.56,Debit Card,62,Female,3,0
O100233,C1192,8/9/2023,Clothing,239.75,1,239.75,PayPal,26,Female,4,0
O100234,C1290,12/16/2023,Clothing,353.94,4,1415.76,PayPal,59,Male,4,0
O100235,C1041,11/9/2023,Sports,43.49,4,173.96,UPI,61,Male,5,0
O100236,C1255,10/26/2023,Clothing,56.03,1,56.03,PayPal,61,Female,5,1
O100237,C1327,5/11/2023,Sports,396.06,1,396.06,Debit Card,64,Male,2,1
O100238,C1461,8/27/2023,Home,380.4,3,1141.2,UPI,38,Male,5,0
O100239,C1038,8/15/2023,Home,320.43,4,1281.72,UPI,42,Female,5,0
O100240,C1328,8/6/2023,Beauty,348.12,1,348.12,Debit Card,62,Female,4,0
O100241,C1433,6/4/2023,Clothing,296.19,1,296.19,Bank Transfer,40,Female,4,0
O100242,C1055,5/2/2023,Sports,159.86,3,479.58,UPI,24,Female,3,1
O100243,C1295,6/1/2023,Beauty,485.67,3,1457.01,Debit Card,46,Male,4,0
O100244,C1425,12/4/2023,Sports,423.05,2,846.1,Debit Card,59,Male,4,0
O100245,C1290,12/18/2023,Beauty,185.53,4,742.12,Credit Card,62,Female,2,0
O100246,C1427,5/27/2023,Clothing,173.24,3,519.72,UPI,40,Female,2,0
O100247,C1113,11/22/2023,Clothing,272.05,1,272.05,UPI,39,Female,3,0
O100248,C1348,12/4/2023,Beauty,443.56,2,887.12,PayPal,61,Male,3,0
O100249,C1463,11/18/2023,Beauty,435.7,2,871.4,Credit Card,30,Female,4,1
O100250,C1404,8/14/2023,Electronics,400.4,3,1201.2,UPI,63,Female,4,0
O100251,C1375,3/9/2023,Electronics,203.96,1,203.96,Debit Card,61,Female,4,0
O100252,C1383,8/1/2023,Clothing,492.12,2,984.24,PayPal,47,Male,4,0
O100253,C1403,10/4/2023,Home,370.1,2,740.2,UPI,20,Female,4,0
O100254,C1426,3/26/2023,Home,427.15,2,854.3,Bank Transfer,54,Female,1,0
O100255,C1383,6/23/2023,Electronics,493.92,1,493.92,Bank Transfer,32,Male,4,0
O100256,C1073,4/26/2023,Beauty,113.04,2,226.08,Bank Transfer,54,Female,5,0
O100257,C1047,7/22/2023,Electronics,211.7,4,846.8,Debit Card,63,Male,4,1
O100258,C1233,7/8/2023,Beauty,494.65,3,1483.95,Debit Card,21,Female,3,1
O100259,C1422,11/23/2023,Home,326.58,1,326.58,Credit Card,62,Male,2,0
O100260,C1242,1/13/2023,Books,195.12,1,195.12,UPI,20,Female,5,0
O100261,C1469,11/9/2023,Clothing,316.74,3,950.22,Credit Card,26,Female,5,1
O100262,C1466,12/25/2023,Home,91.08,2,182.16,Bank Transfer,52,Male,5,0
O100263,C1072,1/24/2023,Electronics,81.18,4,324.72,Debit Card,52,Female,3,0
O100264,C1060,2/19/2023,Clothing,270.8,1,270.8,UPI,21,Male,4,0
O100265,C1199,8/21/2023,Home,439.34,3,1318.02,UPI,45,Female,4,0
O100266,C1301,3/21/2023,Sports,426.84,2,853.68,Credit Card,26,Female,3,1
O100267,C1316,7/28/2023,Home,368.93,2,737.86,Credit Card,41,Female,3,0
O100268,C1112,8/16/2023,Sports,349.38,4,1397.52,PayPal,43,Female,4,1
O100269,C1051,12/18/2023,Home,59.19,4,236.76,UPI,22,Female,5,0
O100270,C1032,7/23/2023,Home,442.04,2,884.08,PayPal,46,Male,5,0
O100271,C1486,8/21/2023,Electronics,332.75,4,1331,PayPal,44,Male,5,0
O100272,C1026,6/20/2023,Clothing,263.02,4,1052.08,PayPal,57,Male,3,0
O100273,C1036,10/11/2023,Clothing,84.4,1,84.4,UPI,60,Male,3,1
O100274,C1417,4/30/2023,Home,57.39,3,172.17,PayPal,55,Male,3,0
O100275,C1142,3/16/2023,Clothing,480.85,1,480.85,UPI,48,Female,5,0
O100276,C1409,3/31/2023,Electronics,170.88,2,341.76,Credit Card,56,Male,3,0
O100277,C1008,7/3/2023,Clothing,416.91,1,416.91,UPI,29,Female,1,0
O100278,C1009,3/31/2023,Home,310.38,1,310.38,Credit Card,58,Male,4,0
O100279,C1380,8/4/2023,Books,318.83,4,1275.32,Credit Card,62,Male,5,0
O100280,C1244,8/18/2023,Home,381.71,2,763.42,UPI,58,Male,5,0
O100281,C1232,9/15/2023,Clothing,318.15,2,636.3,UPI,54,Male,2,1
O100282,C1373,12/4/2023,Books,345.5,2,691,Debit Card,21,Female,3,0
O100283,C1330,1/16/2023,Electronics,38.34,2,76.68,Bank Transfer,18,Female,2,0
O100284,C1219,12/18/2023,Electronics,426.95,2,853.9,Bank Transfer,64,Female,5,0
O100285,C1038,2/11/2023,Home,69.39,1,69.39,UPI,29,Male,1,0
O100286,C1034,3/6/2023,Home,165.19,3,495.57,UPI,49,Female,5,0
O100287,C1196,11/2/2023,Books,225.72,2,451.44,Debit Card,51,Female,5,0
O100288,C1259,11/6/2023,Sports,228.44,3,685.32,Credit Card,32,Male,5,0
O100289,C1437,12/2/2023,Beauty,114.28,2,228.56,UPI,64,Male,4,0
O100290,C1221,8/20/2023,Clothing,140.26,1,140.26,Bank Transfer,61,Female,1,0
O100291,C1424,8/21/2023,Sports,455.21,1,455.21,Bank Transfer,37,Male,4,0
O100292,C1161,8/7/2023,Home,492.07,1,492.07,Debit Card,55,Female,3,0
O100293,C1489,3/20/2023,Beauty,20.41,1,20.41,Bank Transfer,41,Male,4,0
O100294,C1047,2/13/2023,Electronics,239.24,4,956.96,Bank Transfer,63,Male,3,0
O100295,C1382,7/10/2023,Clothing,81.06,3,243.18,UPI,63,Male,4,0
O100296,C1301,10/15/2023,Books,399.41,4,1597.64,Debit Card,41,Male,5,0
O100297,C1211,7/1/2023,Beauty,399.29,1,399.29,Bank Transfer,47,Male,2,0
O100298,C1496,5/28/2023,Books,344.35,4,1377.4,Debit Card,26,Female,3,0
O100299,C1054,10/23/2023,Books,36.78,2,73.56,PayPal,19,Male,5,0
O100300,C1337,9/4/2023,Clothing,230.33,4,921.32,Credit Card,38,Female,2,0
O100301,C1433,10/12/2023,Home,242.57,3,727.71,Credit Card,55,Female,3,0
O100302,C1294,4/26/2023,Sports,430.76,2,861.52,UPI,58,Male,1,0
O100303,C1312,12/3/2023,Beauty,56.94,1,56.94,Debit Card,29,Male,5,0
O100304,C1093,5/20/2023,Beauty,251.95,2,503.9,Debit Card,45,Female,5,0
O100305,C1180,1/4/2023,Clothing,9.84,4,39.36,PayPal,50,Female,4,0
O100306,C1036,3/14/2023,Beauty,178.56,1,178.56,Credit Card,30,Male,2,0
O100307,C1383,9/29/2023,Clothing,70.69,3,212.07,Bank Transfer,43,Female,4,0
O100308,C1233,6/24/2023,Clothing,104.07,3,312.21,Debit Card,61,Female,2,0
O100309,C1370,6/16/2023,Books,354.71,2,709.42,UPI,26,Male,5,0
O100310,C1453,1/27/2023,Clothing,272.94,2,545.88,PayPal,29,Male,5,0
O100311,C1346,2/11/2023,Home,401.86,2,803.72,Bank Transfer,64,Female,5,0
O100312,C1249,11/7/2023,Sports,447.93,4,1791.72,Bank Transfer,23,Female,5,0
O100313,C1111,9/20/2023,Electronics,323.57,1,323.57,Debit Card,59,Female,4,0
O100314,C1057,5/26/2023,Beauty,298.67,4,1194.68,UPI,30,Female,4,0
O100315,C1270,12/8/2023,Home,167.86,2,335.72,Credit Card,53,Male,5,0
O100316,C1203,11/3/2023,Electronics,219.66,4,878.64,Credit Card,61,Male,4,0
O100317,C1155,4/19/2023,Clothing,118.09,4,472.36,Debit Card,58,Female,4,0
O100318,C1168,3/3/2023,Electronics,204.61,1,204.61,Bank Transfer,46,Female,4,0
O100319,C1090,3/8/2023,Sports,421.02,1,421.02,UPI,47,Male,5,0
O100320,C1257,10/14/2023,Beauty,423.89,1,423.89,Debit Card,21,Male,5,0
O100321,C1204,1/22/2023,Sports,254.9,2,509.8,Credit Card,49,Female,4,0
O100322,C1472,2/9/2023,Home,200.78,4,803.12,UPI,19,Female,4,0
O100323,C1294,7/27/2023,Beauty,329.23,3,987.69,Bank Transfer,29,Female,4,0
O100324,C1059,7/27/2023,Electronics,418.82,1,418.82,Debit Card,52,Male,5,0
O100325,C1411,11/13/2023,Sports,302.92,2,605.84,Debit Card,61,Male,4,0
O100326,C1224,2/24/2023,Clothing,209.45,2,418.9,Bank Transfer,62,Female,4,0
O100327,C1269,2/10/2023,Sports,205.49,2,410.98,Debit Card,56,Female,4,0
O100328,C1114,6/20/2023,Clothing,85.94,3,257.82,Credit Card,42,Male,5,0
O100329,C1272,9/19/2023,Clothing,330.08,3,990.24,Debit Card,18,Female,5,0
O100330,C1373,11/27/2023,Clothing,485.06,3,1455.18,PayPal,48,Male,3,0
O100331,C1075,5/12/2023,Clothing,89.03,2,178.06,PayPal,46,Male,3,0
O100332,C1390,12/2/2023,Electronics,218.29,4,873.16,PayPal,25,Female,4,0
O100333,C1238,10/16/2023,Books,87.69,4,350.76,Bank Transfer,45,Female,1,0
O100334,C1443,11/18/2023,Home,333.58,1,333.58,PayPal,61,Female,4,0
O100335,C1035,8/29/2023,Sports,281.28,3,843.84,Debit Card,37,Female,3,0
O100336,C1303,1/29/2023,Home,267.93,4,1071.72,UPI,43,Male,1,0
O100337,C1159,8/25/2023,Sports,228.84,1,228.84,Credit Card,22,Male,2,0
O100338,C1189,5/27/2023,Electronics,345.66,4,1382.64,Credit Card,41,Female,4,0
O100339,C1237,10/25/2023,Books,164.95,1,164.95,Credit Card,56,Female,4,0
O100340,C1466,10/20/2023,Beauty,246.98,4,987.92,PayPal,55,Female,2,0
O100341,C1310,9/1/2023,Books,157.43,4,629.72,PayPal,59,Male,5,0
O100342,C1231,2/22/2023,Home,98.23,3,294.69,Credit Card,25,Male,3,0
O100343,C1021,5/7/2023,Beauty,481.86,3,1445.58,Bank Transfer,51,Female,4,1
O100344,C1269,9/25/2023,Books,190.28,2,380.56,PayPal,35,Female,4,0
O100345,C1191,5/25/2023,Sports,287.45,4,1149.8,Bank Transfer,44,Female,5,0
O100346,C1348,11/3/2023,Electronics,339.87,3,1019.61,Debit Card,48,Male,4,0
O100347,C1169,2/18/2023,Books,327.36,2,654.72,Bank Transfer,45,Female,3,0
O100348,C1130,12/3/2023,Books,162.47,1,162.47,PayPal,58,Female,5,0
O100349,C1042,10/26/2023,Beauty,49.79,3,149.37,PayPal,58,Female,2,0
O100350,C1159,12/2/2023,Beauty,383.77,4,1535.08,Bank Transfer,55,Male,4,1
O100351,C1305,12/29/2023,Electronics,439.56,3,1318.68,Debit Card,36,Female,5,0
O100352,C1330,6/18/2023,Clothing,151.95,3,455.85,UPI,42,Male,3,0
O100353,C1331,12/10/2023,Sports,306.87,3,920.61,UPI,38,Female,4,0
O100354,C1010,7/5/2023,Home,300.26,4,1201.04,PayPal,52,Male,3,0
O100355,C1175,9/6/2023,Clothing,303.71,2,607.42,PayPal,31,Male,4,0
O100356,C1080,2/9/2023,Home,192.99,2,385.98,Credit Card,25,Male,4,0
O100357,C1339,6/22/2023,Books,17.69,2,35.38,PayPal,42,Female,4,0
O100358,C1079,3/25/2023,Clothing,292.19,4,1168.76,UPI,53,Male,4,0
O100359,C1370,8/13/2023,Electronics,407.43,2,814.86,Bank Transfer,61,Female,5,0
O100360,C1347,5/2/2023,Sports,101.91,3,305.73,UPI,33,Female,4,0
O100361,C1386,8/18/2023,Clothing,125.52,3,376.56,UPI,32,Male,3,0
O100362,C1159,8/29/2023,Clothing,101.31,2,202.62,Debit Card,21,Female,3,0
O100363,C1237,5/25/2023,Sports,157.11,3,471.33,UPI,45,Female,4,0
O100364,C1495,3/24/2023,Clothing,307.12,2,614.24,UPI,19,Male,3,0
O100365,C1447,5/9/2023,Electronics,65.33,3,195.99,Bank Transfer,24,Female,4,0
O100366,C1284,2/22/2023,Beauty,264.96,3,794.88,UPI,59,Male,3,1
O100367,C1146,2/12/2023,Clothing,215.14,2,430.28,Debit Card,24,Female,5,0
O100368,C1464,9/20/2023,Clothing,265.62,3,796.86,Bank Transfer,30,Male,4,0
O100369,C1485,4/24/2023,Sports,442.68,1,442.68,Debit Card,43,Male,3,0
O100370,C1213,1/28/2023,Sports,208.46,1,208.46,UPI,59,Female,5,0
O100371,C1121,7/17/2023,Electronics,122.25,1,122.25,Debit Card,21,Male,3,0
O100372,C1015,6/13/2023,Electronics,214.75,2,429.5,Debit Card,42,Male,2,0
O100373,C1071,1/20/2023,Home,228.63,2,457.26,Bank Transfer,22,Male,3,0
O100374,C1389,12/28/2023,Sports,432.08,3,1296.24,Bank Transfer,38,Male,2,0
O100375,C1464,2/10/2023,Electronics,322.78,4,1291.12,Debit Card,24,Male,4,0
O100376,C1428,3/18/2023,Books,198.5,1,198.5,UPI,42,Female,5,0
O100377,C1057,5/28/2023,Clothing,349.1,3,1047.3,Debit Card,59,Male,4,0
O100378,C1025,5/3/2023,Sports,347.76,3,1043.28,UPI,41,Female,2,0
O100379,C1033,2/26/2023,Sports,363.55,2,727.1,UPI,49,Male,3,0
O100380,C1324,9/21/2023,Books,47.4,1,47.4,PayPal,53,Male,3,0
O100381,C1150,8/8/2023,Electronics,117.19,1,117.19,UPI,56,Female,2,0
O100382,C1124,10/20/2023,Sports,38.47,1,38.47,PayPal,61,Male,3,0
O100383,C1269,7/4/2023,Electronics,440.64,2,881.28,UPI,20,Male,4,0
O100384,C1200,8/29/2023,Electronics,169.84,2,339.68,Bank Transfer,19,Female,5,0
O100385,C1130,1/9/2023,Home,281.1,2,562.2,Credit Card,40,Female,4,0
O100386,C1124,12/3/2023,Beauty,283.34,4,1133.36,Credit Card,22,Female,3,0
O100387,C1069,1/23/2023,Home,104.46,4,417.84,UPI,59,Female,2,0
O100388,C1417,11/26/2023,Clothing,379.3,1,379.3,Bank Transfer,33,Female,4,0
O100389,C1324,4/4/2023,Clothing,463.95,1,463.95,Credit Card,40,Female,4,0
O100390,C1019,5/31/2023,Clothing,496.28,4,1985.12,Credit Card,61,Male,3,0
O100391,C1454,1/22/2023,Home,51,2,102,Debit Card,35,Female,5,0
O100392,C1418,10/6/2023,Sports,306.2,4,1224.8,Debit Card,55,Male,3,0
O100393,C1386,11/28/2023,Clothing,63.24,3,189.72,Debit Card,62,Female,4,0
O100394,C1442,1/25/2023,Beauty,468.79,1,468.79,Debit Card,18,Female,3,0
O100395,C1064,7/8/2023,Sports,226.37,4,905.48,Bank Transfer,35,Female,4,1
O100396,C1459,7/17/2023,Home,251,2,502,PayPal,54,Female,4,0
O100397,C1355,9/12/2023,Home,201.6,2,403.2,UPI,35,Female,4,0
O100398,C1411,2/12/2023,Beauty,268.58,2,537.16,Bank Transfer,23,Male,2,0
O100399,C1221,11/5/2023,Clothing,410.27,3,1230.81,UPI,38,Female,1,0
O100400,C1165,2/22/2023,Electronics,115.69,2,231.38,Debit Card,37,Female,4,1
O100401,C1157,8/17/2023,Books,289.71,1,289.71,Bank Transfer,50,Male,5,0
O100402,C1354,8/16/2023,Home,305.1,2,610.2,Bank Transfer,63,Male,3,0
O100403,C1373,6/30/2023,Books,202.34,1,202.34,Bank Transfer,30,Female,4,0
O100404,C1328,1/30/2023,Electronics,17.78,1,17.78,Bank Transfer,32,Female,5,0
O100405,C1263,12/14/2023,Clothing,483.08,4,1932.32,Credit Card,45,Male,3,0
O100406,C1435,11/8/2023,Beauty,222.56,4,890.24,Bank Transfer,23,Male,1,0
O100407,C1065,2/4/2023,Clothing,303.26,3,909.78,Debit Card,36,Female,4,0
O100408,C1197,10/18/2023,Electronics,99.93,1,99.93,UPI,19,Male,4,0
O100409,C1348,8/19/2023,Home,311.65,3,934.95,Debit Card,26,Female,4,0
O100410,C1391,2/9/2023,Books,41.94,4,167.76,PayPal,63,Female,2,0
O100411,C1204,6/10/2023,Beauty,35.83,4,143.32,Debit Card,21,Male,5,0
O100412,C1492,2/28/2023,Electronics,309.53,4,1238.12,PayPal,46,Female,4,0
O100413,C1266,7/18/2023,Books,215.91,3,647.73,Credit Card,54,Female,5,0
O100414,C1397,5/14/2023,Beauty,101.34,3,304.02,Bank Transfer,44,Male,4,0
O100415,C1314,5/27/2023,Beauty,368.14,2,736.28,Bank Transfer,22,Male,1,0
O100416,C1063,3/11/2023,Electronics,243.27,2,486.54,Bank Transfer,55,Male,3,0
O100417,C1461,1/1/2024,Sports,72.87,3,218.61,Credit Card,22,Female,3,0
O100418,C1342,6/27/2023,Beauty,124.39,1,124.39,Credit Card,35,Female,2,0
O100419,C1457,6/3/2023,Clothing,188.85,1,188.85,PayPal,28,Female,4,0
O100420,C1261,4/25/2023,Electronics,53.55,2,107.1,PayPal,21,Male,5,0
O100421,C1122,9/10/2023,Electronics,327.6,3,982.8,Debit Card,58,Female,4,0
O100422,C1240,10/10/2023,Clothing,199.23,2,398.46,UPI,30,Male,2,0
O100423,C1034,6/8/2023,Sports,331.05,1,331.05,Bank Transfer,18,Female,5,0
O100424,C1394,7/29/2023,Books,143.29,2,286.58,Credit Card,57,Male,4,0
O100425,C1498,6/12/2023,Beauty,331.38,3,994.14,Credit Card,39,Female,4,0
O100426,C1239,12/15/2023,Books,37.99,4,151.96,Debit Card,62,Male,3,0
O100427,C1450,10/10/2023,Beauty,258.55,1,258.55,UPI,25,Male,1,0
O100428,C1394,3/8/2023,Sports,359.58,1,359.58,UPI,41,Male,2,0
O100429,C1426,3/5/2023,Books,256.75,4,1027,PayPal,48,Female,3,0
O100430,C1085,3/24/2023,Home,388.45,3,1165.35,PayPal,45,Female,4,0
O100431,C1486,9/23/2023,Home,277.06,2,554.12,Credit Card,49,Female,2,0
O100432,C1101,11/22/2023,Books,45.9,4,183.6,Debit Card,45,Male,5,0
O100433,C1321,6/5/2023,Books,117.78,1,117.78,UPI,19,Male,4,0
O100434,C1258,11/25/2023,Clothing,131.43,4,525.72,UPI,31,Male,2,1
O100435,C1088,12/4/2023,Books,241.74,3,725.22,UPI,27,Female,5,0
O100436,C1432,10/16/2023,Electronics,490.09,2,980.18,Credit Card,30,Male,4,0
O100437,C1024,11/25/2023,Books,406.83,4,1627.32,Debit Card,51,Male,2,0
O100438,C1393,10/20/2023,Sports,464.4,3,1393.2,UPI,26,Male,4,0
O100439,C1255,11/18/2023,Books,222.51,1,222.51,Debit Card,39,Female,3,1
O100440,C1248,5/6/2023,Beauty,339.61,3,1018.83,Bank Transfer,63,Female,1,1
O100441,C1233,2/7/2023,Beauty,337.37,2,674.74,Credit Card,56,Male,5,1
O100442,C1226,8/1/2023,Sports,129.86,1,129.86,Bank Transfer,38,Male,5,0
O100443,C1175,11/7/2023,Clothing,281.12,3,843.36,Debit Card,61,Female,2,0
O100444,C1376,6/26/2023,Sports,377.83,1,377.83,PayPal,39,Female,4,0
O100445,C1264,10/15/2023,Electronics,58.43,1,58.43,Debit Card,32,Male,2,1
O100446,C1239,3/4/2023,Home,246.76,3,740.28,Bank Transfer,41,Male,3,0
O100447,C1073,2/19/2023,Electronics,380.3,1,380.3,Debit Card,20,Female,3,0
O100448,C1443,11/12/2023,Sports,346,3,1038,PayPal,61,Male,4,0
O100449,C1417,6/17/2023,Books,84.24,2,168.48,Debit Card,33,Male,5,0
O100450,C1391,3/23/2023,Sports,441.32,4,1765.28,UPI,57,Female,3,0
O100451,C1256,6/7/2023,Sports,330.49,1,330.49,Credit Card,27,Male,5,0
O100452,C1484,7/21/2023,Books,309.41,2,618.82,Bank Transfer,58,Male,4,0
O100453,C1111,10/26/2023,Home,264.46,2,528.92,Credit Card,43,Male,5,0
O100454,C1145,9/11/2023,Books,10.46,1,10.46,Bank Transfer,51,Female,5,0
O100455,C1275,1/5/2023,Electronics,379.35,3,1138.05,Bank Transfer,23,Male,5,1
O100456,C1452,5/16/2023,Beauty,187.31,1,187.31,Debit Card,21,Female,5,0
O100457,C1188,1/24/2023,Sports,298.56,1,298.56,Credit Card,55,Male,4,0
O100458,C1186,10/11/2023,Home,6.59,2,13.18,Credit Card,63,Female,4,0
O100459,C1259,8/19/2023,Books,51.03,3,153.09,Debit Card,24,Male,4,0
O100460,C1066,2/19/2023,Sports,37.1,4,148.4,Debit Card,21,Female,2,0
O100461,C1286,7/7/2023,Clothing,301.69,3,905.07,PayPal,48,Female,1,0
O100462,C1257,1/21/2023,Electronics,320.06,3,960.18,Credit Card,39,Male,4,0
O100463,C1366,6/20/2023,Sports,491.07,1,491.07,UPI,48,Female,5,0
O100464,C1077,11/7/2023,Books,189.86,2,379.72,PayPal,50,Female,2,0
O100465,C1477,11/10/2023,Home,301.12,3,903.36,PayPal,64,Female,5,1
O100466,C1316,6/3/2023,Books,323.07,1,323.07,Debit Card,23,Female,4,0
O100467,C1363,10/16/2023,Home,63.58,2,127.16,Bank Transfer,64,Male,5,0
O100468,C1189,6/19/2023,Beauty,288.08,4,1152.32,Credit Card,22,Female,3,0
O100469,C1299,6/7/2023,Beauty,170.58,1,170.58,Credit Card,60,Female,1,0
O100470,C1136,12/2/2023,Books,140.17,1,140.17,UPI,62,Male,5,0
O100471,C1370,1/27/2023,Books,427.1,2,854.2,Bank Transfer,22,Male,5,0
O100472,C1269,11/19/2023,Beauty,402.31,2,804.62,UPI,22,Female,5,0
O100473,C1076,12/15/2023,Clothing,29.67,3,89.01,Credit Card,52,Male,4,0
O100474,C1098,1/10/2023,Sports,383.93,2,767.86,Debit Card,63,Female,4,0
O100475,C1078,7/31/2023,Beauty,376.93,4,1507.72,PayPal,42,Female,5,0
O100476,C1257,11/10/2023,Sports,33.24,2,66.48,Credit Card,39,Male,3,0
O100477,C1266,4/17/2023,Books,453.6,4,1814.4,Debit Card,27,Female,3,0
O100478,C1270,7/12/2023,Home,227.62,1,227.62,PayPal,23,Female,2,0
O100479,C1468,9/30/2023,Home,21.64,4,86.56,UPI,35,Female,5,0
O100480,C1347,12/15/2023,Beauty,268.55,1,268.55,Debit Card,44,Female,3,0
O100481,C1099,5/7/2023,Home,15.8,4,63.2,UPI,28,Female,5,0
O100482,C1116,6/2/2023,Home,468.73,2,937.46,PayPal,43,Female,4,0
O100483,C1163,9/3/2023,Home,366.76,2,733.52,UPI,38,Female,3,0
O100484,C1148,3/4/2023,Books,103.06,4,412.24,UPI,36,Female,3,1
O100485,C1459,7/22/2023,Home,483.84,1,483.84,PayPal,58,Female,1,0
O100486,C1022,5/28/2023,Beauty,211.91,1,211.91,Credit Card,24,Female,4,0
O100487,C1474,8/15/2023,Beauty,490.36,1,490.36,Debit Card,51,Female,4,0
O100488,C1110,4/14/2023,Books,396.89,1,396.89,Debit Card,34,Female,4,0
O100489,C1071,2/25/2023,Books,424.22,2,848.44,UPI,38,Male,2,0
O100490,C1125,1/26/2023,Beauty,111.96,2,223.92,UPI,51,Male,5,0
O100491,C1327,4/30/2023,Electronics,375.9,4,1503.6,Credit Card,41,Female,5,0
O100492,C1170,8/30/2023,Electronics,181.21,3,543.63,PayPal,49,Male,3,0
O100493,C1494,10/9/2023,Clothing,168.46,2,336.92,Bank Transfer,39,Female,1,0
O100494,C1245,11/30/2023,Clothing,331.52,4,1326.08,Debit Card,45,Female,3,1
O100495,C1147,11/27/2023,Electronics,282.29,4,1129.16,Credit Card,43,Male,4,0
O100496,C1274,1/20/2023,Clothing,51.61,3,154.83,Bank Transfer,25,Male,3,0
O100497,C1479,1/19/2023,Sports,400.18,3,1200.54,Bank Transfer,40,Male,5,0
O100498,C1480,5/29/2023,Electronics,388.93,3,1166.79,Credit Card,28,Female,3,0
O100499,C1291,11/5/2023,Electronics,147.13,4,588.52,Debit Card,58,Female,4,0
O100500,C1233,11/25/2023,Books,399.97,3,1199.91,UPI,32,Female,5,0
O100501,C1456,3/10/2023,Books,83.19,4,332.76,Bank Transfer,23,Female,5,0
O100502,C1099,2/27/2023,Home,429.3,3,1287.9,PayPal,44,Female,3,1
O100503,C1332,5/12/2023,Beauty,74.65,1,74.65,PayPal,25,Male,5,0
O100504,C1378,6/22/2023,Home,80.29,4,321.16,UPI,47,Male,4,0
O100505,C1090,11/9/2023,Beauty,441.8,4,1767.2,Bank Transfer,28,Female,4,1
O100506,C1264,6/17/2023,Electronics,211.79,3,635.37,Bank Transfer,38,Male,5,0
O100507,C1095,3/13/2023,Sports,498.55,2,997.1,Debit Card,48,Male,4,0
O100508,C1004,5/14/2023,Sports,345,3,1035,PayPal,50,Female,1,0
O100509,C1386,5/17/2023,Home,108.83,2,217.66,Debit Card,22,Male,5,0
O100510,C1134,12/1/2023,Home,151.76,2,303.52,PayPal,23,Male,5,0
O100511,C1342,3/2/2023,Sports,238.23,3,714.69,Debit Card,61,Male,4,0
O100512,C1208,12/18/2023,Books,249.64,3,748.92,Debit Card,29,Male,3,0
O100513,C1328,6/1/2023,Home,357.45,4,1429.8,UPI,43,Male,2,0
O100514,C1113,3/10/2023,Sports,75.28,1,75.28,PayPal,64,Female,3,0
O100515,C1383,11/7/2023,Home,220.58,4,882.32,Bank Transfer,39,Female,5,0
O100516,C1388,10/3/2023,Beauty,422.65,3,1267.95,PayPal,52,Male,1,0
O100517,C1349,11/2/2023,Electronics,57.64,3,172.92,UPI,57,Female,1,0
O100518,C1271,12/27/2023,Home,87.73,4,350.92,Credit Card,18,Male,5,0
O100519,C1032,10/8/2023,Books,323.23,4,1292.92,PayPal,42,Male,3,0
O100520,C1085,6/17/2023,Books,38.91,1,38.91,Bank Transfer,63,Male,5,1
O100521,C1349,4/16/2023,Beauty,120.22,1,120.22,UPI,52,Female,2,0
O100522,C1047,9/19/2023,Sports,327.13,2,654.26,Credit Card,44,Female,4,0
O100523,C1068,9/20/2023,Sports,226.29,2,452.58,Bank Transfer,31,Male,5,0
O100524,C1287,8/25/2023,Beauty,193.3,2,386.6,Debit Card,31,Male,4,0
O100525,C1203,5/11/2023,Electronics,213.61,2,427.22,PayPal,43,Male,5,0
O100526,C1024,8/5/2023,Home,355.31,2,710.62,Credit Card,20,Male,5,0
O100527,C1479,2/5/2023,Sports,13.91,3,41.73,Credit Card,31,Female,5,0
O100528,C1210,4/3/2023,Clothing,415.55,4,1662.2,Bank Transfer,36,Female,5,0
O100529,C1457,7/15/2023,Sports,353.32,1,353.32,Bank Transfer,53,Female,2,0
O100530,C1042,12/16/2023,Beauty,11.14,4,44.56,UPI,42,Male,5,0
O100531,C1335,6/28/2023,Electronics,117.04,2,234.08,PayPal,47,Female,4,0
O100532,C1271,3/7/2023,Beauty,439.23,2,878.46,PayPal,58,Male,3,0
O100533,C1388,1/12/2023,Home,494.57,3,1483.71,Bank Transfer,33,Female,3,0
O100534,C1273,7/14/2023,Clothing,22.16,3,66.48,PayPal,28,Female,5,0
O100535,C1178,3/21/2023,Home,263.12,1,263.12,PayPal,37,Male,3,0
O100536,C1017,12/5/2023,Sports,370.1,1,370.1,UPI,26,Male,4,0
O100537,C1124,4/16/2023,Electronics,440.09,1,440.09,Credit Card,25,Male,4,0
O100538,C1229,11/3/2023,Beauty,161.89,4,647.56,Credit Card,63,Male,5,0
O100539,C1380,1/23/2023,Sports,446.8,1,446.8,Bank Transfer,39,Male,4,0
O100540,C1277,4/22/2023,Electronics,297.89,1,297.89,PayPal,21,Female,4,0
O100541,C1120,10/22/2023,Home,120.92,4,483.68,UPI,62,Female,5,0
O100542,C1122,6/4/2023,Clothing,139.43,3,418.29,UPI,58,Male,4,0
O100543,C1212,6/3/2023,Home,40.11,1,40.11,Credit Card,35,Male,4,0
O100544,C1321,12/14/2023,Sports,27.6,4,110.4,UPI,36,Female,3,1
O100545,C1025,6/26/2023,Beauty,169.02,1,169.02,Bank Transfer,52,Female,3,0
O100546,C1357,8/2/2023,Sports,143.94,4,575.76,PayPal,30,Female,4,0
O100547,C1193,4/5/2023,Books,29.5,4,118,Bank Transfer,60,Male,5,0
O100548,C1435,4/26/2023,Home,234.11,1,234.11,PayPal,59,Female,3,1
O100549,C1469,1/30/2023,Books,201.52,1,201.52,Bank Transfer,58,Female,5,0
O100550,C1286,9/29/2023,Clothing,440.53,3,1321.59,Bank Transfer,58,Male,1,0
O100551,C1131,4/15/2023,Home,27.2,3,81.6,Credit Card,30,Female,5,0
O100552,C1434,7/9/2023,Electronics,197.99,3,593.97,UPI,29,Male,5,0
O100553,C1027,5/18/2023,Sports,132.8,1,132.8,UPI,50,Male,5,1
O100554,C1448,2/7/2023,Clothing,411.49,4,1645.96,UPI,42,Male,4,0
O100555,C1246,4/17/2023,Home,132.52,3,397.56,Debit Card,64,Male,5,0
O100556,C1109,4/8/2023,Beauty,334.32,1,334.32,Credit Card,53,Female,4,0
O100557,C1469,5/5/2023,Beauty,212.38,4,849.52,UPI,50,Male,4,0
O100558,C1204,5/3/2023,Books,376.18,2,752.36,Debit Card,46,Female,4,0
O100559,C1195,8/27/2023,Books,298.86,2,597.72,Debit Card,31,Female,4,1
O100560,C1134,7/4/2023,Books,308.22,4,1232.88,Bank Transfer,20,Female,5,0
O100561,C1051,8/29/2023,Home,451.71,2,903.42,PayPal,20,Female,4,0
O100562,C1161,7/31/2023,Electronics,10.79,2,21.58,UPI,29,Male,3,0
O100563,C1380,3/16/2023,Electronics,290.71,2,581.42,Debit Card,54,Female,2,0
O100564,C1152,3/20/2023,Clothing,174.87,3,524.61,Debit Card,41,Male,4,0
O100565,C1195,10/19/2023,Clothing,347.78,2,695.56,Bank Transfer,53,Female,4,0
O100566,C1132,9/8/2023,Beauty,156.63,2,313.26,Bank Transfer,47,Female,4,0
O100567,C1087,6/30/2023,Clothing,412.1,4,1648.4,PayPal,61,Female,5,0
O100568,C1095,10/5/2023,Beauty,162.84,4,651.36,Credit Card,49,Male,4,0
O100569,C1430,2/8/2023,Beauty,354.27,1,354.27,Credit Card,41,Male,4,0
O100570,C1212,3/12/2023,Beauty,218.11,4,872.44,PayPal,54,Male,5,0
O100571,C1363,3/19/2023,Electronics,81.46,1,81.46,PayPal,27,Female,4,0
O100572,C1192,1/31/2023,Books,173.6,3,520.8,UPI,44,Female,4,0
O100573,C1338,9/7/2023,Electronics,340.17,1,340.17,Credit Card,25,Female,4,0
O100574,C1007,1/9/2023,Books,494.08,1,494.08,Debit Card,48,Female,4,0
O100575,C1009,9/15/2023,Beauty,245.37,4,981.48,Bank Transfer,41,Male,4,1
O100576,C1055,2/19/2023,Books,195.18,3,585.54,PayPal,63,Male,1,0
O100577,C1099,11/14/2023,Books,84.21,2,168.42,Debit Card,23,Female,5,0
O100578,C1137,7/23/2023,Electronics,148.18,1,148.18,Debit Card,54,Female,5,0
O100579,C1236,10/17/2023,Clothing,444.76,4,1779.04,PayPal,35,Female,5,1
O100580,C1351,2/11/2023,Beauty,147.76,3,443.28,Credit Card,34,Male,4,0
O100581,C1208,7/14/2023,Sports,273,1,273,UPI,58,Female,4,0
O100582,C1029,11/23/2023,Electronics,382.14,3,1146.42,PayPal,40,Male,4,0
O100583,C1256,8/11/2023,Beauty,133.37,3,400.11,Debit Card,38,Male,3,0
O100584,C1459,9/28/2023,Electronics,483.38,3,1450.14,PayPal,21,Male,3,0
O100585,C1462,12/21/2023,Books,73.9,3,221.7,Bank Transfer,30,Female,4,0
O100586,C1024,2/8/2023,Beauty,203.88,1,203.88,Debit Card,52,Male,5,0
O100587,C1092,6/11/2023,Electronics,286.84,2,573.68,PayPal,36,Male,3,0
O100588,C1386,12/31/2023,Sports,24.53,1,24.53,Credit Card,54,Female,4,0
O100589,C1084,10/16/2023,Clothing,482.19,1,482.19,UPI,51,Female,5,0
O100590,C1347,10/4/2023,Home,435.63,1,435.63,Bank Transfer,28,Male,4,0
O100591,C1405,12/19/2023,Beauty,341.97,1,341.97,Credit Card,63,Female,1,1
O100592,C1028,2/20/2023,Sports,474.81,2,949.62,PayPal,61,Male,4,0
O100593,C1175,11/6/2023,Books,296.42,2,592.84,UPI,53,Female,3,0
O100594,C1497,6/17/2023,Electronics,382.09,3,1146.27,Debit Card,44,Female,4,0
O100595,C1252,4/27/2023,Home,290.75,3,872.25,UPI,31,Female,4,0
O100596,C1222,4/6/2023,Beauty,303.05,3,909.15,UPI,21,Female,5,0
O100597,C1044,11/13/2023,Home,498.08,4,1992.32,PayPal,62,Male,4,0
O100598,C1043,5/18/2023,Clothing,447.08,3,1341.24,Bank Transfer,55,Male,3,0
O100599,C1379,7/19/2023,Home,485.91,1,485.91,Debit Card,48,Male,5,0
O100600,C1047,1/3/2023,Home,464.98,2,929.96,Bank Transfer,60,Female,5,0
O100601,C1390,5/19/2023,Electronics,318.11,1,318.11,PayPal,33,Male,5,0
O100602,C1096,8/9/2023,Sports,367.86,2,735.72,UPI,47,Female,1,1
O100603,C1053,1/14/2023,Electronics,340.03,1,340.03,Debit Card,57,Male,3,0
O100604,C1306,11/3/2023,Home,370.25,1,370.25,Bank Transfer,54,Male,5,0
O100605,C1150,7/31/2023,Sports,377.95,1,377.95,Credit Card,26,Male,5,0
O100606,C1293,9/24/2023,Clothing,308.73,4,1234.92,Bank Transfer,40,Male,4,0
O100607,C1072,5/18/2023,Home,206.73,2,413.46,Debit Card,48,Female,2,0
O100608,C1075,2/2/2023,Clothing,59.94,4,239.76,Bank Transfer,30,Female,5,0
O100609,C1216,6/3/2023,Sports,477.78,3,1433.34,Credit Card,55,Female,3,0
O100610,C1129,5/7/2023,Beauty,252.81,2,505.62,Bank Transfer,33,Male,4,0
O100611,C1235,2/24/2023,Clothing,356.5,4,1426,Debit Card,64,Male,3,0
O100612,C1486,7/22/2023,Home,203.65,3,610.95,UPI,31,Female,3,0
O100613,C1412,6/18/2023,Sports,15.9,3,47.7,Debit Card,56,Female,3,0
O100614,C1418,11/30/2023,Books,489.6,1,489.6,PayPal,36,Female,4,0
O100615,C1165,11/5/2023,Beauty,65.85,1,65.85,PayPal,40,Female,5,0
O100616,C1161,4/1/2023,Sports,411.61,2,823.22,Debit Card,37,Female,4,0
O100617,C1377,12/22/2023,Beauty,358.41,4,1433.64,Bank Transfer,41,Male,3,0
O100618,C1167,7/12/2023,Home,64.38,3,193.14,Bank Transfer,40,Female,5,0
O100619,C1059,10/16/2023,Clothing,83.52,2,167.04,UPI,35,Male,5,0
O100620,C1350,10/9/2023,Electronics,139.42,1,139.42,Bank Transfer,32,Male,2,0
O100621,C1225,5/30/2023,Beauty,392.59,2,785.18,Credit Card,49,Female,4,0
O100622,C1345,9/13/2023,Clothing,293.72,4,1174.88,Debit Card,58,Male,3,1
O100623,C1130,12/4/2023,Clothing,45.94,4,183.76,Bank Transfer,28,Female,5,0
O100624,C1038,8/18/2023,Books,284.67,2,569.34,Bank Transfer,61,Female,4,1
O100625,C1274,9/17/2023,Beauty,471.78,3,1415.34,Bank Transfer,23,Male,4,1
O100626,C1405,7/4/2023,Beauty,49.2,2,98.4,UPI,40,Male,4,0
O100627,C1056,5/8/2023,Beauty,318.19,4,1272.76,Debit Card,27,Male,2,0
O100628,C1332,11/10/2023,Electronics,438.38,1,438.38,UPI,50,Female,3,0
O100629,C1496,6/19/2023,Sports,339.67,1,339.67,Credit Card,47,Male,3,0
O100630,C1051,5/13/2023,Clothing,319,1,319,UPI,59,Male,2,0
O100631,C1229,7/11/2023,Sports,195.63,4,782.52,Bank Transfer,58,Male,4,0
O100632,C1177,1/13/2023,Sports,319.04,3,957.12,Credit Card,61,Female,1,0
O100633,C1213,2/13/2023,Electronics,97.08,1,97.08,PayPal,30,Female,4,0
O100634,C1160,6/25/2023,Sports,188.72,2,377.44,PayPal,28,Female,5,0
O100635,C1179,9/1/2023,Electronics,399.14,3,1197.42,Bank Transfer,62,Female,1,0
O100636,C1164,2/4/2023,Home,465.75,4,1863,Credit Card,35,Male,5,1
O100637,C1012,6/25/2023,Beauty,30.84,4,123.36,Credit Card,57,Male,4,0
O100638,C1477,5/5/2023,Books,47.24,3,141.72,PayPal,52,Male,4,0
O100639,C1170,10/14/2023,Sports,392.1,1,392.1,Bank Transfer,61,Male,2,0
O100640,C1409,7/27/2023,Beauty,124.73,2,249.46,PayPal,41,Male,5,0
O100641,C1328,12/3/2023,Sports,474.68,3,1424.04,Bank Transfer,42,Male,5,0
O100642,C1378,11/11/2023,Clothing,453.5,4,1814,Bank Transfer,41,Female,5,0
O100643,C1200,1/3/2023,Beauty,25.62,2,51.24,PayPal,55,Male,5,0
O100644,C1143,12/27/2023,Electronics,137.29,1,137.29,UPI,57,Male,2,0
O100645,C1410,10/2/2023,Clothing,289.8,2,579.6,Debit Card,64,Female,5,0
O100646,C1101,8/23/2023,Electronics,136.46,4,545.84,Debit Card,49,Female,3,0
O100647,C1271,11/24/2023,Home,261.39,4,1045.56,UPI,29,Female,1,0
O100648,C1313,7/20/2023,Books,325,3,975,Credit Card,53,Female,5,0
O100649,C1181,8/23/2023,Books,449.79,1,449.79,PayPal,40,Female,5,0
O100650,C1471,11/11/2023,Books,202.01,4,808.04,Credit Card,57,Male,2,0
O100651,C1161,3/2/2023,Clothing,127.07,4,508.28,Debit Card,30,Male,5,0
O100652,C1094,7/11/2023,Beauty,33.63,2,67.26,PayPal,57,Female,5,0
O100653,C1215,11/2/2023,Clothing,495.71,2,991.42,UPI,28,Female,5,0
O100654,C1217,4/6/2023,Sports,186.01,3,558.03,UPI,43,Male,3,0
O100655,C1285,3/27/2023,Sports,313.09,2,626.18,Debit Card,62,Male,3,1
O100656,C1096,6/11/2023,Sports,266,4,1064,UPI,64,Male,3,0
O100657,C1444,7/3/2023,Electronics,405.88,3,1217.64,Bank Transfer,55,Male,3,0
O100658,C1100,7/16/2023,Books,445.62,1,445.62,UPI,63,Female,2,0
O100659,C1210,12/17/2023,Sports,8.88,4,35.52,Bank Transfer,58,Female,4,0
O100660,C1251,3/27/2023,Electronics,479.18,3,1437.54,UPI,51,Male,3,0
O100661,C1408,4/23/2023,Home,341.41,1,341.41,Credit Card,23,Female,3,0
O100662,C1116,10/3/2023,Home,232.53,2,465.06,PayPal,63,Female,4,0
O100663,C1290,9/11/2023,Books,87.05,1,87.05,UPI,25,Male,3,0
O100664,C1294,2/28/2023,Home,422.61,4,1690.44,UPI,28,Female,5,0
O100665,C1278,1/22/2023,Beauty,124.78,2,249.56,Bank Transfer,58,Male,3,1
O100666,C1218,2/22/2023,Beauty,497.44,4,1989.76,PayPal,43,Female,4,0
O100667,C1448,1/17/2023,Sports,232.19,2,464.38,Debit Card,36,Female,3,0
O100668,C1442,2/14/2023,Sports,11.45,2,22.9,Credit Card,21,Male,5,0
O100669,C1108,10/29/2023,Beauty,180.75,1,180.75,Debit Card,60,Female,4,1
O100670,C1085,11/12/2023,Clothing,483.69,4,1934.76,PayPal,30,Male,5,0
O100671,C1413,1/31/2023,Books,158.45,2,316.9,Debit Card,18,Female,4,0
O100672,C1306,10/3/2023,Clothing,480.28,2,960.56,Debit Card,39,Female,5,0
O100673,C1149,10/21/2023,Home,418.53,4,1674.12,UPI,54,Male,4,0
O100674,C1070,7/30/2023,Electronics,403.35,1,403.35,Debit Card,41,Male,5,0
O100675,C1360,3/9/2023,Clothing,259.77,4,1039.08,PayPal,44,Female,3,0
O100676,C1425,5/7/2023,Beauty,204.37,4,817.48,Bank Transfer,30,Female,1,1
O100677,C1073,10/23/2023,Beauty,81.13,3,243.39,Debit Card,44,Female,5,0
O100678,C1193,8/20/2023,Electronics,258.8,3,776.4,Credit Card,20,Female,4,0
O100679,C1264,5/23/2023,Beauty,459.62,1,459.62,Debit Card,56,Female,4,0
O100680,C1487,9/7/2023,Home,394.84,4,1579.36,UPI,46,Male,4,0
O100681,C1445,2/17/2023,Beauty,330.03,2,660.06,Bank Transfer,18,Female,3,1
O100682,C1436,2/2/2023,Books,55.39,2,110.78,Bank Transfer,28,Male,5,0
O100683,C1496,8/8/2023,Clothing,478.38,2,956.76,Bank Transfer,51,Female,4,0
O100684,C1166,5/26/2023,Home,218.53,4,874.12,UPI,28,Male,4,0
O100685,C1290,9/6/2023,Home,166.54,3,499.62,Credit Card,36,Male,2,0
O100686,C1051,11/17/2023,Sports,452.36,2,904.72,Credit Card,57,Male,4,0
O100687,C1476,3/22/2023,Sports,412.46,4,1649.84,Bank Transfer,32,Male,4,0
O100688,C1491,8/8/2023,Clothing,131.38,4,525.52,PayPal,36,Female,4,0
O100689,C1082,5/21/2023,Electronics,319.84,3,959.52,Debit Card,21,Female,3,0
O100690,C1043,7/10/2023,Beauty,232.7,3,698.1,PayPal,41,Male,5,0
O100691,C1203,11/17/2023,Home,364.74,1,364.74,PayPal,41,Female,4,0
O100692,C1336,2/16/2023,Beauty,260.25,1,260.25,Credit Card,40,Male,1,0
O100693,C1110,9/2/2023,Electronics,465.85,3,1397.55,PayPal,58,Male,1,0
O100694,C1266,12/15/2023,Sports,263.64,1,263.64,Credit Card,27,Male,3,0
O100695,C1357,6/25/2023,Electronics,9.99,4,39.96,Bank Transfer,20,Male,5,0
O100696,C1245,2/6/2023,Clothing,99.6,4,398.4,Bank Transfer,55,Male,5,0
O100697,C1375,2/22/2023,Electronics,210.89,1,210.89,Debit Card,40,Female,4,0
O100698,C1452,6/3/2023,Clothing,409.92,4,1639.68,Bank Transfer,44,Male,3,0
O100699,C1329,12/13/2023,Clothing,171.8,3,515.4,Credit Card,53,Male,5,0
O100700,C1313,11/29/2023,Clothing,199.63,1,199.63,Bank Transfer,25,Female,4,0
O100701,C1370,4/20/2023,Beauty,274.53,2,549.06,PayPal,49,Female,3,0
O100702,C1316,12/18/2023,Sports,293.97,3,881.91,PayPal,49,Male,1,0
O100703,C1460,2/21/2023,Clothing,302.77,4,1211.08,Credit Card,64,Female,5,0
O100704,C1180,8/8/2023,Home,55.75,1,55.75,PayPal,42,Male,3,1
O100705,C1142,11/27/2023,Electronics,227.16,2,454.32,PayPal,57,Female,3,0
O100706,C1399,12/20/2023,Electronics,402.74,3,1208.22,Debit Card,40,Male,2,0
O100707,C1266,11/7/2023,Books,175.58,2,351.16,PayPal,58,Female,3,0
O100708,C1152,11/27/2023,Electronics,171.13,4,684.52,PayPal,20,Female,2,0
O100709,C1198,2/27/2023,Clothing,337.17,1,337.17,Bank Transfer,18,Male,3,0
O100710,C1271,1/7/2023,Home,255.8,4,1023.2,Debit Card,21,Male,4,0
O100711,C1199,10/19/2023,Sports,420.3,4,1681.2,Debit Card,31,Male,5,1
O100712,C1391,8/30/2023,Electronics,221.64,4,886.56,Credit Card,41,Male,5,0
O100713,C1008,5/15/2023,Clothing,275.48,1,275.48,Credit Card,57,Male,2,0
O100714,C1486,7/23/2023,Books,360.63,2,721.26,Debit Card,57,Female,3,0
O100715,C1217,12/26/2023,Sports,278.59,4,1114.36,Credit Card,33,Male,2,0
O100716,C1143,2/12/2023,Home,82.85,4,331.4,Credit Card,61,Male,3,0
O100717,C1499,3/21/2023,Books,337.99,1,337.99,Debit Card,25,Female,3,0
O100718,C1301,11/21/2023,Beauty,288.01,4,1152.04,Credit Card,36,Female,4,0
O100719,C1358,8/12/2023,Beauty,85.59,1,85.59,PayPal,29,Male,3,0
O100720,C1126,2/14/2023,Sports,179.71,1,179.71,Credit Card,23,Female,3,0
O100721,C1314,11/8/2023,Electronics,205.24,2,410.48,Debit Card,50,Male,3,0
O100722,C1062,1/7/2023,Beauty,344.29,1,344.29,PayPal,19,Male,3,0
O100723,C1084,9/12/2023,Home,491.11,4,1964.44,UPI,24,Female,4,0
O100724,C1086,7/10/2023,Clothing,212.08,2,424.16,Debit Card,46,Male,2,0
O100725,C1395,1/16/2023,Home,141.78,2,283.56,Bank Transfer,58,Female,5,0
O100726,C1269,2/2/2023,Home,261.76,1,261.76,UPI,19,Male,5,0
O100727,C1255,8/22/2023,Books,204.78,1,204.78,Debit Card,35,Male,5,0
O100728,C1256,10/18/2023,Clothing,176.53,4,706.12,Debit Card,24,Male,3,0
O100729,C1131,2/22/2023,Books,244.1,4,976.4,Credit Card,19,Male,3,0
O100730,C1380,9/18/2023,Electronics,484.43,3,1453.29,Credit Card,56,Male,3,1
O100731,C1126,1/24/2023,Sports,38.83,1,38.83,Debit Card,37,Female,4,0
O100732,C1472,3/18/2023,Clothing,326.01,2,652.02,Credit Card,51,Female,5,0
O100733,C1115,6/14/2023,Clothing,284.01,1,284.01,Bank Transfer,50,Female,4,0
O100734,C1139,2/9/2023,Books,265.25,3,795.75,Debit Card,19,Male,5,1
O100735,C1258,12/11/2023,Electronics,57.42,2,114.84,PayPal,32,Male,3,1
O100736,C1412,9/22/2023,Electronics,8.31,4,33.24,Bank Transfer,39,Male,4,0
O100737,C1450,8/27/2023,Home,29.99,1,29.99,Debit Card,62,Female,4,0
O100738,C1045,10/11/2023,Sports,227.88,1,227.88,Credit Card,27,Female,4,0
O100739,C1103,5/30/2023,Books,98.33,4,393.32,Debit Card,23,Male,5,0
O100740,C1238,7/8/2023,Books,9.12,2,18.24,Bank Transfer,52,Male,5,0
O100741,C1376,10/7/2023,Clothing,404.56,3,1213.68,PayPal,32,Male,5,0
O100742,C1478,7/29/2023,Electronics,222,3,666,PayPal,45,Female,4,0
O100743,C1326,12/22/2023,Electronics,124.8,4,499.2,Debit Card,62,Male,2,0
O100744,C1389,12/3/2023,Sports,439.35,4,1757.4,Debit Card,64,Male,1,0
O100745,C1106,9/29/2023,Clothing,12.83,3,38.49,Bank Transfer,51,Female,2,0
O100746,C1493,1/31/2023,Clothing,367.7,2,735.4,Debit Card,50,Male,4,0
O100747,C1023,4/29/2023,Books,475.99,2,951.98,Bank Transfer,35,Female,5,0
O100748,C1235,2/13/2023,Books,466.69,1,466.69,Credit Card,63,Male,4,0
O100749,C1327,7/21/2023,Electronics,130.41,3,391.23,UPI,63,Male,3,0
O100750,C1223,12/6/2023,Clothing,216.61,1,216.61,PayPal,23,Female,5,0
O100751,C1134,6/11/2023,Sports,433.27,1,433.27,Debit Card,54,Female,4,0
O100752,C1232,5/20/2023,Clothing,229.9,1,229.9,Credit Card,60,Male,4,0
O100753,C1070,10/27/2023,Electronics,252.22,2,504.44,PayPal,60,Male,5,0
O100754,C1085,8/19/2023,Sports,413.25,2,826.5,Debit Card,28,Female,4,0
O100755,C1062,10/2/2023,Home,297.17,3,891.51,PayPal,60,Female,4,1
O100756,C1158,8/26/2023,Home,57.17,3,171.51,Credit Card,20,Male,4,0
O100757,C1081,12/18/2023,Home,133.82,2,267.64,UPI,38,Male,3,0
O100758,C1111,6/17/2023,Clothing,96.9,1,96.9,Credit Card,24,Male,5,0
O100759,C1496,7/2/2023,Sports,225.87,4,903.48,UPI,22,Male,1,1
O100760,C1347,6/3/2023,Home,224.44,2,448.88,PayPal,40,Male,3,0
O100761,C1488,7/27/2023,Sports,42.93,4,171.72,UPI,42,Male,5,0
O100762,C1049,8/25/2023,Electronics,405.62,1,405.62,PayPal,53,Male,4,0
O100763,C1007,2/1/2023,Clothing,139.39,4,557.56,PayPal,50,Male,3,1
O100764,C1422,7/25/2023,Home,43.43,1,43.43,Credit Card,52,Female,3,0
O100765,C1470,2/8/2023,Electronics,398.27,3,1194.81,Credit Card,34,Male,3,0
O100766,C1463,11/27/2023,Sports,210.19,3,630.57,PayPal,39,Male,3,0
O100767,C1464,6/19/2023,Electronics,208.49,4,833.96,Credit Card,63,Female,4,0
O100768,C1026,3/28/2023,Books,217.66,3,652.98,Bank Transfer,57,Female,5,0
O100769,C1255,1/16/2023,Sports,395.77,2,791.54,Bank Transfer,39,Male,4,0
O100770,C1182,4/20/2023,Clothing,210.03,4,840.12,Debit Card,59,Female,5,0
O100771,C1229,3/18/2023,Electronics,319.15,3,957.45,UPI,53,Male,2,0
O100772,C1332,6/1/2023,Sports,158.95,3,476.85,Bank Transfer,64,Female,4,0
O100773,C1032,2/14/2023,Home,113.68,4,454.72,Bank Transfer,41,Male,4,0
O100774,C1215,4/13/2023,Beauty,210.81,2,421.62,UPI,50,Male,4,0
O100775,C1323,10/6/2023,Electronics,352.56,1,352.56,Bank Transfer,46,Female,4,0
O100776,C1246,10/6/2023,Sports,435.91,2,871.82,Debit Card,46,Female,4,0
O100777,C1199,5/19/2023,Clothing,304.79,4,1219.16,Credit Card,46,Female,4,1
O100778,C1306,4/23/2023,Electronics,258.58,1,258.58,Debit Card,22,Male,5,0
O100779,C1415,8/30/2023,Books,387.63,3,1162.89,Debit Card,18,Male,1,0
O100780,C1499,3/23/2023,Electronics,39.18,1,39.18,PayPal,20,Male,4,0
O100781,C1137,10/1/2023,Beauty,345.87,4,1383.48,Credit Card,33,Male,1,0
O100782,C1295,7/18/2023,Home,270.15,1,270.15,PayPal,46,Male,5,0
O100783,C1122,10/31/2023,Home,245.12,3,735.36,Debit Card,58,Male,4,0
O100784,C1361,12/25/2023,Home,411.2,1,411.2,UPI,62,Male,4,0
O100785,C1289,4/7/2023,Sports,207.82,1,207.82,UPI,57,Female,1,0
O100786,C1090,9/9/2023,Electronics,107.94,4,431.76,Credit Card,39,Male,4,0
O100787,C1120,11/5/2023,Clothing,372.83,3,1118.49,Credit Card,45,Female,4,1
O100788,C1001,6/19/2023,Books,227.99,1,227.99,PayPal,62,Male,5,0
O100789,C1175,4/1/2023,Home,471.56,2,943.12,Credit Card,46,Male,4,0
O100790,C1076,10/28/2023,Beauty,365.97,4,1463.88,PayPal,21,Male,4,0
O100791,C1434,9/27/2023,Home,330.08,3,990.24,Credit Card,49,Female,1,0
O100792,C1361,12/6/2023,Sports,332.53,1,332.53,UPI,26,Male,1,0
O100793,C1173,6/4/2023,Home,387.54,3,1162.62,PayPal,42,Male,4,0
O100794,C1375,8/12/2023,Beauty,276.28,4,1105.12,Bank Transfer,62,Female,4,0
O100795,C1090,12/29/2023,Books,380.46,3,1141.38,UPI,54,Female,3,0
O100796,C1115,12/7/2023,Books,196.38,4,785.52,PayPal,26,Female,3,0
O100797,C1158,12/19/2023,Home,83.55,4,334.2,PayPal,40,Male,4,0
O100798,C1374,1/1/2023,Beauty,388.28,2,776.56,UPI,54,Female,4,0
O100799,C1436,10/18/2023,Electronics,156.92,1,156.92,PayPal,30,Female,5,0
O100800,C1472,11/10/2023,Clothing,296.31,1,296.31,UPI,57,Male,4,0
O100801,C1480,9/12/2023,Clothing,434.98,2,869.96,Debit Card,61,Male,5,0
O100802,C1122,6/27/2023,Home,294.41,2,588.82,PayPal,29,Male,4,0
O100803,C1421,12/29/2023,Beauty,479.46,1,479.46,Debit Card,55,Female,4,0
O100804,C1006,5/16/2023,Clothing,375.38,1,375.38,PayPal,18,Male,4,0
O100805,C1180,5/12/2023,Electronics,234.24,2,468.48,Credit Card,30,Male,4,0
O100806,C1198,8/13/2023,Beauty,36.25,1,36.25,Bank Transfer,32,Male,5,0
O100807,C1453,7/31/2023,Sports,491.74,4,1966.96,Bank Transfer,37,Female,5,0
O100808,C1280,7/12/2023,Electronics,79.55,4,318.2,Bank Transfer,18,Male,4,0
O100809,C1084,8/20/2023,Electronics,210.54,4,842.16,Credit Card,52,Female,5,0
O100810,C1011,6/13/2023,Home,429.77,4,1719.08,Credit Card,23,Male,4,0
O100811,C1176,3/29/2023,Sports,259.53,3,778.59,PayPal,46,Male,4,0
O100812,C1281,2/17/2023,Home,51.69,4,206.76,UPI,28,Female,5,0
O100813,C1361,1/16/2023,Sports,483.8,3,1451.4,PayPal,37,Female,5,1
O100814,C1081,1/28/2023,Electronics,401.67,1,401.67,Debit Card,27,Male,1,0
O100815,C1499,4/8/2023,Sports,287.73,4,1150.92,UPI,30,Female,2,0
O100816,C1339,5/25/2023,Home,183.41,3,550.23,PayPal,28,Male,1,0
O100817,C1026,7/21/2023,Books,159.54,2,319.08,UPI,55,Female,1,1
O100818,C1079,1/28/2023,Home,354.55,4,1418.2,Credit Card,49,Female,2,0
O100819,C1045,5/31/2023,Beauty,7.65,3,22.95,UPI,33,Female,4,0
O100820,C1103,2/19/2023,Electronics,198.34,4,793.36,PayPal,46,Male,5,0
O100821,C1327,5/30/2023,Electronics,355.16,3,1065.48,Bank Transfer,42,Male,3,0
O100822,C1158,7/23/2023,Sports,464.45,2,928.9,Bank Transfer,51,Female,3,0
O100823,C1047,11/25/2023,Books,109.76,3,329.28,Bank Transfer,38,Male,5,0
O100824,C1190,7/15/2023,Home,403.18,4,1612.72,PayPal,55,Female,4,0
O100825,C1023,5/15/2023,Sports,230.11,2,460.22,Bank Transfer,44,Female,4,0
O100826,C1116,5/18/2023,Books,471.14,1,471.14,Credit Card,61,Male,4,0
O100827,C1386,12/23/2023,Beauty,350.08,1,350.08,Credit Card,27,Male,4,0
O100828,C1343,6/26/2023,Books,406.08,1,406.08,Bank Transfer,32,Male,3,0
O100829,C1284,2/1/2023,Sports,291.96,1,291.96,UPI,46,Female,5,0
O100830,C1495,10/2/2023,Beauty,344.27,1,344.27,Bank Transfer,60,Male,4,0
O100831,C1244,6/3/2023,Electronics,344.42,2,688.84,Bank Transfer,20,Male,4,1
O100832,C1258,10/20/2023,Books,441.4,2,882.8,UPI,54,Male,5,0
O100833,C1062,8/18/2023,Clothing,43.89,3,131.67,PayPal,25,Male,2,0
O100834,C1414,4/9/2023,Clothing,352.81,1,352.81,Credit Card,57,Female,3,1
O100835,C1041,12/16/2023,Sports,310.08,3,930.24,PayPal,33,Male,4,0
O100836,C1428,11/1/2023,Home,253.28,3,759.84,Debit Card,64,Male,4,0
O100837,C1045,7/18/2023,Books,401.04,4,1604.16,Bank Transfer,26,Female,5,0
O100838,C1439,5/22/2023,Books,449.2,3,1347.6,Bank Transfer,48,Male,5,0
O100839,C1403,12/25/2023,Books,424.46,2,848.92,UPI,63,Female,3,0
O100840,C1058,8/1/2023,Clothing,487.79,1,487.79,PayPal,34,Male,5,1
O100841,C1474,2/24/2023,Books,47.13,3,141.39,Credit Card,51,Female,2,0
O100842,C1445,10/2/2023,Home,118.54,4,474.16,Bank Transfer,55,Female,5,0
O100843,C1197,12/2/2023,Sports,222.04,4,888.16,UPI,20,Female,5,0
O100844,C1020,3/30/2023,Home,61.64,4,246.56,Bank Transfer,40,Male,5,0
O100845,C1317,11/8/2023,Beauty,153.19,2,306.38,Bank Transfer,27,Male,3,0
O100846,C1203,6/19/2023,Beauty,338.63,4,1354.52,PayPal,53,Male,3,0
O100847,C1382,9/1/2023,Home,77.73,4,310.92,Debit Card,55,Male,5,0
O100848,C1173,6/5/2023,Home,45.95,2,91.9,Debit Card,48,Female,3,0
O100849,C1440,12/23/2023,Beauty,402.88,1,402.88,Credit Card,55,Male,5,0
O100850,C1069,6/3/2023,Beauty,159.29,4,637.16,Bank Transfer,40,Female,2,0
O100851,C1138,8/2/2023,Books,156.7,1,156.7,Credit Card,59,Male,3,0
O100852,C1227,4/19/2023,Sports,99.41,1,99.41,Bank Transfer,35,Female,4,0
O100853,C1421,1/29/2023,Books,431.79,3,1295.37,PayPal,32,Male,4,0
O100854,C1160,12/30/2023,Books,494.78,1,494.78,Bank Transfer,57,Male,4,0
O100855,C1400,9/26/2023,Books,247.25,4,989,Credit Card,26,Male,4,0
O100856,C1099,4/13/2023,Electronics,419.92,3,1259.76,PayPal,52,Male,5,0
O100857,C1234,1/26/2023,Home,350.77,3,1052.31,PayPal,42,Female,4,1
O100858,C1189,8/26/2023,Books,445.49,1,445.49,Bank Transfer,54,Male,4,0
O100859,C1349,1/16/2023,Clothing,258.88,2,517.76,Debit Card,48,Female,4,1
O100860,C1305,8/17/2023,Clothing,466.5,1,466.5,Bank Transfer,49,Female,3,0
O100861,C1177,3/25/2023,Home,428.08,1,428.08,Credit Card,47,Female,5,0
O100862,C1015,7/17/2023,Electronics,206.25,4,825,PayPal,39,Male,4,0
O100863,C1439,4/24/2023,Beauty,281.59,2,563.18,PayPal,23,Male,4,0
O100864,C1138,11/30/2023,Sports,186.86,3,560.58,UPI,29,Male,4,0
O100865,C1443,12/16/2023,Electronics,398.98,2,797.96,Bank Transfer,42,Male,1,0
O100866,C1332,3/30/2023,Books,262.44,4,1049.76,Credit Card,56,Male,4,0
O100867,C1130,11/8/2023,Home,313.62,2,627.24,Debit Card,37,Female,4,0
O100868,C1459,7/12/2023,Home,136.36,1,136.36,Bank Transfer,32,Female,3,0
O100869,C1112,8/27/2023,Home,122.36,3,367.08,UPI,62,Female,5,0
O100870,C1300,2/22/2023,Electronics,462.64,3,1387.92,UPI,30,Female,4,0
O100871,C1288,11/28/2023,Books,381.48,4,1525.92,UPI,19,Female,5,0
O100872,C1153,12/17/2023,Electronics,353.52,1,353.52,Bank Transfer,49,Male,4,0
O100873,C1173,5/22/2023,Beauty,240.47,3,721.41,Debit Card,38,Female,5,0
O100874,C1134,12/2/2023,Beauty,325.07,3,975.21,Debit Card,32,Male,5,0
O100875,C1077,9/22/2023,Clothing,253.13,3,759.39,Credit Card,47,Female,4,0
O100876,C1339,6/13/2023,Beauty,420.39,1,420.39,PayPal,61,Male,1,0
O100877,C1336,9/12/2023,Home,122.55,3,367.65,Debit Card,29,Female,5,0
O100878,C1208,7/18/2023,Beauty,306.12,4,1224.48,Credit Card,44,Male,3,0
O100879,C1176,1/1/2024,Clothing,401.72,2,803.44,UPI,28,Female,4,0
O100880,C1465,12/10/2023,Home,109.34,2,218.68,UPI,46,Female,5,0
O100881,C1433,3/29/2023,Beauty,464.04,2,928.08,UPI,55,Male,1,0
O100882,C1151,2/19/2023,Sports,264.74,1,264.74,PayPal,52,Female,4,0
O100883,C1372,10/14/2023,Clothing,169.44,2,338.88,Debit Card,57,Male,5,0
O100884,C1114,7/1/2023,Clothing,307.67,3,923.01,Debit Card,55,Female,3,0
O100885,C1404,6/19/2023,Home,301.82,4,1207.28,Debit Card,21,Female,4,1
O100886,C1238,3/2/2023,Sports,173.19,1,173.19,Credit Card,49,Male,4,0
O100887,C1242,4/10/2023,Books,220.64,3,661.92,Credit Card,52,Female,2,0
O100888,C1272,6/2/2023,Sports,425.52,2,851.04,Credit Card,35,Male,5,0
O100889,C1071,4/13/2023,Home,492.5,4,1970,Bank Transfer,33,Female,4,0
O100890,C1074,6/11/2023,Beauty,86.62,3,259.86,PayPal,33,Male,5,0
O100891,C1250,6/20/2023,Beauty,174.01,1,174.01,PayPal,42,Female,5,0
O100892,C1325,1/30/2023,Electronics,7.49,2,14.98,Bank Transfer,59,Female,5,0
O100893,C1108,3/28/2023,Books,140.16,3,420.48,PayPal,20,Female,3,0
O100894,C1403,2/15/2023,Clothing,471.06,1,471.06,UPI,32,Female,4,0
O100895,C1325,8/8/2023,Sports,128.48,3,385.44,Bank Transfer,51,Female,5,0
O100896,C1197,1/3/2023,Electronics,379.94,4,1519.76,UPI,40,Male,3,0
O100897,C1375,7/11/2023,Electronics,222.83,2,445.66,Debit Card,47,Male,5,0
O100898,C1010,12/13/2023,Electronics,432.25,4,1729,PayPal,39,Male,3,0
O100899,C1356,6/26/2023,Home,62.88,1,62.88,PayPal,32,Male,5,0
O100900,C1197,9/15/2023,Books,368.27,1,368.27,Debit Card,38,Male,4,0
O100901,C1034,1/24/2023,Home,180.79,3,542.37,Debit Card,61,Female,5,0
O100902,C1373,9/24/2023,Books,466.12,4,1864.48,UPI,52,Female,4,0
O100903,C1223,12/18/2023,Clothing,449.7,2,899.4,Debit Card,27,Female,3,0
O100904,C1184,4/7/2023,Clothing,414.14,1,414.14,Bank Transfer,22,Male,2,0
O100905,C1117,4/25/2023,Beauty,183.96,3,551.88,PayPal,62,Male,4,0
O100906,C1376,1/12/2023,Books,448.37,2,896.74,UPI,18,Male,4,0
O100907,C1064,7/7/2023,Beauty,432.42,4,1729.68,Credit Card,29,Female,5,0
O100908,C1449,11/24/2023,Home,375.34,4,1501.36,UPI,45,Male,5,0
O100909,C1305,1/25/2023,Beauty,485.01,1,485.01,Credit Card,64,Male,2,0
O100910,C1025,12/20/2023,Electronics,18.49,1,18.49,Bank Transfer,39,Female,3,0
O100911,C1195,3/5/2023,Books,130.16,3,390.48,Debit Card,59,Female,4,0
O100912,C1360,3/20/2023,Clothing,411.24,2,822.48,Credit Card,52,Female,4,0
O100913,C1216,12/5/2023,Electronics,403.83,1,403.83,UPI,43,Female,3,0
O100914,C1319,11/7/2023,Beauty,182.38,1,182.38,PayPal,23,Female,4,0
O100915,C1426,2/23/2023,Books,74.1,3,222.3,UPI,44,Male,5,0
O100916,C1145,2/28/2023,Electronics,106.1,4,424.4,Bank Transfer,23,Male,4,0
O100917,C1312,4/13/2023,Home,213.28,2,426.56,UPI,43,Male,5,0
O100918,C1184,12/27/2023,Sports,128.64,3,385.92,Debit Card,35,Male,3,1
O100919,C1021,10/8/2023,Sports,423.21,3,1269.63,PayPal,61,Female,2,0
O100920,C1170,5/1/2023,Electronics,469.55,4,1878.2,Credit Card,52,Male,2,0
O100921,C1465,2/26/2023,Books,277.58,4,1110.32,Bank Transfer,61,Male,5,0
O100922,C1487,2/16/2023,Books,189.86,3,569.58,Credit Card,18,Male,4,0
O100923,C1464,5/12/2023,Beauty,268.17,4,1072.68,PayPal,31,Female,3,0
O100924,C1152,5/16/2023,Sports,147.56,4,590.24,Credit Card,33,Male,5,0
O100925,C1417,3/31/2023,Electronics,212.5,4,850,Debit Card,49,Female,5,0
O100926,C1411,12/13/2023,Home,119.53,4,478.12,Bank Transfer,32,Male,5,1
O100927,C1049,1/24/2023,Electronics,114.12,4,456.48,PayPal,24,Male,5,1
O100928,C1169,7/3/2023,Sports,319.53,1,319.53,UPI,33,Female,4,0
O100929,C1450,2/17/2023,Home,267.99,1,267.99,Debit Card,46,Male,4,0
O100930,C1059,7/25/2023,Sports,447.33,3,1341.99,Bank Transfer,22,Female,1,1
O100931,C1428,7/17/2023,Beauty,122.39,4,489.56,Bank Transfer,21,Female,5,0
O100932,C1333,3/27/2023,Electronics,219.72,3,659.16,PayPal,57,Male,4,0
O100933,C1483,3/23/2023,Electronics,451.28,2,902.56,Bank Transfer,20,Female,5,0
O100934,C1411,10/19/2023,Beauty,349.86,3,1049.58,Bank Transfer,21,Male,3,0
O100935,C1313,7/14/2023,Home,429.31,4,1717.24,UPI,23,Male,4,0
O100936,C1442,12/17/2023,Beauty,194.21,3,582.63,PayPal,28,Female,4,0
O100937,C1472,9/7/2023,Electronics,498.82,4,1995.28,Bank Transfer,40,Female,4,0
O100938,C1024,2/2/2023,Home,155.72,1,155.72,Debit Card,40,Male,2,0
O100939,C1361,12/14/2023,Books,212.83,4,851.32,UPI,40,Male,4,0
O100940,C1490,12/9/2023,Home,89.61,4,358.44,UPI,64,Male,5,0
O100941,C1222,12/5/2023,Beauty,46.64,2,93.28,PayPal,47,Female,2,0
O100942,C1178,12/6/2023,Beauty,332.55,4,1330.2,Bank Transfer,51,Male,2,0
O100943,C1430,10/13/2023,Books,415.92,2,831.84,Credit Card,62,Male,3,0
O100944,C1330,3/22/2023,Books,143.55,2,287.1,Bank Transfer,29,Female,1,1
O100945,C1446,3/26/2023,Electronics,110.78,4,443.12,Bank Transfer,35,Female,5,0
O100946,C1124,6/19/2023,Home,473.64,1,473.64,Credit Card,61,Male,3,0
O100947,C1282,11/26/2023,Sports,350.37,4,1401.48,Bank Transfer,30,Male,4,0
O100948,C1041,8/24/2023,Sports,35.63,3,106.89,UPI,44,Female,4,0
O100949,C1046,9/13/2023,Sports,70.32,3,210.96,Debit Card,63,Male,3,0
O100950,C1255,12/1/2023,Electronics,208.2,3,624.6,Credit Card,34,Female,3,0
O100951,C1212,1/19/2023,Books,133.4,4,533.6,UPI,22,Male,2,0
O100952,C1423,2/16/2023,Books,30.03,3,90.09,UPI,29,Female,3,0
O100953,C1456,9/18/2023,Books,169.34,3,508.02,PayPal,62,Female,5,0
O100954,C1487,6/24/2023,Home,365.13,3,1095.39,Credit Card,53,Male,4,0
O100955,C1433,8/21/2023,Home,112.04,1,112.04,UPI,54,Female,5,0
O100956,C1367,12/3/2023,Home,78.88,2,157.76,Bank Transfer,53,Male,4,0
O100957,C1050,12/4/2023,Clothing,89.79,2,179.58,Credit Card,53,Female,4,0
O100958,C1182,11/21/2023,Home,402.41,3,1207.23,UPI,46,Female,3,0
O100959,C1360,2/24/2023,Electronics,159.4,1,159.4,PayPal,56,Female,2,0
O100960,C1072,7/29/2023,Electronics,438.18,3,1314.54,Debit Card,37,Male,4,0
O100961,C1097,3/3/2023,Sports,201.51,4,806.04,PayPal,40,Female,5,0
O100962,C1423,4/8/2023,Beauty,337.28,1,337.28,Debit Card,61,Male,2,1
O100963,C1388,8/1/2023,Electronics,82.32,3,246.96,UPI,21,Male,5,0
O100964,C1396,8/19/2023,Sports,331.41,1,331.41,UPI,38,Male,5,0
O100965,C1494,9/13/2023,Electronics,236.5,2,473,UPI,27,Male,4,0
O100966,C1284,8/10/2023,Books,284.29,4,1137.16,Bank Transfer,33,Male,3,1
O100967,C1355,10/24/2023,Clothing,346.1,1,346.1,PayPal,28,Male,4,0
O100968,C1199,12/3/2023,Books,13.02,2,26.04,UPI,29,Female,1,0
O100969,C1259,7/16/2023,Sports,496.02,1,496.02,UPI,64,Male,3,0
O100970,C1141,7/23/2023,Home,130.25,4,521,Debit Card,21,Female,2,0
O100971,C1413,3/10/2023,Clothing,489.68,3,1469.04,Bank Transfer,28,Female,5,0
O100972,C1432,12/26/2023,Books,339.86,1,339.86,Debit Card,19,Male,5,0
O100973,C1103,4/18/2023,Books,5.67,4,22.68,Debit Card,55,Female,2,0
O100974,C1472,12/11/2023,Clothing,234.71,2,469.42,PayPal,57,Female,3,0
O100975,C1364,3/1/2023,Home,327.86,3,983.58,UPI,54,Female,4,0
O100976,C1299,10/20/2023,Beauty,65.39,2,130.78,Bank Transfer,60,Female,2,1
O100977,C1450,8/5/2023,Electronics,95.81,1,95.81,UPI,19,Male,4,0
O100978,C1013,7/15/2023,Clothing,18.78,2,37.56,Credit Card,49,Male,5,0
O100979,C1103,5/17/2023,Clothing,243.94,2,487.88,Debit Card,18,Female,4,0
O100980,C1075,2/1/2023,Beauty,248.84,2,497.68,Debit Card,48,Male,5,0
O100981,C1386,10/5/2023,Electronics,403.96,1,403.96,Debit Card,45,Female,3,0
O100982,C1053,11/12/2023,Beauty,184.56,2,369.12,UPI,31,Male,5,0
O100983,C1381,11/28/2023,Books,401.1,2,802.2,Bank Transfer,29,Male,3,0
O100984,C1262,12/23/2023,Home,495.77,2,991.54,Credit Card,31,Female,5,1
O100985,C1199,8/2/2023,Beauty,304.71,4,1218.84,Debit Card,50,Male,5,0
O100986,C1007,5/9/2023,Clothing,292.69,3,878.07,UPI,49,Female,5,0
O100987,C1425,4/26/2023,Beauty,462.52,1,462.52,Debit Card,57,Male,2,0
O100988,C1398,4/10/2023,Home,26.02,4,104.08,Bank Transfer,33,Male,5,0
O100989,C1350,2/8/2023,Clothing,68.05,2,136.1,PayPal,49,Male,5,1
O100990,C1194,1/21/2023,Sports,233.03,4,932.12,Debit Card,51,Female,3,0
O100991,C1067,3/24/2023,Books,324.23,4,1296.92,Debit Card,31,Male,2,0
O100992,C1170,8/27/2023,Beauty,357.51,1,357.51,PayPal,45,Male,3,0
O100993,C1079,6/15/2023,Books,272.45,4,1089.8,Credit Card,30,Female,5,0
O100994,C1252,10/21/2023,Books,259.66,2,519.32,Debit Card,42,Male,4,0
O100995,C1402,12/29/2023,Home,494.47,3,1483.41,UPI,42,Male,4,0
O100996,C1490,4/5/2023,Books,73.32,4,293.28,Credit Card,28,Male,5,1
O100997,C1213,10/6/2023,Books,205.34,2,410.68,Bank Transfer,43,Male,2,0
O100998,C1179,4/24/2023,Clothing,234.59,3,703.77,Debit Card,64,Female,3,0
O100999,C1185,5/31/2023,Clothing,430.48,4,1721.92,UPI,46,Female,4,0
O101000,C1288,11/29/2023,Electronics,370.56,1,370.56,Credit Card,44,Female,2,0
O101001,C1229,5/4/2023,Beauty,132.09,3,396.27,UPI,21,Male,4,1
O101002,C1491,1/21/2023,Beauty,50.79,3,152.37,Debit Card,30,Female,4,0
O101003,C1469,2/28/2023,Sports,157.23,3,471.69,Debit Card,62,Female,5,0
O101004,C1013,9/22/2023,Home,67.15,2,134.3,UPI,43,Female,2,0
O101005,C1250,1/23/2023,Home,294.85,4,1179.4,PayPal,26,Female,2,0
O101006,C1264,2/12/2023,Electronics,57.21,4,228.84,PayPal,32,Male,4,0
O101007,C1321,2/3/2023,Clothing,320.7,3,962.1,PayPal,28,Female,1,0
O101008,C1428,2/23/2023,Clothing,346.21,2,692.42,UPI,55,Female,4,0
O101009,C1332,2/6/2023,Beauty,488.63,4,1954.52,PayPal,64,Male,4,0
O101010,C1236,6/19/2023,Electronics,235.76,1,235.76,Credit Card,29,Male,5,0
O101011,C1028,4/2/2023,Home,182.52,1,182.52,UPI,54,Male,1,0
O101012,C1295,4/27/2023,Home,33.16,1,33.16,Bank Transfer,21,Female,4,0
O101013,C1231,11/19/2023,Sports,229.82,3,689.46,Bank Transfer,45,Female,5,0
O101014,C1009,7/19/2023,Beauty,64.62,4,258.48,Credit Card,60,Male,5,0
O101015,C1329,11/13/2023,Electronics,35.71,3,107.13,UPI,50,Male,4,0
O101016,C1359,2/7/2023,Home,330.76,1,330.76,UPI,20,Male,4,0
O101017,C1149,12/18/2023,Home,203.35,3,610.05,UPI,63,Male,5,0
O101018,C1145,8/13/2023,Sports,196.7,3,590.1,Bank Transfer,55,Male,4,0
O101019,C1243,3/22/2023,Books,366.59,1,366.59,PayPal,35,Male,3,0
O101020,C1383,7/20/2023,Books,134.92,4,539.68,Debit Card,55,Male,5,0
O101021,C1153,12/13/2023,Beauty,85.46,4,341.84,Debit Card,51,Male,1,0
O101022,C1284,10/12/2023,Clothing,350.61,4,1402.44,Credit Card,18,Male,1,0
O101023,C1003,10/21/2023,Books,53.8,4,215.2,Bank Transfer,41,Male,5,0
O101024,C1157,4/18/2023,Beauty,44.24,3,132.72,Debit Card,49,Male,5,0
O101025,C1212,11/27/2023,Books,151.68,4,606.72,PayPal,52,Male,3,0
O101026,C1095,4/24/2023,Books,299.86,1,299.86,Debit Card,56,Male,5,0
O101027,C1059,4/3/2023,Beauty,295.38,4,1181.52,UPI,47,Male,2,0
O101028,C1436,10/9/2023,Sports,316.9,2,633.8,UPI,53,Male,5,0
O101029,C1149,12/10/2023,Electronics,470.74,1,470.74,Debit Card,43,Male,5,0
O101030,C1102,10/25/2023,Sports,362.42,4,1449.68,Debit Card,41,Female,4,0
O101031,C1066,12/10/2023,Beauty,292.42,1,292.42,PayPal,47,Male,4,0
O101032,C1146,11/14/2023,Electronics,405.79,2,811.58,PayPal,47,Female,1,1
O101033,C1249,8/19/2023,Home,47.64,3,142.92,UPI,46,Female,3,0
O101034,C1356,10/27/2023,Clothing,222.73,4,890.92,UPI,56,Female,4,0
O101035,C1414,6/11/2023,Sports,301.73,3,905.19,PayPal,35,Male,4,0
O101036,C1161,5/7/2023,Clothing,224.08,3,672.24,Bank Transfer,48,Female,5,0
O101037,C1431,7/4/2023,Clothing,296.06,1,296.06,Debit Card,51,Female,5,0
O101038,C1237,8/17/2023,Home,413.84,2,827.68,Debit Card,59,Female,5,0
O101039,C1283,2/25/2023,Clothing,210,4,840,UPI,48,Male,4,0
O101040,C1431,5/24/2023,Clothing,114.14,3,342.42,UPI,26,Male,1,0
O101041,C1135,11/17/2023,Electronics,413.3,1,413.3,Credit Card,59,Male,3,0
O101042,C1435,9/17/2023,Beauty,273.78,2,547.56,Credit Card,32,Female,4,0
O101043,C1394,10/30/2023,Clothing,75.77,2,151.54,Credit Card,45,Female,3,0
O101044,C1279,10/4/2023,Sports,195.63,2,391.26,PayPal,30,Female,5,0
O101045,C1201,4/25/2023,Books,138.96,2,277.92,Debit Card,37,Male,4,0
O101046,C1238,9/14/2023,Books,17.78,4,71.12,Credit Card,40,Female,4,1
O101047,C1187,9/15/2023,Electronics,104.91,2,209.82,PayPal,30,Male,2,1
O101048,C1388,9/21/2023,Clothing,390.02,2,780.04,Bank Transfer,58,Male,5,0
O101049,C1092,10/17/2023,Books,228.34,2,456.68,PayPal,60,Female,4,0
O101050,C1481,7/3/2023,Electronics,228.52,2,457.04,PayPal,29,Female,5,0
O101051,C1119,2/2/2023,Home,379.6,2,759.2,Debit Card,58,Male,3,0
O101052,C1022,12/9/2023,Clothing,346.91,1,346.91,UPI,60,Female,1,1
O101053,C1199,8/29/2023,Sports,50.11,4,200.44,Credit Card,35,Male,4,0
O101054,C1333,6/15/2023,Electronics,32.43,4,129.72,UPI,44,Female,5,0
O101055,C1428,5/15/2023,Books,328.22,4,1312.88,UPI,50,Male,1,1
O101056,C1193,12/1/2023,Sports,25.51,2,51.02,Debit Card,25,Male,4,1
O101057,C1265,5/9/2023,Sports,61.8,1,61.8,PayPal,30,Female,3,0
O101058,C1181,6/26/2023,Sports,310.68,2,621.36,Bank Transfer,19,Male,4,0
O101059,C1257,3/13/2023,Sports,169.33,4,677.32,PayPal,64,Male,4,0
O101060,C1040,9/21/2023,Beauty,325.49,3,976.47,Debit Card,52,Male,3,0
O101061,C1077,4/6/2023,Clothing,481,1,481,Debit Card,61,Male,4,0
O101062,C1339,4/28/2023,Sports,371.14,2,742.28,Debit Card,40,Male,1,0
O101063,C1247,12/12/2023,Sports,406.18,4,1624.72,Bank Transfer,45,Male,5,0
O101064,C1303,3/24/2023,Beauty,263.33,4,1053.32,Bank Transfer,54,Male,4,0
O101065,C1125,1/23/2023,Clothing,210.83,4,843.32,UPI,55,Male,4,0
O101066,C1069,11/19/2023,Books,498.28,4,1993.12,Credit Card,45,Male,4,0
O101067,C1029,3/27/2023,Home,70.84,4,283.36,PayPal,39,Female,5,1
O101068,C1307,10/16/2023,Beauty,495.81,1,495.81,Credit Card,23,Female,4,0
O101069,C1485,2/13/2023,Clothing,244.48,3,733.44,Bank Transfer,49,Female,4,0
O101070,C1445,9/4/2023,Clothing,289.92,1,289.92,PayPal,38,Female,4,0
O101071,C1308,3/15/2023,Books,287.29,2,574.58,PayPal,41,Female,5,0
O101072,C1086,12/18/2023,Home,180.64,2,361.28,Bank Transfer,37,Male,4,0
O101073,C1118,7/13/2023,Sports,373.64,1,373.64,PayPal,48,Male,3,0
O101074,C1009,4/14/2023,Books,69.6,1,69.6,UPI,40,Female,3,1
O101075,C1424,3/18/2023,Books,35.16,4,140.64,Credit Card,58,Male,3,0
O101076,C1244,11/11/2023,Books,210.68,3,632.04,Credit Card,55,Male,2,0
O101077,C1048,9/4/2023,Beauty,56.81,3,170.43,PayPal,52,Male,2,0
O101078,C1460,12/14/2023,Beauty,358.63,4,1434.52,Bank Transfer,41,Female,4,0
O101079,C1190,1/23/2023,Beauty,102.17,1,102.17,UPI,60,Female,4,0
O101080,C1118,9/4/2023,Sports,315.35,3,946.05,Debit Card,36,Male,4,0
O101081,C1218,3/10/2023,Home,131.59,2,263.18,Bank Transfer,36,Male,3,0
O101082,C1466,2/12/2023,Home,396.39,2,792.78,UPI,51,Female,4,0
O101083,C1132,4/7/2023,Electronics,296.88,2,593.76,Credit Card,49,Male,5,0
O101084,C1267,1/4/2023,Sports,362.92,2,725.84,PayPal,47,Female,5,0
O101085,C1210,7/5/2023,Electronics,12.23,1,12.23,PayPal,26,Female,4,0
O101086,C1334,10/27/2023,Home,432.42,1,432.42,Debit Card,26,Female,3,0
O101087,C1290,7/7/2023,Books,169.73,1,169.73,Debit Card,22,Female,4,0
O101088,C1387,4/15/2023,Sports,333.2,2,666.4,UPI,46,Female,5,1
O101089,C1092,7/9/2023,Books,361.48,3,1084.44,UPI,58,Female,5,0
O101090,C1130,6/7/2023,Books,119.39,1,119.39,Debit Card,47,Female,3,0
O101091,C1377,3/12/2023,Beauty,73.37,1,73.37,Credit Card,53,Male,4,0
O101092,C1229,12/25/2023,Clothing,123.34,4,493.36,Credit Card,26,Male,5,0
O101093,C1261,7/25/2023,Home,208.29,3,624.87,UPI,56,Male,5,0
O101094,C1083,7/19/2023,Beauty,467.6,2,935.2,Credit Card,43,Male,5,0
O101095,C1422,3/16/2023,Sports,347.37,2,694.74,UPI,37,Female,4,0
O101096,C1046,2/2/2023,Home,337.5,1,337.5,PayPal,56,Female,4,0
O101097,C1041,11/8/2023,Electronics,186.65,3,559.95,Bank Transfer,35,Female,3,0
O101098,C1315,12/2/2023,Books,319.85,2,639.7,Debit Card,36,Male,4,1
O101099,C1485,3/31/2023,Beauty,406.98,1,406.98,Bank Transfer,21,Female,5,0
O101100,C1006,4/14/2023,Beauty,383.77,2,767.54,UPI,36,Female,5,0
O101101,C1100,1/18/2023,Books,172.92,1,172.92,UPI,33,Male,4,0
O101102,C1315,3/28/2023,Beauty,128.03,4,512.12,Credit Card,33,Female,5,0
O101103,C1123,12/2/2023,Electronics,154.72,1,154.72,PayPal,24,Male,5,0
O101104,C1142,7/24/2023,Home,77.61,4,310.44,Bank Transfer,35,Female,5,0
O101105,C1301,4/13/2023,Books,169.15,1,169.15,Credit Card,63,Male,4,0
O101106,C1471,2/16/2023,Books,64.38,2,128.76,Debit Card,45,Female,5,0
O101107,C1178,5/22/2023,Clothing,72.96,2,145.92,UPI,38,Male,4,0
O101108,C1233,7/26/2023,Books,472.07,3,1416.21,Credit Card,37,Female,3,0
O101109,C1090,7/28/2023,Books,402.61,1,402.61,Credit Card,18,Male,4,0
O101110,C1258,5/31/2023,Home,325.18,3,975.54,Credit Card,20,Female,3,0
O101111,C1449,10/3/2023,Books,360.15,3,1080.45,Debit Card,33,Female,5,0
O101112,C1495,7/13/2023,Books,88.3,3,264.9,Bank Transfer,59,Male,4,0
O101113,C1388,6/23/2023,Sports,361.59,1,361.59,Bank Transfer,34,Male,4,0
O101114,C1247,3/1/2023,Home,415.63,4,1662.52,Credit Card,64,Female,2,0
O101115,C1325,4/23/2023,Beauty,337.15,1,337.15,PayPal,48,Female,2,0
O101116,C1212,6/30/2023,Books,73.93,2,147.86,UPI,31,Male,3,0
O101117,C1359,5/15/2023,Clothing,178.15,2,356.3,Debit Card,53,Male,3,0
O101118,C1205,12/11/2023,Beauty,316.67,1,316.67,Debit Card,58,Male,2,1
O101119,C1284,4/2/2023,Sports,293.4,4,1173.6,Debit Card,47,Female,5,0
O101120,C1112,10/21/2023,Home,32.8,3,98.4,PayPal,61,Male,4,0
O101121,C1256,4/13/2023,Clothing,87.89,3,263.67,PayPal,46,Female,1,0
O101122,C1106,4/28/2023,Clothing,210.85,2,421.7,PayPal,25,Female,4,0
O101123,C1080,2/24/2023,Electronics,228.38,1,228.38,Credit Card,47,Female,4,0
O101124,C1315,1/4/2023,Books,393.61,3,1180.83,Credit Card,54,Female,5,0
O101125,C1191,11/14/2023,Home,212.39,1,212.39,Bank Transfer,33,Female,3,0
O101126,C1252,4/4/2023,Books,258.87,2,517.74,Debit Card,47,Female,4,1
O101127,C1114,10/23/2023,Clothing,220.45,4,881.8,Credit Card,33,Female,4,0
O101128,C1245,10/4/2023,Electronics,241.96,2,483.92,UPI,19,Female,1,1
O101129,C1202,12/18/2023,Clothing,422.72,2,845.44,Bank Transfer,51,Male,3,0
O101130,C1358,9/23/2023,Sports,38.46,2,76.92,Debit Card,24,Male,5,0
O101131,C1007,12/12/2023,Clothing,63.97,4,255.88,Bank Transfer,35,Male,2,0
O101132,C1167,7/5/2023,Books,356.95,2,713.9,Debit Card,58,Male,5,1
O101133,C1281,5/15/2023,Clothing,58.47,2,116.94,Debit Card,40,Female,5,0
O101134,C1491,11/10/2023,Home,314.21,4,1256.84,Debit Card,35,Male,4,0
O101135,C1256,8/6/2023,Clothing,344.82,1,344.82,Bank Transfer,59,Female,5,0
O101136,C1187,7/25/2023,Home,337.44,2,674.88,Bank Transfer,51,Male,4,1
O101137,C1293,3/9/2023,Books,244.2,2,488.4,PayPal,24,Male,5,0
O101138,C1370,5/19/2023,Clothing,271.51,2,543.02,UPI,60,Female,3,0
O101139,C1439,7/15/2023,Clothing,430.09,3,1290.27,PayPal,29,Male,5,0
O101140,C1243,1/5/2023,Clothing,14.05,4,56.2,Bank Transfer,41,Female,2,1
O101141,C1069,11/19/2023,Books,475.94,1,475.94,UPI,41,Female,4,0
O101142,C1403,9/7/2023,Home,216.94,1,216.94,Debit Card,52,Male,4,0
O101143,C1204,2/20/2023,Beauty,488.86,2,977.72,PayPal,46,Male,5,0
O101144,C1111,5/11/2023,Sports,420.8,2,841.6,Credit Card,35,Female,3,0
O101145,C1382,6/21/2023,Home,163.6,1,163.6,Debit Card,32,Female,5,0
O101146,C1287,10/13/2023,Home,319.28,3,957.84,Debit Card,61,Male,1,0
O101147,C1211,3/4/2023,Home,26.16,1,26.16,UPI,46,Male,2,0
O101148,C1296,10/22/2023,Beauty,240.88,1,240.88,UPI,33,Male,3,0
O101149,C1400,5/26/2023,Home,11.55,4,46.2,Debit Card,45,Female,5,1
O101150,C1397,8/17/2023,Electronics,455.06,1,455.06,Bank Transfer,40,Female,5,0
O101151,C1238,11/20/2023,Clothing,254.34,2,508.68,PayPal,63,Female,5,0
O101152,C1216,11/20/2023,Books,225.5,4,902,UPI,36,Female,5,0
O101153,C1435,2/6/2023,Electronics,226.36,4,905.44,PayPal,23,Female,4,0
O101154,C1117,6/10/2023,Home,333.36,3,1000.08,Debit Card,23,Female,5,0
O101155,C1310,11/27/2023,Sports,97.05,3,291.15,Debit Card,43,Female,3,0
O101156,C1400,7/5/2023,Beauty,484.96,1,484.96,UPI,32,Female,4,0
O101157,C1212,3/27/2023,Clothing,62.33,1,62.33,Credit Card,19,Male,5,0
O101158,C1373,5/1/2023,Beauty,490.72,3,1472.16,Debit Card,33,Male,5,0
O101159,C1108,3/27/2023,Sports,315.7,3,947.1,Credit Card,46,Male,2,1
O101160,C1033,8/31/2023,Books,459.24,3,1377.72,Credit Card,49,Male,4,1
O101161,C1395,7/23/2023,Books,411.06,1,411.06,Credit Card,31,Male,4,1
O101162,C1135,11/13/2023,Clothing,311.49,2,622.98,Credit Card,51,Female,4,0
O101163,C1159,4/28/2023,Clothing,124.71,1,124.71,Debit Card,27,Female,5,0
O101164,C1321,3/6/2023,Clothing,284.38,4,1137.52,UPI,33,Male,4,0
O101165,C1015,1/18/2023,Beauty,412.88,1,412.88,Debit Card,63,Female,4,0
O101166,C1443,9/1/2023,Sports,192.22,2,384.44,UPI,24,Female,4,0
O101167,C1281,8/16/2023,Clothing,209.12,4,836.48,UPI,43,Male,3,0
O101168,C1303,11/2/2023,Sports,306.86,3,920.58,UPI,55,Female,3,0
O101169,C1269,11/24/2023,Beauty,107.49,1,107.49,UPI,34,Female,3,0
O101170,C1466,6/27/2023,Sports,201.65,4,806.6,UPI,41,Male,3,1
O101171,C1413,2/15/2023,Sports,85.04,4,340.16,Debit Card,47,Female,3,0
O101172,C1212,5/14/2023,Clothing,275.61,3,826.83,Debit Card,46,Male,4,0
O101173,C1001,9/25/2023,Clothing,101.75,4,407,Debit Card,37,Female,5,0
O101174,C1241,10/1/2023,Electronics,189.18,1,189.18,Bank Transfer,46,Female,3,1
O101175,C1154,1/5/2023,Sports,370.27,4,1481.08,Debit Card,64,Male,5,0
O101176,C1408,1/4/2023,Books,132.25,3,396.75,Debit Card,45,Male,3,0
O101177,C1211,10/15/2023,Sports,460.01,1,460.01,Bank Transfer,43,Male,3,1
O101178,C1084,11/27/2023,Sports,225.2,1,225.2,Bank Transfer,20,Male,4,1
O101179,C1135,2/10/2023,Sports,286.63,1,286.63,PayPal,29,Female,5,0
O101180,C1146,11/29/2023,Beauty,219.68,3,659.04,UPI,43,Female,4,0
O101181,C1212,4/7/2023,Electronics,470.79,3,1412.37,PayPal,63,Male,5,0
O101182,C1149,2/26/2023,Beauty,423.29,2,846.58,Bank Transfer,18,Female,2,0
O101183,C1140,12/25/2023,Books,338.51,2,677.02,Bank Transfer,25,Male,5,0
O101184,C1165,1/10/2023,Clothing,319.2,4,1276.8,Credit Card,24,Male,5,0
O101185,C1096,2/22/2023,Home,106.01,3,318.03,Debit Card,50,Male,5,0
O101186,C1367,8/13/2023,Beauty,111.94,4,447.76,Credit Card,21,Male,5,1
O101187,C1047,3/19/2023,Electronics,216.42,2,432.84,Bank Transfer,29,Male,5,0
O101188,C1176,8/4/2023,Home,311.05,2,622.1,Bank Transfer,51,Female,4,0
O101189,C1238,12/23/2023,Electronics,217.24,4,868.96,Debit Card,19,Male,1,0
O101190,C1432,3/16/2023,Electronics,170.16,1,170.16,Debit Card,19,Female,3,0
O101191,C1037,10/6/2023,Sports,302.12,4,1208.48,PayPal,57,Male,5,1
O101192,C1459,5/9/2023,Sports,288.91,2,577.82,Credit Card,61,Male,4,0
O101193,C1499,1/1/2024,Clothing,449.21,2,898.42,Bank Transfer,35,Female,3,0
O101194,C1127,1/18/2023,Clothing,300.67,3,902.01,Bank Transfer,57,Male,4,0
O101195,C1267,12/7/2023,Clothing,173.3,3,519.9,Bank Transfer,60,Female,2,0
O101196,C1349,6/9/2023,Home,341.79,3,1025.37,PayPal,20,Male,3,0
O101197,C1382,10/9/2023,Books,270,3,810,Credit Card,20,Female,3,0
O101198,C1247,11/23/2023,Home,25.54,1,25.54,PayPal,28,Female,5,1
O101199,C1455,1/27/2023,Beauty,370.68,3,1112.04,PayPal,31,Male,3,0
O101200,C1121,11/21/2023,Sports,100.47,3,301.41,Debit Card,63,Male,4,0
O101201,C1086,5/22/2023,Books,55.18,3,165.54,Credit Card,48,Female,4,0
O101202,C1405,5/5/2023,Electronics,302.29,1,302.29,Credit Card,51,Female,4,0
O101203,C1353,11/2/2023,Clothing,485.06,1,485.06,Debit Card,36,Male,5,0
O101204,C1128,3/22/2023,Sports,297.9,4,1191.6,Credit Card,28,Female,4,0
O101205,C1477,11/17/2023,Electronics,247.44,4,989.76,Credit Card,28,Female,2,0
O101206,C1331,3/20/2023,Beauty,407.51,4,1630.04,UPI,25,Male,5,0
O101207,C1065,9/7/2023,Clothing,255.81,4,1023.24,Debit Card,38,Female,5,0
O101208,C1413,8/13/2023,Beauty,39.51,4,158.04,PayPal,41,Male,4,0
O101209,C1353,7/13/2023,Home,363.72,2,727.44,PayPal,61,Female,3,0
O101210,C1461,1/21/2023,Sports,25.26,2,50.52,Bank Transfer,34,Female,4,0
O101211,C1278,12/23/2023,Sports,165.68,4,662.72,PayPal,25,Male,3,0
O101212,C1279,6/28/2023,Home,144.27,3,432.81,Bank Transfer,41,Female,4,0
O101213,C1445,11/3/2023,Books,376.33,4,1505.32,PayPal,49,Male,5,0
O101214,C1272,3/21/2023,Sports,131.4,1,131.4,Debit Card,59,Female,2,0
O101215,C1278,7/7/2023,Sports,64.01,2,128.02,Credit Card,57,Female,5,0
O101216,C1376,4/5/2023,Electronics,27.35,4,109.4,UPI,50,Female,5,0
O101217,C1398,11/14/2023,Clothing,213.75,2,427.5,Debit Card,37,Male,4,0
O101218,C1338,10/3/2023,Sports,287.6,2,575.2,PayPal,41,Female,4,0
O101219,C1393,10/10/2023,Clothing,119.52,3,358.56,UPI,28,Female,5,0
O101220,C1166,7/29/2023,Beauty,260.73,1,260.73,Debit Card,57,Male,4,0
O101221,C1050,9/25/2023,Beauty,344.16,2,688.32,Credit Card,36,Male,3,0
O101222,C1428,3/8/2023,Clothing,89.03,4,356.12,Credit Card,41,Male,4,0
O101223,C1055,9/6/2023,Clothing,90.1,4,360.4,Credit Card,22,Male,3,0
O101224,C1293,11/25/2023,Sports,162.11,3,486.33,Bank Transfer,43,Female,4,0
O101225,C1026,7/7/2023,Clothing,377.13,2,754.26,UPI,28,Male,5,0
O101226,C1007,4/17/2023,Beauty,431.03,4,1724.12,Bank Transfer,19,Male,1,0
O101227,C1240,11/24/2023,Electronics,426.22,4,1704.88,Debit Card,33,Female,1,0
O101228,C1421,7/8/2023,Beauty,402.01,3,1206.03,Credit Card,54,Female,4,0
O101229,C1271,1/21/2023,Beauty,361.02,1,361.02,Credit Card,63,Female,3,0
O101230,C1040,4/21/2023,Books,454.87,4,1819.48,Credit Card,45,Male,4,0
O101231,C1372,4/29/2023,Books,96.1,1,96.1,Bank Transfer,23,Male,4,0
O101232,C1099,9/27/2023,Beauty,310.23,1,310.23,PayPal,40,Male,3,0
O101233,C1286,10/13/2023,Sports,78.24,3,234.72,Credit Card,56,Female,3,0
O101234,C1346,8/23/2023,Beauty,105.75,1,105.75,Bank Transfer,21,Male,5,0
O101235,C1086,4/3/2023,Books,162.36,4,649.44,Bank Transfer,29,Female,4,0
O101236,C1337,3/22/2023,Books,23.51,1,23.51,UPI,29,Female,4,0
O101237,C1478,6/30/2023,Home,312.49,3,937.47,UPI,22,Female,5,0
O101238,C1433,7/10/2023,Sports,225.41,1,225.41,Bank Transfer,31,Female,2,0
O101239,C1312,5/4/2023,Books,316.11,3,948.33,UPI,58,Male,5,1
O101240,C1193,10/9/2023,Beauty,106.38,1,106.38,Debit Card,32,Female,5,0
O101241,C1493,8/20/2023,Sports,196.68,3,590.04,Bank Transfer,27,Male,3,1
O101242,C1372,1/18/2023,Home,323.17,4,1292.68,UPI,53,Male,5,0
O101243,C1266,3/11/2023,Home,401.91,3,1205.73,Credit Card,26,Female,5,0
O101244,C1114,4/20/2023,Home,474.1,3,1422.3,Credit Card,51,Female,5,0
O101245,C1471,10/11/2023,Books,306.06,1,306.06,UPI,32,Male,3,1
O101246,C1049,1/20/2023,Sports,119.04,2,238.08,Debit Card,59,Male,4,0
O101247,C1071,5/16/2023,Home,63.53,3,190.59,UPI,44,Male,5,0
O101248,C1120,5/12/2023,Home,338.65,2,677.3,Credit Card,55,Female,5,0
O101249,C1292,4/22/2023,Beauty,144.75,4,579,Credit Card,24,Female,3,1
O101250,C1406,9/5/2023,Clothing,69.87,2,139.74,Bank Transfer,48,Male,4,0
O101251,C1305,11/25/2023,Home,158.8,3,476.4,Credit Card,51,Female,5,0
O101252,C1041,1/29/2023,Home,183.06,1,183.06,Debit Card,64,Female,5,0
O101253,C1214,3/3/2023,Clothing,469.74,2,939.48,UPI,61,Male,4,0
O101254,C1325,11/20/2023,Sports,346.11,2,692.22,Credit Card,29,Female,4,0
O101255,C1269,1/22/2023,Home,439.49,3,1318.47,UPI,40,Male,3,0
O101256,C1168,9/15/2023,Beauty,412.24,4,1648.96,PayPal,54,Male,4,0
O101257,C1026,12/11/2023,Beauty,420.53,3,1261.59,Bank Transfer,47,Female,4,0
O101258,C1386,11/1/2023,Books,259.03,4,1036.12,UPI,36,Male,4,0
O101259,C1114,8/10/2023,Home,87.26,4,349.04,Bank Transfer,51,Male,5,0
O101260,C1068,6/22/2023,Electronics,231.08,1,231.08,Bank Transfer,30,Male,2,0
O101261,C1281,7/24/2023,Home,131.1,3,393.3,Credit Card,38,Female,2,0
O101262,C1257,8/11/2023,Beauty,144.5,1,144.5,PayPal,47,Male,1,0
O101263,C1247,10/14/2023,Clothing,388.37,1,388.37,Bank Transfer,48,Female,4,1
O101264,C1334,10/20/2023,Clothing,231.24,3,693.72,UPI,53,Male,4,0
O101265,C1125,2/6/2023,Home,306.71,2,613.42,Bank Transfer,46,Female,5,1
O101266,C1351,10/22/2023,Electronics,129.18,3,387.54,Credit Card,23,Female,5,0
O101267,C1217,7/7/2023,Home,246.27,4,985.08,PayPal,33,Female,5,0
O101268,C1177,11/1/2023,Beauty,229.15,2,458.3,Credit Card,42,Female,5,0
O101269,C1087,6/29/2023,Books,292.02,2,584.04,Bank Transfer,46,Male,5,0
O101270,C1226,1/23/2023,Clothing,295.88,2,591.76,PayPal,38,Female,4,0
O101271,C1080,2/13/2023,Electronics,366.35,1,366.35,Credit Card,55,Male,2,0
O101272,C1486,11/14/2023,Clothing,62.1,2,124.2,Debit Card,38,Male,4,0
O101273,C1176,12/22/2023,Electronics,199.49,1,199.49,Debit Card,30,Female,3,0
O101274,C1242,1/12/2023,Home,314.48,3,943.44,PayPal,36,Male,4,0
O101275,C1105,10/7/2023,Books,307.05,3,921.15,Debit Card,37,Female,5,0
O101276,C1319,3/14/2023,Beauty,269.4,2,538.8,Credit Card,53,Female,5,0
O101277,C1299,12/6/2023,Books,434.25,2,868.5,Credit Card,24,Female,4,0
O101278,C1088,1/31/2023,Home,88.74,2,177.48,PayPal,42,Female,5,0
O101279,C1028,8/27/2023,Beauty,303.61,1,303.61,Credit Card,21,Male,4,0
O101280,C1199,12/5/2023,Home,260.01,1,260.01,Debit Card,36,Male,4,0
O101281,C1010,5/30/2023,Beauty,387.22,3,1161.66,Bank Transfer,40,Male,4,0
O101282,C1195,9/18/2023,Beauty,218.74,3,656.22,Credit Card,45,Female,4,0
O101283,C1249,11/2/2023,Books,290.36,3,871.08,Credit Card,62,Male,5,0
O101284,C1102,9/14/2023,Sports,116.07,1,116.07,UPI,27,Male,3,0
O101285,C1021,5/7/2023,Books,325.91,4,1303.64,Debit Card,39,Female,4,1
O101286,C1251,7/21/2023,Beauty,287.74,2,575.48,PayPal,56,Male,5,0
O101287,C1178,12/17/2023,Home,227.8,3,683.4,Debit Card,51,Female,4,0
O101288,C1121,9/14/2023,Home,231.66,3,694.98,Credit Card,26,Female,5,0
O101289,C1450,7/18/2023,Electronics,483.53,3,1450.59,UPI,35,Female,3,0
O101290,C1116,3/19/2023,Home,448.3,4,1793.2,Bank Transfer,42,Male,5,0
O101291,C1045,7/15/2023,Books,90.65,3,271.95,UPI,40,Male,2,0
O101292,C1214,5/4/2023,Books,57.67,3,173.01,PayPal,41,Female,2,0
O101293,C1497,6/9/2023,Books,28.72,2,57.44,Debit Card,22,Female,5,0
O101294,C1278,3/9/2023,Clothing,383.11,3,1149.33,PayPal,35,Male,5,0
O101295,C1442,3/12/2023,Home,322.31,1,322.31,UPI,21,Male,4,0
O101296,C1221,3/16/2023,Beauty,425.72,3,1277.16,UPI,56,Male,4,0
O101297,C1163,2/4/2023,Books,300.09,2,600.18,UPI,51,Male,5,0
O101298,C1095,6/12/2023,Clothing,422.69,2,845.38,Credit Card,49,Female,3,0
O101299,C1451,7/31/2023,Sports,476.89,3,1430.67,Debit Card,29,Female,4,0
O101300,C1382,11/23/2023,Beauty,130.72,2,261.44,Debit Card,21,Male,2,0
O101301,C1399,4/7/2023,Electronics,139.22,3,417.66,PayPal,22,Male,5,0
O101302,C1014,11/10/2023,Books,257.02,1,257.02,Debit Card,41,Male,5,0
O101303,C1306,4/29/2023,Clothing,212.08,4,848.32,Credit Card,54,Female,2,0
O101304,C1041,12/19/2023,Sports,137.06,4,548.24,PayPal,42,Female,5,0
O101305,C1365,11/29/2023,Home,423.21,3,1269.63,PayPal,23,Female,4,0
O101306,C1252,8/31/2023,Clothing,35.15,1,35.15,PayPal,19,Male,1,0
O101307,C1116,1/17/2023,Sports,168.04,3,504.12,Credit Card,43,Female,4,0
O101308,C1487,7/31/2023,Clothing,431.79,4,1727.16,PayPal,29,Male,5,0
O101309,C1034,4/1/2023,Sports,493.75,1,493.75,UPI,62,Female,4,1
O101310,C1353,6/16/2023,Sports,82.4,4,329.6,PayPal,33,Female,4,0
O101311,C1208,1/22/2023,Books,134.05,2,268.1,Bank Transfer,28,Female,5,0
O101312,C1202,11/10/2023,Beauty,275.71,4,1102.84,UPI,51,Male,4,0
O101313,C1267,2/25/2023,Sports,227.39,1,227.39,Bank Transfer,19,Male,5,0
O101314,C1450,5/6/2023,Books,327.98,2,655.96,UPI,33,Female,4,0
O101315,C1377,1/21/2023,Books,464.23,3,1392.69,Bank Transfer,23,Male,5,0
O101316,C1098,5/30/2023,Sports,389.06,2,778.12,Bank Transfer,39,Female,4,0
O101317,C1397,5/27/2023,Sports,24.18,4,96.72,PayPal,54,Female,5,0
O101318,C1151,11/10/2023,Electronics,404.35,1,404.35,UPI,56,Male,5,0
O101319,C1238,11/27/2023,Sports,433.76,3,1301.28,Credit Card,48,Male,3,0
O101320,C1093,10/27/2023,Beauty,218.85,4,875.4,UPI,35,Male,3,0
O101321,C1202,7/31/2023,Home,294.59,2,589.18,Bank Transfer,45,Male,4,0
O101322,C1092,8/21/2023,Books,137.24,1,137.24,PayPal,45,Female,5,0
O101323,C1047,5/9/2023,Home,314.9,3,944.7,PayPal,47,Male,2,0
O101324,C1047,2/28/2023,Beauty,132.45,2,264.9,Bank Transfer,64,Female,3,0
O101325,C1044,9/26/2023,Beauty,471.78,2,943.56,Bank Transfer,32,Male,4,0
O101326,C1194,10/9/2023,Sports,288.23,4,1152.92,Credit Card,46,Male,5,0
O101327,C1468,6/21/2023,Books,221.2,2,442.4,PayPal,20,Male,5,0
O101328,C1445,3/16/2023,Clothing,328.84,2,657.68,Credit Card,28,Female,5,0
O101329,C1158,6/8/2023,Beauty,487.35,2,974.7,Bank Transfer,19,Female,2,0
O101330,C1321,4/3/2023,Electronics,324.92,1,324.92,PayPal,52,Male,4,0
O101331,C1002,11/15/2023,Home,385.1,3,1155.3,Credit Card,55,Female,4,0
O101332,C1255,9/13/2023,Books,53.02,2,106.04,Credit Card,61,Female,4,0
O101333,C1122,4/22/2023,Books,429.87,2,859.74,Bank Transfer,55,Female,5,0
O101334,C1210,8/15/2023,Electronics,159.27,2,318.54,UPI,38,Male,2,1
O101335,C1126,10/8/2023,Home,183.23,2,366.46,UPI,22,Male,4,0
O101336,C1026,4/5/2023,Clothing,332.8,2,665.6,Credit Card,61,Female,2,0
O101337,C1019,3/16/2023,Electronics,335.13,4,1340.52,UPI,18,Female,1,0
O101338,C1170,2/14/2023,Electronics,359.29,1,359.29,Credit Card,33,Female,4,0
O101339,C1092,3/24/2023,Beauty,337.03,2,674.06,Debit Card,43,Male,3,0
O101340,C1495,8/22/2023,Beauty,420.23,3,1260.69,UPI,25,Female,3,0
O101341,C1477,1/19/2023,Electronics,100.28,1,100.28,Debit Card,25,Female,5,0
O101342,C1189,7/14/2023,Electronics,381.22,4,1524.88,Bank Transfer,25,Male,5,0
O101343,C1150,8/30/2023,Clothing,174.49,4,697.96,Credit Card,26,Female,2,0
O101344,C1169,9/27/2023,Sports,293.31,4,1173.24,UPI,53,Male,3,0
O101345,C1357,4/18/2023,Books,33.22,3,99.66,Credit Card,58,Male,5,0
O101346,C1293,11/19/2023,Books,29.26,2,58.52,Credit Card,48,Female,5,0
O101347,C1371,12/19/2023,Books,178.06,3,534.18,Debit Card,44,Female,3,0
O101348,C1312,6/12/2023,Home,368.94,3,1106.82,UPI,45,Female,4,0
O101349,C1475,3/8/2023,Books,339.24,3,1017.72,UPI,59,Female,4,0
O101350,C1267,11/20/2023,Sports,69.28,1,69.28,Bank Transfer,26,Male,5,1
O101351,C1453,11/9/2023,Clothing,316.03,4,1264.12,Debit Card,42,Male,2,0
O101352,C1001,3/2/2023,Electronics,291.48,2,582.96,Bank Transfer,19,Male,2,0
O101353,C1378,4/17/2023,Books,405.55,2,811.1,Bank Transfer,54,Female,4,1
O101354,C1024,6/20/2023,Home,153.47,1,153.47,UPI,34,Male,4,0
O101355,C1006,11/24/2023,Clothing,477.2,1,477.2,Debit Card,64,Female,5,0
O101356,C1405,2/4/2023,Home,112.78,4,451.12,Debit Card,61,Female,1,0
O101357,C1393,1/4/2023,Electronics,12.25,2,24.5,Debit Card,52,Female,5,0
O101358,C1203,10/19/2023,Books,108.01,3,324.03,Credit Card,34,Male,3,0
O101359,C1100,6/19/2023,Home,289.09,2,578.18,Bank Transfer,28,Female,5,0
O101360,C1409,1/19/2023,Beauty,456.26,1,456.26,PayPal,52,Female,3,0
O101361,C1080,11/18/2023,Sports,492.05,1,492.05,UPI,59,Female,2,0
O101362,C1237,7/31/2023,Beauty,231.61,4,926.44,Credit Card,24,Female,5,0
O101363,C1290,12/14/2023,Home,473.91,2,947.82,UPI,58,Male,4,0
O101364,C1107,10/23/2023,Beauty,275.11,1,275.11,Debit Card,53,Female,3,0
O101365,C1034,3/18/2023,Home,237.18,3,711.54,Credit Card,47,Female,2,0
O101366,C1193,11/17/2023,Books,56.81,2,113.62,PayPal,36,Female,5,0
O101367,C1096,11/1/2023,Electronics,69.51,3,208.53,Debit Card,62,Female,3,0
O101368,C1364,1/17/2023,Home,87.59,4,350.36,Bank Transfer,35,Male,4,0
O101369,C1255,5/2/2023,Home,270.95,1,270.95,Bank Transfer,53,Female,4,0
O101370,C1111,9/26/2023,Home,136.72,2,273.44,PayPal,43,Male,4,0
O101371,C1192,1/20/2023,Clothing,286.9,1,286.9,Credit Card,48,Female,5,0
O101372,C1260,1/13/2023,Sports,347.43,2,694.86,UPI,31,Male,5,1
O101373,C1098,6/24/2023,Sports,344.91,3,1034.73,UPI,37,Female,3,0
O101374,C1398,6/17/2023,Clothing,429.26,2,858.52,Credit Card,33,Male,4,0
O101375,C1106,1/19/2023,Sports,112.79,4,451.16,Bank Transfer,52,Male,4,0
O101376,C1003,6/9/2023,Electronics,227.39,3,682.17,UPI,34,Male,5,0
O101377,C1171,8/28/2023,Electronics,313.94,4,1255.76,Credit Card,53,Female,5,0
O101378,C1012,10/23/2023,Home,6.83,2,13.66,PayPal,31,Female,3,0
O101379,C1103,4/9/2023,Home,396.72,3,1190.16,Debit Card,46,Female,3,0
O101380,C1396,8/14/2023,Beauty,52.3,3,156.9,Credit Card,33,Female,5,1
O101381,C1077,3/22/2023,Home,434.93,2,869.86,Credit Card,55,Male,1,1
O101382,C1491,11/15/2023,Books,138.47,2,276.94,UPI,42,Male,5,0
O101383,C1106,10/5/2023,Home,209.78,1,209.78,UPI,45,Female,3,0
O101384,C1139,3/14/2023,Beauty,386.16,1,386.16,Debit Card,22,Male,5,1
O101385,C1088,2/6/2023,Home,86.05,2,172.1,UPI,20,Female,2,0
O101386,C1277,8/16/2023,Electronics,408.9,1,408.9,PayPal,47,Male,2,0
O101387,C1242,12/12/2023,Electronics,212.37,4,849.48,Credit Card,42,Female,5,1
O101388,C1028,2/14/2023,Sports,73.18,3,219.54,Bank Transfer,26,Male,1,0
O101389,C1361,11/2/2023,Books,330.68,3,992.04,Bank Transfer,61,Female,5,0
O101390,C1160,6/20/2023,Clothing,156.42,1,156.42,UPI,59,Male,5,0
O101391,C1499,8/27/2023,Books,91.11,1,91.11,PayPal,51,Male,4,0
O101392,C1417,12/24/2023,Sports,183.96,3,551.88,Credit Card,20,Female,5,0
O101393,C1159,12/17/2023,Beauty,408.95,1,408.95,Bank Transfer,23,Female,5,0
O101394,C1119,4/25/2023,Clothing,443.86,1,443.86,UPI,53,Female,4,0
O101395,C1468,7/6/2023,Sports,211.6,1,211.6,PayPal,53,Female,2,0
O101396,C1404,6/16/2023,Sports,437.4,3,1312.2,Bank Transfer,47,Male,3,0
O101397,C1034,9/1/2023,Electronics,163.41,4,653.64,Debit Card,51,Female,3,1
O101398,C1237,3/29/2023,Home,426.53,1,426.53,Debit Card,36,Male,4,0
O101399,C1261,2/22/2023,Sports,76.22,3,228.66,Credit Card,44,Female,1,0
O101400,C1285,11/29/2023,Electronics,230.42,4,921.68,Debit Card,59,Female,5,0
O101401,C1206,10/30/2023,Sports,77.03,1,77.03,PayPal,36,Male,3,1
O101402,C1281,3/23/2023,Sports,194.54,4,778.16,Bank Transfer,29,Male,4,0
O101403,C1175,4/17/2023,Beauty,39.31,1,39.31,UPI,43,Female,4,0
O101404,C1402,8/11/2023,Books,19.44,3,58.32,Debit Card,40,Male,2,0
O101405,C1089,12/6/2023,Beauty,32.59,2,65.18,Credit Card,33,Female,5,0
O101406,C1059,10/31/2023,Books,223.54,1,223.54,Bank Transfer,55,Female,3,0
O101407,C1285,2/19/2023,Sports,452.7,2,905.4,PayPal,41,Female,4,0
O101408,C1490,7/27/2023,Electronics,311.28,1,311.28,UPI,46,Male,3,0
O101409,C1351,11/2/2023,Sports,234.28,2,468.56,Debit Card,56,Female,5,0
O101410,C1331,12/5/2023,Electronics,449.84,4,1799.36,Credit Card,24,Male,2,1
O101411,C1419,3/13/2023,Books,232.06,2,464.12,Credit Card,26,Male,3,0
O101412,C1339,3/18/2023,Sports,463.66,3,1390.98,UPI,51,Female,2,0
O101413,C1200,11/12/2023,Books,18.97,3,56.91,Bank Transfer,23,Male,4,0
O101414,C1106,12/15/2023,Home,358.87,2,717.74,Debit Card,56,Female,3,1
O101415,C1471,8/11/2023,Beauty,482.42,1,482.42,Debit Card,47,Male,4,1
O101416,C1299,1/5/2023,Books,7.41,1,7.41,UPI,35,Female,2,0
O101417,C1434,3/7/2023,Home,17.21,4,68.84,Credit Card,41,Female,4,0
O101418,C1462,10/9/2023,Electronics,343.94,2,687.88,Credit Card,46,Female,3,0
O101419,C1057,5/25/2023,Electronics,208.51,2,417.02,PayPal,58,Female,1,0
O101420,C1360,10/30/2023,Sports,482.98,4,1931.92,Debit Card,19,Female,3,1
O101421,C1208,7/15/2023,Sports,429.78,4,1719.12,UPI,43,Male,5,0
O101422,C1340,3/30/2023,Sports,372.3,4,1489.2,PayPal,18,Male,2,0
O101423,C1285,7/16/2023,Home,450.02,2,900.04,Bank Transfer,40,Male,2,0
O101424,C1148,12/10/2023,Clothing,422.87,3,1268.61,PayPal,23,Male,4,0
O101425,C1037,11/28/2023,Electronics,44.93,1,44.93,PayPal,57,Female,3,0
O101426,C1337,8/12/2023,Clothing,407.79,2,815.58,Credit Card,63,Male,5,0
O101427,C1329,8/1/2023,Sports,148.13,3,444.39,UPI,22,Female,1,0
O101428,C1320,4/3/2023,Sports,271.1,1,271.1,UPI,56,Female,4,0
O101429,C1283,8/19/2023,Sports,480.38,3,1441.14,Debit Card,28,Male,2,0
O101430,C1096,8/6/2023,Books,285.59,3,856.77,Credit Card,19,Female,4,0
O101431,C1434,5/2/2023,Beauty,11.57,1,11.57,UPI,38,Female,4,0
O101432,C1211,10/7/2023,Books,40.75,2,81.5,Debit Card,42,Male,4,0
O101433,C1020,10/18/2023,Sports,245.22,1,245.22,Debit Card,20,Male,4,0
O101434,C1298,9/4/2023,Beauty,436.84,4,1747.36,Credit Card,42,Male,2,0
O101435,C1374,9/27/2023,Home,382.45,2,764.9,Bank Transfer,39,Male,3,0
O101436,C1268,11/9/2023,Electronics,64.13,4,256.52,PayPal,37,Female,4,0
O101437,C1323,12/6/2023,Beauty,377.97,4,1511.88,Credit Card,41,Female,4,0
O101438,C1314,1/28/2023,Home,49.29,4,197.16,UPI,30,Male,5,0
O101439,C1241,8/21/2023,Books,54.12,4,216.48,Bank Transfer,41,Female,2,0
O101440,C1216,6/30/2023,Home,55.44,3,166.32,Debit Card,30,Male,5,1
O101441,C1019,12/22/2023,Books,349.89,1,349.89,Debit Card,22,Female,3,0
O101442,C1032,11/19/2023,Sports,437.47,1,437.47,UPI,35,Male,5,0
O101443,C1294,1/27/2023,Beauty,67.92,4,271.68,Debit Card,52,Male,3,0
O101444,C1147,9/6/2023,Electronics,380.64,2,761.28,PayPal,32,Male,4,0
O101445,C1436,5/23/2023,Home,468.4,1,468.4,PayPal,60,Female,5,0
O101446,C1141,5/12/2023,Electronics,200.12,3,600.36,Credit Card,56,Male,3,0
O101447,C1466,10/30/2023,Beauty,172.61,1,172.61,PayPal,56,Female,4,0
O101448,C1190,3/31/2023,Home,467.6,2,935.2,PayPal,34,Female,5,1
O101449,C1093,9/28/2023,Electronics,304.26,2,608.52,Debit Card,37,Male,4,1
O101450,C1496,3/16/2023,Books,387.72,3,1163.16,PayPal,44,Female,5,0
O101451,C1386,7/31/2023,Sports,226.44,1,226.44,PayPal,33,Female,4,0
O101452,C1372,11/23/2023,Clothing,148.73,2,297.46,PayPal,29,Female,3,0
O101453,C1028,11/25/2023,Home,167.74,4,670.96,Credit Card,34,Male,3,0
O101454,C1086,8/26/2023,Sports,141.59,1,141.59,Bank Transfer,19,Female,2,0
O101455,C1244,9/30/2023,Clothing,122.59,4,490.36,Bank Transfer,23,Female,3,0
O101456,C1243,5/15/2023,Clothing,472.93,1,472.93,UPI,51,Female,4,0
O101457,C1007,5/28/2023,Sports,410.06,2,820.12,Bank Transfer,24,Female,4,0
O101458,C1493,9/29/2023,Beauty,163.02,3,489.06,Credit Card,46,Male,2,0
O101459,C1470,9/30/2023,Beauty,249.05,4,996.2,Debit Card,41,Female,5,1
O101460,C1313,11/30/2023,Home,191.25,4,765,Debit Card,35,Female,2,1
O101461,C1137,2/20/2023,Home,249.3,3,747.9,UPI,25,Female,3,0
O101462,C1237,12/12/2023,Beauty,30.75,1,30.75,PayPal,45,Male,1,1
O101463,C1267,6/22/2023,Beauty,402.13,4,1608.52,PayPal,56,Female,4,0
O101464,C1281,1/6/2023,Beauty,79.88,3,239.64,Credit Card,60,Male,4,0
O101465,C1007,7/30/2023,Electronics,272.13,2,544.26,UPI,61,Male,1,0
O101466,C1351,8/17/2023,Home,208.2,2,416.4,PayPal,55,Female,4,0
O101467,C1129,4/9/2023,Electronics,235.86,4,943.44,Credit Card,19,Male,2,0
O101468,C1030,11/1/2023,Beauty,392.66,3,1177.98,PayPal,31,Male,4,0
O101469,C1363,3/3/2023,Electronics,473.36,3,1420.08,UPI,61,Male,4,0
O101470,C1193,12/3/2023,Beauty,36.14,4,144.56,UPI,28,Male,1,0
O101471,C1459,2/26/2023,Beauty,363.05,3,1089.15,PayPal,39,Female,4,1
O101472,C1151,8/28/2023,Beauty,12.85,3,38.55,Credit Card,30,Female,5,0
O101473,C1473,5/22/2023,Sports,227.78,1,227.78,Debit Card,52,Female,2,0
O101474,C1083,2/7/2023,Home,31.15,3,93.45,Credit Card,34,Female,5,0
O101475,C1199,6/20/2023,Electronics,265.87,3,797.61,Debit Card,29,Female,3,0
O101476,C1092,8/14/2023,Electronics,162.81,3,488.43,Bank Transfer,46,Male,3,0
O101477,C1313,7/21/2023,Clothing,485.21,4,1940.84,Bank Transfer,47,Male,5,0
O101478,C1074,10/4/2023,Sports,152.12,2,304.24,PayPal,44,Male,2,0
O101479,C1468,8/15/2023,Beauty,323.19,2,646.38,Debit Card,57,Male,5,0
O101480,C1018,2/7/2023,Electronics,82.15,1,82.15,UPI,35,Female,5,0
O101481,C1398,8/17/2023,Electronics,40.9,4,163.6,Bank Transfer,24,Male,4,1
O101482,C1335,11/24/2023,Electronics,326.88,3,980.64,Credit Card,46,Female,5,0
O101483,C1137,3/19/2023,Beauty,161.2,4,644.8,Debit Card,41,Female,4,0
O101484,C1295,1/2/2023,Books,347.79,4,1391.16,Bank Transfer,44,Female,5,0
O101485,C1224,7/26/2023,Beauty,137.63,4,550.52,Credit Card,56,Male,4,0
O101486,C1002,7/16/2023,Beauty,391.38,3,1174.14,Bank Transfer,57,Male,3,0
O101487,C1291,10/2/2023,Home,57.37,2,114.74,Debit Card,55,Female,5,0
O101488,C1206,1/29/2023,Beauty,198.17,3,594.51,Credit Card,55,Female,5,0
O101489,C1274,6/24/2023,Electronics,91.38,2,182.76,Bank Transfer,37,Female,3,0
O101490,C1332,4/14/2023,Clothing,212.64,3,637.92,UPI,24,Male,4,0
O101491,C1496,7/16/2023,Beauty,114.43,3,343.29,PayPal,26,Female,5,0
O101492,C1357,7/19/2023,Electronics,87.56,2,175.12,Debit Card,42,Female,5,0
O101493,C1044,11/20/2023,Sports,234.59,3,703.77,PayPal,32,Male,3,0
O101494,C1019,4/9/2023,Electronics,203.16,3,609.48,UPI,36,Male,4,0
O101495,C1251,7/19/2023,Electronics,418.96,1,418.96,UPI,27,Female,4,0
O101496,C1256,10/1/2023,Sports,99.34,2,198.68,Credit Card,28,Male,5,0
O101497,C1174,1/29/2023,Home,432.46,3,1297.38,Credit Card,57,Female,5,1
O101498,C1061,4/19/2023,Beauty,337.08,3,1011.24,UPI,19,Female,4,0
O101499,C1482,12/14/2023,Books,481,4,1924,PayPal,54,Male,4,0
O101500,C1474,2/6/2023,Electronics,425.49,3,1276.47,PayPal,57,Female,5,0
O101501,C1335,1/10/2023,Sports,35.91,4,143.64,UPI,50,Male,4,0
O101502,C1125,12/26/2023,Beauty,55.74,4,222.96,PayPal,59,Male,4,0
O101503,C1089,11/20/2023,Electronics,197.77,3,593.31,Debit Card,32,Male,3,0
O101504,C1234,11/9/2023,Clothing,441.22,4,1764.88,UPI,63,Male,5,0
O101505,C1419,2/24/2023,Electronics,392.55,4,1570.2,Bank Transfer,56,Male,4,0
O101506,C1033,4/14/2023,Sports,194.27,2,388.54,Debit Card,54,Female,4,0
O101507,C1167,3/3/2023,Beauty,265.34,4,1061.36,UPI,34,Male,5,0
O101508,C1165,4/20/2023,Electronics,365.57,1,365.57,UPI,26,Male,3,0
O101509,C1172,2/2/2023,Electronics,283.16,2,566.32,Debit Card,38,Male,2,0
O101510,C1388,8/1/2023,Clothing,355.34,1,355.34,Debit Card,18,Male,2,0
O101511,C1225,5/5/2023,Books,223.96,1,223.96,Credit Card,58,Male,4,0
O101512,C1052,11/20/2023,Books,31.09,1,31.09,Bank Transfer,42,Male,5,0
O101513,C1009,9/7/2023,Electronics,256.81,2,513.62,Credit Card,31,Male,5,0
O101514,C1092,2/15/2023,Beauty,99.02,4,396.08,UPI,47,Female,4,0
O101515,C1214,12/22/2023,Sports,337.65,2,675.3,PayPal,60,Male,5,0
O101516,C1074,11/24/2023,Home,434.76,1,434.76,UPI,28,Female,4,0
O101517,C1211,5/3/2023,Clothing,499.67,3,1499.01,UPI,29,Male,1,0
O101518,C1306,4/3/2023,Beauty,389.06,2,778.12,Bank Transfer,43,Male,4,0
O101519,C1322,6/4/2023,Home,472.78,3,1418.34,Bank Transfer,53,Male,5,1
O101520,C1286,5/1/2023,Clothing,273.09,3,819.27,Credit Card,46,Male,3,0
O101521,C1317,7/5/2023,Books,317.9,4,1271.6,UPI,32,Male,2,1
O101522,C1238,11/17/2023,Beauty,309.65,3,928.95,PayPal,25,Female,4,0
O101523,C1028,4/10/2023,Electronics,265.26,3,795.78,PayPal,38,Female,4,1
O101524,C1255,4/1/2023,Clothing,31.58,2,63.16,Credit Card,22,Male,3,0
O101525,C1331,7/6/2023,Home,324.57,3,973.71,PayPal,56,Female,5,0
O101526,C1129,6/21/2023,Books,495.96,3,1487.88,Bank Transfer,54,Male,5,0
O101527,C1054,1/27/2023,Books,326.12,4,1304.48,PayPal,44,Male,4,0
O101528,C1403,1/15/2023,Sports,224.26,2,448.52,UPI,44,Male,3,0
O101529,C1037,5/1/2023,Beauty,429.19,1,429.19,Bank Transfer,46,Female,4,1
O101530,C1215,4/12/2023,Beauty,331.87,4,1327.48,Debit Card,25,Male,3,0
O101531,C1399,2/26/2023,Home,470.64,2,941.28,PayPal,48,Male,4,0
O101532,C1122,7/31/2023,Clothing,201.05,1,201.05,Bank Transfer,56,Male,4,0
O101533,C1038,8/30/2023,Books,458.13,2,916.26,Bank Transfer,32,Male,4,1
O101534,C1456,8/12/2023,Clothing,235.31,3,705.93,PayPal,51,Female,3,0
O101535,C1092,7/18/2023,Home,82.67,2,165.34,PayPal,33,Female,5,0
O101536,C1369,4/10/2023,Beauty,297.45,2,594.9,Debit Card,48,Female,5,0
O101537,C1104,6/21/2023,Clothing,260.02,4,1040.08,Credit Card,23,Male,4,0
O101538,C1144,3/11/2023,Electronics,61.8,3,185.4,Bank Transfer,46,Female,4,0
O101539,C1215,3/29/2023,Home,15.41,3,46.23,PayPal,37,Female,1,0
O101540,C1310,3/22/2023,Beauty,271.9,3,815.7,UPI,57,Male,4,0
O101541,C1296,10/11/2023,Clothing,303.94,2,607.88,Credit Card,24,Female,2,0
O101542,C1439,9/25/2023,Sports,252.09,4,1008.36,PayPal,24,Female,2,0
O101543,C1429,8/25/2023,Home,119.05,4,476.2,Credit Card,51,Female,5,0
O101544,C1377,5/7/2023,Clothing,442.18,3,1326.54,Debit Card,27,Female,4,0
O101545,C1297,4/24/2023,Books,426.72,3,1280.16,PayPal,53,Male,5,0
O101546,C1214,1/23/2023,Electronics,227.3,2,454.6,Bank Transfer,58,Male,5,1
O101547,C1218,9/29/2023,Sports,260.98,4,1043.92,Bank Transfer,57,Male,4,0
O101548,C1232,9/11/2023,Clothing,298.28,2,596.56,Credit Card,36,Male,5,0
O101549,C1355,7/28/2023,Clothing,137.91,4,551.64,PayPal,60,Female,4,0
O101550,C1152,5/3/2023,Beauty,303.88,2,607.76,Credit Card,24,Male,4,0
O101551,C1246,12/9/2023,Home,483.18,1,483.18,PayPal,41,Female,4,0
O101552,C1440,10/20/2023,Beauty,264.54,1,264.54,UPI,47,Male,4,1
O101553,C1500,8/21/2023,Sports,421.35,1,421.35,PayPal,29,Female,4,0
O101554,C1095,7/9/2023,Beauty,282.01,1,282.01,Bank Transfer,40,Male,3,1
O101555,C1441,11/18/2023,Electronics,107.29,1,107.29,Bank Transfer,29,Female,1,0
O101556,C1272,1/17/2023,Home,428.06,2,856.12,Bank Transfer,30,Female,5,0
O101557,C1358,11/10/2023,Books,270.86,2,541.72,UPI,56,Male,4,0
O101558,C1404,12/17/2023,Electronics,480.09,3,1440.27,UPI,30,Female,5,0
O101559,C1377,1/29/2023,Books,369.05,3,1107.15,Debit Card,55,Male,4,0
O101560,C1057,7/16/2023,Home,120.14,3,360.42,Bank Transfer,41,Male,3,0
O101561,C1188,7/7/2023,Clothing,463.02,3,1389.06,UPI,23,Male,4,0
O101562,C1288,12/30/2023,Clothing,358.71,4,1434.84,PayPal,23,Female,5,1
O101563,C1123,10/4/2023,Electronics,137.96,3,413.88,Bank Transfer,26,Male,2,0
O101564,C1386,4/26/2023,Home,253.88,2,507.76,Debit Card,27,Female,4,0
O101565,C1258,12/15/2023,Sports,263.31,4,1053.24,Debit Card,18,Male,1,0
O101566,C1033,7/10/2023,Home,357.94,3,1073.82,Bank Transfer,34,Female,2,0
O101567,C1257,9/27/2023,Electronics,477.81,1,477.81,Bank Transfer,34,Female,3,0
O101568,C1232,11/14/2023,Home,290.58,1,290.58,Credit Card,21,Male,4,0
O101569,C1457,8/23/2023,Electronics,282.26,1,282.26,Credit Card,42,Female,5,0
O101570,C1460,4/2/2023,Home,228.91,4,915.64,Credit Card,53,Male,4,1
O101571,C1085,5/22/2023,Electronics,413.67,4,1654.68,PayPal,37,Female,4,1
O101572,C1078,4/15/2023,Books,254.01,3,762.03,Credit Card,50,Female,5,0
O101573,C1214,12/16/2023,Books,253.4,2,506.8,PayPal,63,Female,3,0
O101574,C1178,8/4/2023,Sports,147.06,1,147.06,Credit Card,44,Female,4,0
O101575,C1097,2/2/2023,Electronics,349.08,3,1047.24,PayPal,47,Female,4,1
O101576,C1211,10/24/2023,Home,19.42,4,77.68,Debit Card,46,Female,5,0
O101577,C1304,12/7/2023,Beauty,277.59,3,832.77,UPI,37,Female,3,0
O101578,C1235,6/5/2023,Books,239.99,2,479.98,PayPal,60,Female,5,0
O101579,C1088,5/14/2023,Clothing,392.06,3,1176.18,Bank Transfer,40,Female,2,0
O101580,C1498,5/28/2023,Electronics,33.26,1,33.26,PayPal,23,Female,4,0
O101581,C1146,8/22/2023,Clothing,297.13,3,891.39,UPI,43,Male,3,0
O101582,C1365,10/2/2023,Home,264.63,2,529.26,PayPal,52,Male,4,0
O101583,C1430,12/29/2023,Beauty,89.98,4,359.92,PayPal,55,Male,4,0
O101584,C1122,3/1/2023,Electronics,351.27,3,1053.81,Debit Card,53,Male,2,0
O101585,C1226,5/14/2023,Home,264.71,2,529.42,PayPal,41,Male,4,0
O101586,C1288,12/29/2023,Electronics,131.66,2,263.32,Debit Card,19,Female,5,0
O101587,C1076,7/10/2023,Sports,249.83,3,749.49,UPI,28,Male,4,0
O101588,C1274,6/4/2023,Electronics,448.65,3,1345.95,Credit Card,24,Female,3,0
O101589,C1477,9/13/2023,Clothing,207.33,2,414.66,Bank Transfer,57,Female,4,0
O101590,C1080,1/3/2023,Beauty,79.14,2,158.28,UPI,59,Female,5,0
O101591,C1332,12/28/2023,Home,182.71,3,548.13,Bank Transfer,19,Female,4,0
O101592,C1497,10/21/2023,Beauty,156.35,4,625.4,PayPal,29,Female,5,0
O101593,C1174,12/19/2023,Electronics,69.51,1,69.51,Bank Transfer,41,Male,5,0
O101594,C1072,12/14/2023,Books,36.31,3,108.93,Credit Card,30,Female,4,0
O101595,C1013,7/25/2023,Books,437.87,2,875.74,PayPal,33,Female,3,0
O101596,C1183,2/17/2023,Home,377.41,3,1132.23,Credit Card,60,Male,4,0
O101597,C1299,9/27/2023,Clothing,203.44,2,406.88,Debit Card,45,Male,4,0
O101598,C1012,2/12/2023,Books,400.48,2,800.96,Bank Transfer,31,Male,4,0
O101599,C1500,9/20/2023,Sports,145.52,2,291.04,PayPal,49,Female,5,0
O101600,C1163,11/5/2023,Books,306.97,2,613.94,UPI,19,Male,3,0
O101601,C1466,12/8/2023,Home,6.94,3,20.82,Bank Transfer,26,Male,4,0
O101602,C1367,8/7/2023,Home,400.25,4,1601,Bank Transfer,36,Female,4,1
O101603,C1007,5/26/2023,Home,53.78,1,53.78,Debit Card,39,Female,3,0
O101604,C1229,10/15/2023,Electronics,11.23,2,22.46,PayPal,36,Female,5,0
O101605,C1380,8/1/2023,Sports,236.96,4,947.84,Debit Card,18,Male,5,0
O101606,C1413,8/6/2023,Beauty,374.14,1,374.14,Bank Transfer,34,Male,4,0
O101607,C1428,10/28/2023,Books,13.56,1,13.56,Credit Card,50,Male,5,0
O101608,C1107,6/5/2023,Sports,7.03,3,21.09,UPI,27,Female,3,0
O101609,C1034,10/30/2023,Sports,283.77,1,283.77,Credit Card,30,Male,1,0
O101610,C1210,11/24/2023,Home,469.53,1,469.53,Bank Transfer,36,Male,5,0
O101611,C1285,8/25/2023,Beauty,427.47,2,854.94,UPI,18,Male,5,0
O101612,C1103,4/6/2023,Sports,375.06,3,1125.18,Debit Card,22,Female,3,0
O101613,C1022,6/4/2023,Books,155.63,3,466.89,Debit Card,40,Female,5,0
O101614,C1287,8/26/2023,Clothing,92.89,2,185.78,Credit Card,26,Male,3,0
O101615,C1079,5/15/2023,Home,84.08,2,168.16,Bank Transfer,54,Male,3,0
O101616,C1335,12/7/2023,Home,453.35,2,906.7,Bank Transfer,53,Male,3,0
O101617,C1252,12/19/2023,Beauty,167.49,4,669.96,PayPal,38,Male,5,0
O101618,C1062,5/22/2023,Sports,86.54,4,346.16,Credit Card,57,Female,3,0
O101619,C1298,9/4/2023,Books,159.79,2,319.58,Bank Transfer,59,Female,2,0
O101620,C1322,12/18/2023,Sports,278.4,3,835.2,Credit Card,21,Female,3,0
O101621,C1263,10/22/2023,Electronics,390.28,2,780.56,Debit Card,63,Male,5,0
O101622,C1298,1/30/2023,Clothing,413.81,2,827.62,Debit Card,37,Female,4,0
O101623,C1450,12/21/2023,Clothing,236.36,1,236.36,Debit Card,45,Male,5,0
O101624,C1028,5/20/2023,Home,53.53,1,53.53,Bank Transfer,51,Female,2,0
O101625,C1025,5/29/2023,Home,113.6,3,340.8,UPI,48,Male,5,1
O101626,C1264,4/10/2023,Beauty,413.01,1,413.01,PayPal,22,Male,2,0
O101627,C1307,3/27/2023,Books,334.93,4,1339.72,Debit Card,26,Female,4,0
O101628,C1424,12/17/2023,Home,270.06,2,540.12,Debit Card,42,Female,4,0
O101629,C1050,10/1/2023,Books,401.08,2,802.16,Debit Card,60,Male,5,0
O101630,C1007,3/12/2023,Books,120.88,2,241.76,Debit Card,19,Female,4,0
O101631,C1399,9/6/2023,Sports,481.29,4,1925.16,Debit Card,30,Male,4,0
O101632,C1053,4/22/2023,Clothing,467.9,1,467.9,UPI,36,Male,4,0
O101633,C1426,4/7/2023,Books,83.9,4,335.6,UPI,37,Male,5,0
O101634,C1214,8/24/2023,Electronics,64.97,2,129.94,Credit Card,47,Male,5,0
O101635,C1473,1/9/2023,Sports,211.06,4,844.24,Debit Card,23,Female,2,0
O101636,C1354,7/5/2023,Clothing,466.09,1,466.09,Bank Transfer,36,Female,5,0
O101637,C1089,12/30/2023,Home,166.87,3,500.61,Credit Card,33,Male,3,1
O101638,C1114,3/7/2023,Beauty,318.78,2,637.56,PayPal,39,Male,5,0
O101639,C1158,3/6/2023,Clothing,120.79,4,483.16,PayPal,40,Male,5,0
O101640,C1218,12/20/2023,Electronics,156.67,1,156.67,Credit Card,45,Male,3,0
O101641,C1397,9/5/2023,Sports,367.75,4,1471,Credit Card,51,Male,5,0
O101642,C1056,1/17/2023,Beauty,100.46,4,401.84,UPI,57,Male,5,0
O101643,C1241,3/2/2023,Home,9.84,2,19.68,Credit Card,21,Male,4,1
O101644,C1155,12/8/2023,Electronics,466.21,2,932.42,Credit Card,29,Male,4,0
O101645,C1472,11/5/2023,Clothing,257.44,1,257.44,UPI,58,Male,5,1
O101646,C1095,12/10/2023,Home,194.87,2,389.74,Credit Card,48,Male,5,0
O101647,C1075,5/23/2023,Books,163.43,2,326.86,Debit Card,42,Female,3,0
O101648,C1083,9/14/2023,Beauty,23.7,3,71.1,UPI,20,Male,3,0
O101649,C1259,10/19/2023,Electronics,119.33,1,119.33,Credit Card,31,Male,5,0
O101650,C1271,4/22/2023,Beauty,210.95,1,210.95,PayPal,49,Female,3,0
O101651,C1088,10/3/2023,Electronics,149.47,3,448.41,Credit Card,25,Male,4,0
O101652,C1472,9/16/2023,Beauty,53.94,2,107.88,Bank Transfer,61,Female,5,0
O101653,C1358,10/29/2023,Clothing,426,4,1704,Bank Transfer,21,Male,4,0
O101654,C1093,7/1/2023,Sports,194.21,1,194.21,Bank Transfer,30,Male,5,0
O101655,C1264,4/27/2023,Sports,328.77,3,986.31,Credit Card,45,Female,3,0
O101656,C1064,8/27/2023,Electronics,225.62,1,225.62,UPI,45,Male,5,0
O101657,C1254,7/4/2023,Beauty,158.47,2,316.94,Debit Card,26,Male,5,0
O101658,C1043,6/17/2023,Sports,28.25,4,113,Credit Card,50,Female,5,0
O101659,C1146,8/22/2023,Books,118.19,3,354.57,Debit Card,64,Female,1,0
O101660,C1116,10/11/2023,Sports,239.52,4,958.08,Debit Card,20,Female,4,0
O101661,C1097,2/5/2023,Sports,322.43,3,967.29,Debit Card,60,Male,4,0
O101662,C1007,12/12/2023,Sports,484.64,4,1938.56,Credit Card,32,Female,5,0
O101663,C1225,9/25/2023,Beauty,347.19,2,694.38,Credit Card,50,Male,5,0
O101664,C1074,7/22/2023,Sports,60.63,2,121.26,UPI,63,Male,4,0
O101665,C1380,3/28/2023,Electronics,425.67,4,1702.68,Debit Card,28,Male,3,0
O101666,C1174,4/13/2023,Books,180.02,4,720.08,Bank Transfer,36,Male,3,0
O101667,C1120,8/6/2023,Beauty,467.74,2,935.48,Bank Transfer,26,Female,5,0
O101668,C1392,1/1/2024,Books,217.58,1,217.58,UPI,25,Female,3,0
O101669,C1388,11/26/2023,Sports,473.72,3,1421.16,Debit Card,18,Female,3,0
O101670,C1342,11/5/2023,Sports,464.61,2,929.22,Bank Transfer,64,Female,4,1
O101671,C1076,8/21/2023,Electronics,176.08,3,528.24,Credit Card,18,Female,1,0
O101672,C1251,9/12/2023,Clothing,416.47,3,1249.41,PayPal,36,Male,4,0
O101673,C1051,1/28/2023,Electronics,269.11,1,269.11,Bank Transfer,29,Male,4,0
O101674,C1498,4/2/2023,Sports,12.67,1,12.67,UPI,56,Female,4,0
O101675,C1079,6/5/2023,Books,15.42,4,61.68,UPI,26,Male,5,0
O101676,C1390,2/9/2023,Beauty,447.62,1,447.62,UPI,55,Female,5,0
O101677,C1406,8/27/2023,Clothing,430.08,1,430.08,Debit Card,57,Female,4,0
O101678,C1252,9/16/2023,Home,367.69,4,1470.76,UPI,50,Female,1,0
O101679,C1415,10/4/2023,Books,405.35,4,1621.4,Credit Card,37,Male,4,0
O101680,C1221,3/2/2023,Sports,432.4,2,864.8,Bank Transfer,35,Female,5,0
O101681,C1437,7/12/2023,Sports,432.17,1,432.17,Bank Transfer,29,Male,4,0
O101682,C1017,4/1/2023,Books,13.9,2,27.8,Debit Card,42,Male,4,0
O101683,C1252,8/9/2023,Clothing,398.67,1,398.67,Debit Card,42,Female,4,0
O101684,C1250,2/26/2023,Books,154.83,3,464.49,Bank Transfer,40,Female,3,0
O101685,C1244,10/15/2023,Clothing,444.48,2,888.96,UPI,31,Male,4,0
O101686,C1201,5/15/2023,Sports,232.76,3,698.28,UPI,43,Female,3,0
O101687,C1316,12/13/2023,Home,318.73,3,956.19,Debit Card,32,Female,1,0
O101688,C1032,1/15/2023,Books,81.65,3,244.95,Credit Card,40,Male,4,0
O101689,C1429,7/7/2023,Home,313.47,3,940.41,UPI,59,Male,5,0
O101690,C1392,11/17/2023,Home,460.98,1,460.98,Bank Transfer,43,Male,5,0
O101691,C1220,6/26/2023,Home,383.73,3,1151.19,Bank Transfer,30,Female,4,0
O101692,C1029,12/5/2023,Clothing,14.09,4,56.36,PayPal,28,Male,4,0
O101693,C1332,6/9/2023,Books,47.47,4,189.88,Credit Card,26,Male,5,0
O101694,C1445,6/6/2023,Electronics,67.92,4,271.68,Debit Card,27,Male,4,0
O101695,C1011,10/3/2023,Home,26.61,2,53.22,Credit Card,56,Female,5,0
O101696,C1337,8/5/2023,Books,104.69,4,418.76,UPI,27,Female,3,0
O101697,C1137,1/11/2023,Beauty,245.59,1,245.59,Bank Transfer,27,Male,4,1
O101698,C1163,7/13/2023,Books,363.37,1,363.37,Bank Transfer,20,Female,4,0
O101699,C1294,2/20/2023,Sports,260.97,4,1043.88,Credit Card,29,Male,5,0
O101700,C1173,9/12/2023,Books,347.82,4,1391.28,Debit Card,40,Male,5,0
O101701,C1315,6/3/2023,Home,269.35,4,1077.4,Bank Transfer,43,Male,4,0
O101702,C1255,11/22/2023,Electronics,142.68,2,285.36,UPI,60,Male,5,1
O101703,C1148,5/16/2023,Electronics,279.29,2,558.58,Debit Card,56,Female,5,0
O101704,C1412,4/26/2023,Books,459.29,1,459.29,Credit Card,26,Male,5,0
O101705,C1304,6/22/2023,Home,388.25,3,1164.75,Credit Card,50,Female,4,0
O101706,C1219,4/18/2023,Home,27.97,1,27.97,Credit Card,52,Female,4,0
O101707,C1259,6/3/2023,Sports,255.3,1,255.3,UPI,50,Female,3,0
O101708,C1103,8/1/2023,Sports,123.43,1,123.43,Debit Card,51,Female,3,0
O101709,C1344,10/8/2023,Clothing,261.57,3,784.71,Credit Card,23,Male,3,0
O101710,C1296,9/13/2023,Clothing,366.3,2,732.6,Bank Transfer,35,Female,4,0
O101711,C1480,11/23/2023,Books,357.01,3,1071.03,UPI,23,Female,5,0
O101712,C1479,10/17/2023,Beauty,452.96,3,1358.88,Credit Card,29,Male,3,0
O101713,C1187,8/25/2023,Clothing,181.41,4,725.64,PayPal,43,Male,5,0
O101714,C1383,12/17/2023,Home,230.77,4,923.08,Bank Transfer,59,Female,3,1
O101715,C1164,2/2/2023,Beauty,71.7,3,215.1,PayPal,46,Female,4,0
O101716,C1137,5/27/2023,Beauty,238.33,2,476.66,PayPal,42,Female,4,0
O101717,C1352,11/4/2023,Clothing,282.15,1,282.15,Bank Transfer,35,Male,4,0
O101718,C1059,3/18/2023,Clothing,407.3,3,1221.9,Credit Card,21,Male,2,0
O101719,C1409,6/8/2023,Sports,466.56,2,933.12,Bank Transfer,36,Female,4,0
O101720,C1217,11/28/2023,Electronics,261.61,2,523.22,PayPal,58,Male,3,0
O101721,C1140,3/11/2023,Electronics,222.11,3,666.33,Debit Card,48,Female,4,1
O101722,C1338,10/9/2023,Clothing,451.75,3,1355.25,Credit Card,62,Female,4,0
O101723,C1401,1/11/2023,Electronics,307.77,3,923.31,Credit Card,22,Female,5,1
O101724,C1309,6/2/2023,Electronics,456.57,1,456.57,Bank Transfer,32,Female,3,0
O101725,C1344,12/3/2023,Electronics,154.63,2,309.26,Bank Transfer,45,Male,5,0
O101726,C1121,2/27/2023,Books,59.46,2,118.92,UPI,35,Male,4,0
O101727,C1268,12/7/2023,Books,383.5,2,767,UPI,26,Female,5,0
O101728,C1255,2/16/2023,Clothing,75.7,2,151.4,UPI,31,Male,4,0
O101729,C1396,6/10/2023,Home,410.62,4,1642.48,UPI,24,Female,4,0
O101730,C1413,5/1/2023,Sports,413.6,2,827.2,PayPal,44,Male,4,0
O101731,C1055,3/31/2023,Clothing,88.72,4,354.88,Debit Card,46,Female,4,0
O101732,C1210,5/11/2023,Books,465.06,3,1395.18,Credit Card,27,Female,4,0
O101733,C1274,7/11/2023,Beauty,491.16,2,982.32,Credit Card,38,Female,4,0
O101734,C1280,8/5/2023,Sports,99.25,2,198.5,PayPal,23,Female,1,0
O101735,C1451,3/16/2023,Home,44.23,3,132.69,Bank Transfer,44,Female,4,0
O101736,C1421,6/7/2023,Electronics,180.72,1,180.72,UPI,53,Male,2,0
O101737,C1431,12/6/2023,Electronics,19.72,2,39.44,PayPal,34,Female,3,0
O101738,C1283,7/16/2023,Home,380.4,3,1141.2,Debit Card,50,Male,4,0
O101739,C1274,5/2/2023,Sports,74.55,1,74.55,Bank Transfer,54,Male,3,0
O101740,C1466,7/21/2023,Home,274.72,4,1098.88,Debit Card,64,Male,4,0
O101741,C1480,5/1/2023,Home,481.12,2,962.24,PayPal,42,Male,2,0
O101742,C1469,8/13/2023,Beauty,295.9,3,887.7,Debit Card,36,Female,4,0
O101743,C1405,1/18/2023,Home,321.5,4,1286,Credit Card,34,Female,4,0
O101744,C1242,7/31/2023,Home,444.44,4,1777.76,Bank Transfer,37,Male,3,0
O101745,C1423,3/24/2023,Beauty,242.61,1,242.61,Debit Card,54,Male,5,0
O101746,C1181,8/4/2023,Books,155.12,3,465.36,UPI,37,Female,2,1
O101747,C1233,12/22/2023,Electronics,24.45,2,48.9,Credit Card,51,Male,4,1
O101748,C1323,8/16/2023,Beauty,126.77,1,126.77,PayPal,42,Male,4,0
O101749,C1206,4/13/2023,Beauty,407.64,2,815.28,Debit Card,27,Female,4,0
O101750,C1295,2/12/2023,Electronics,53.44,3,160.32,PayPal,49,Male,4,0
O101751,C1265,1/1/2024,Beauty,32.84,1,32.84,PayPal,63,Female,5,0
O101752,C1406,6/13/2023,Sports,461.38,4,1845.52,Bank Transfer,42,Male,4,1
O101753,C1134,3/30/2023,Beauty,201.16,2,402.32,UPI,34,Female,4,0
O101754,C1410,5/25/2023,Clothing,230.2,2,460.4,Credit Card,60,Female,5,0
O101755,C1189,4/4/2023,Sports,324.65,3,973.95,Bank Transfer,21,Male,3,1
O101756,C1011,1/12/2023,Books,42.62,3,127.86,UPI,34,Male,5,0
O101757,C1465,2/15/2023,Sports,438.3,4,1753.2,PayPal,45,Female,4,0
O101758,C1360,3/28/2023,Electronics,425.55,1,425.55,Bank Transfer,57,Female,4,0
O101759,C1308,5/14/2023,Clothing,291.67,1,291.67,Credit Card,33,Female,5,0
O101760,C1088,10/18/2023,Electronics,318.47,3,955.41,Credit Card,59,Female,3,0
O101761,C1396,8/21/2023,Beauty,85.99,2,171.98,Bank Transfer,30,Male,4,0
O101762,C1115,1/1/2024,Clothing,218.34,4,873.36,PayPal,39,Female,5,0
O101763,C1148,9/11/2023,Sports,345.28,3,1035.84,PayPal,48,Female,2,1
O101764,C1439,4/16/2023,Books,146.7,4,586.8,PayPal,24,Female,4,0
O101765,C1373,12/13/2023,Clothing,406.08,3,1218.24,Bank Transfer,31,Male,3,0
O101766,C1210,3/16/2023,Electronics,85.44,3,256.32,Debit Card,43,Female,4,0
O101767,C1121,11/13/2023,Sports,37.47,3,112.41,PayPal,29,Female,4,0
O101768,C1299,12/17/2023,Beauty,184.99,4,739.96,Bank Transfer,53,Male,4,0
O101769,C1006,8/29/2023,Clothing,40.23,3,120.69,Debit Card,43,Female,4,0
O101770,C1352,4/19/2023,Beauty,260.49,3,781.47,Bank Transfer,38,Female,4,0
O101771,C1377,11/2/2023,Home,152.94,1,152.94,Credit Card,61,Male,2,0
O101772,C1286,1/31/2023,Electronics,224.71,4,898.84,Debit Card,45,Male,4,0
O101773,C1242,7/1/2023,Books,187.02,1,187.02,UPI,61,Male,3,0
O101774,C1003,5/10/2023,Books,334.56,2,669.12,UPI,18,Female,4,0
O101775,C1155,7/22/2023,Beauty,109.13,4,436.52,Debit Card,18,Male,5,0
O101776,C1496,10/14/2023,Electronics,117.63,1,117.63,UPI,53,Male,2,0
O101777,C1134,3/28/2023,Books,42.2,2,84.4,Bank Transfer,44,Female,5,0
O101778,C1450,8/28/2023,Clothing,421.97,1,421.97,Credit Card,40,Female,3,0
O101779,C1364,9/29/2023,Sports,101.58,2,203.16,PayPal,58,Female,4,0
O101780,C1060,6/10/2023,Electronics,251.13,1,251.13,PayPal,64,Female,3,1
O101781,C1447,5/24/2023,Beauty,480.55,2,961.1,Debit Card,36,Female,5,0
O101782,C1145,5/15/2023,Books,307.42,3,922.26,Debit Card,31,Female,5,0
O101783,C1224,3/26/2023,Home,434.9,4,1739.6,Bank Transfer,55,Male,4,0
O101784,C1285,12/3/2023,Beauty,171.4,3,514.2,Bank Transfer,33,Male,1,0
O101785,C1097,3/18/2023,Electronics,350.92,4,1403.68,PayPal,27,Male,2,0
O101786,C1019,8/29/2023,Home,8.96,3,26.88,PayPal,51,Female,5,0
O101787,C1224,3/1/2023,Sports,359.64,1,359.64,Credit Card,50,Female,5,0
O101788,C1183,12/30/2023,Books,479.13,1,479.13,Bank Transfer,24,Female,2,0
O101789,C1253,2/27/2023,Beauty,171.74,2,343.48,PayPal,35,Male,3,0
O101790,C1179,2/17/2023,Clothing,254.29,1,254.29,Debit Card,45,Male,5,0
O101791,C1428,3/28/2023,Beauty,255.64,1,255.64,UPI,50,Female,3,0
O101792,C1289,12/6/2023,Books,116.49,1,116.49,PayPal,21,Male,3,0
O101793,C1270,10/20/2023,Clothing,282.93,4,1131.72,Bank Transfer,37,Male,3,0
O101794,C1127,9/13/2023,Beauty,480.99,2,961.98,Credit Card,40,Female,4,0
O101795,C1014,5/26/2023,Beauty,276.89,1,276.89,Credit Card,59,Female,5,0
O101796,C1192,10/30/2023,Electronics,361.97,2,723.94,Debit Card,33,Male,5,0
O101797,C1015,2/11/2023,Sports,308.28,1,308.28,Bank Transfer,41,Female,5,0
O101798,C1322,5/18/2023,Books,139.76,1,139.76,Credit Card,36,Female,5,0
O101799,C1497,1/23/2023,Beauty,230.8,4,923.2,UPI,38,Female,5,0
O101800,C1167,10/19/2023,Clothing,205.3,1,205.3,PayPal,42,Male,3,0
O101801,C1411,11/26/2023,Home,297.5,2,595,Debit Card,58,Male,3,0
O101802,C1381,2/6/2023,Books,390.87,2,781.74,UPI,21,Female,5,0
O101803,C1048,7/24/2023,Home,473.11,2,946.22,PayPal,53,Male,5,0
O101804,C1495,7/24/2023,Electronics,131.34,1,131.34,Credit Card,50,Male,4,0
O101805,C1084,7/18/2023,Sports,288.95,4,1155.8,Debit Card,41,Male,1,0
O101806,C1062,6/2/2023,Sports,178.04,3,534.12,Bank Transfer,29,Female,3,0
O101807,C1463,12/17/2023,Books,141.02,4,564.08,PayPal,39,Female,2,1
O101808,C1341,2/19/2023,Home,313.05,1,313.05,UPI,27,Male,3,0
O101809,C1251,8/17/2023,Sports,115.77,4,463.08,Bank Transfer,60,Female,5,0
O101810,C1289,11/4/2023,Sports,337.53,1,337.53,Credit Card,39,Female,1,0
O101811,C1416,7/8/2023,Books,269.6,1,269.6,PayPal,62,Female,4,0
O101812,C1323,8/7/2023,Electronics,263.32,1,263.32,Credit Card,29,Female,3,0
O101813,C1499,8/26/2023,Beauty,363.83,2,727.66,PayPal,35,Male,5,0
O101814,C1477,9/11/2023,Books,190.28,2,380.56,UPI,42,Male,5,0
O101815,C1149,8/28/2023,Sports,92.14,2,184.28,Credit Card,48,Female,5,0
O101816,C1154,3/18/2023,Clothing,336.78,4,1347.12,Debit Card,33,Male,5,0
O101817,C1268,8/7/2023,Home,303.24,1,303.24,UPI,42,Male,5,0
O101818,C1283,2/9/2023,Electronics,24.34,1,24.34,UPI,33,Male,2,1
O101819,C1262,8/6/2023,Sports,481.01,1,481.01,Credit Card,25,Female,4,0
O101820,C1339,10/19/2023,Home,366.11,1,366.11,Debit Card,39,Female,4,0
O101821,C1300,2/11/2023,Books,223.02,2,446.04,Credit Card,46,Male,5,0
O101822,C1380,12/5/2023,Sports,303.59,2,607.18,PayPal,63,Male,5,0
O101823,C1432,7/21/2023,Electronics,26.7,2,53.4,Credit Card,62,Female,2,0
O101824,C1449,12/27/2023,Home,447.52,1,447.52,Debit Card,33,Female,1,0
O101825,C1388,12/10/2023,Sports,110.38,2,220.76,UPI,34,Female,4,0
O101826,C1175,4/6/2023,Clothing,163.2,2,326.4,PayPal,49,Male,2,0
O101827,C1383,11/6/2023,Home,41.26,1,41.26,Credit Card,25,Female,5,0
O101828,C1274,1/10/2023,Electronics,359.58,1,359.58,Bank Transfer,48,Male,4,0
O101829,C1007,3/29/2023,Beauty,23.99,4,95.96,Bank Transfer,22,Female,3,0
O101830,C1355,7/27/2023,Beauty,337.25,3,1011.75,UPI,33,Female,5,0
O101831,C1156,11/13/2023,Books,210.51,1,210.51,Debit Card,30,Female,3,0
O101832,C1412,6/4/2023,Electronics,487.28,2,974.56,PayPal,53,Male,4,0
O101833,C1008,4/8/2023,Electronics,482.52,1,482.52,Credit Card,18,Male,2,1
O101834,C1440,1/14/2023,Clothing,267.29,3,801.87,Bank Transfer,32,Male,4,0
O101835,C1333,5/4/2023,Sports,385.2,3,1155.6,UPI,60,Male,3,0
O101836,C1045,6/4/2023,Sports,419.73,2,839.46,PayPal,45,Female,5,0
O101837,C1217,1/12/2023,Electronics,298.53,3,895.59,PayPal,50,Male,4,0
O101838,C1379,12/26/2023,Sports,346.32,4,1385.28,Bank Transfer,50,Female,3,1
O101839,C1011,8/19/2023,Books,376.64,3,1129.92,PayPal,40,Male,4,0
O101840,C1151,10/19/2023,Sports,20.37,3,61.11,Credit Card,21,Female,4,0
O101841,C1005,2/22/2023,Beauty,50.53,1,50.53,Bank Transfer,31,Female,4,0
O101842,C1435,9/11/2023,Beauty,293.02,3,879.06,UPI,54,Female,2,0
O101843,C1019,9/7/2023,Sports,75.36,1,75.36,Bank Transfer,30,Female,2,0
O101844,C1119,1/1/2024,Electronics,92.82,4,371.28,UPI,39,Male,4,1
O101845,C1217,10/23/2023,Home,32.12,3,96.36,UPI,28,Male,5,0
O101846,C1138,11/28/2023,Sports,404.22,2,808.44,Bank Transfer,21,Male,5,0
O101847,C1254,11/15/2023,Beauty,174.08,3,522.24,Debit Card,23,Female,4,0
O101848,C1358,8/12/2023,Electronics,364.85,4,1459.4,PayPal,31,Female,3,0
O101849,C1372,4/9/2023,Sports,71.07,3,213.21,Debit Card,49,Female,4,0
O101850,C1119,9/17/2023,Clothing,27.98,1,27.98,UPI,19,Female,5,0
O101851,C1472,11/5/2023,Beauty,225.66,4,902.64,Bank Transfer,58,Male,5,0
O101852,C1453,5/31/2023,Beauty,284.69,2,569.38,Bank Transfer,39,Female,5,0
O101853,C1427,12/11/2023,Beauty,281.94,4,1127.76,Debit Card,32,Female,2,0
O101854,C1410,3/24/2023,Books,468.44,1,468.44,PayPal,24,Female,4,0
O101855,C1354,2/14/2023,Beauty,192.12,1,192.12,Bank Transfer,30,Male,5,0
O101856,C1089,4/13/2023,Clothing,355.84,1,355.84,UPI,46,Female,3,0
O101857,C1052,8/1/2023,Sports,17.74,3,53.22,Debit Card,54,Male,5,0
O101858,C1108,10/13/2023,Electronics,261.52,2,523.04,Credit Card,23,Female,1,0
O101859,C1452,5/14/2023,Home,11.44,4,45.76,PayPal,24,Male,4,0
O101860,C1424,9/15/2023,Electronics,462.49,1,462.49,Credit Card,38,Female,4,0
O101861,C1221,2/28/2023,Books,113.56,4,454.24,PayPal,59,Male,4,0
O101862,C1288,4/25/2023,Sports,5.35,2,10.7,Debit Card,23,Female,3,0
O101863,C1402,7/1/2023,Electronics,135.42,4,541.68,UPI,41,Female,4,0
O101864,C1459,3/19/2023,Beauty,162.58,1,162.58,UPI,54,Male,5,0
O101865,C1362,1/26/2023,Sports,255.7,3,767.1,Bank Transfer,52,Male,3,0
O101866,C1500,2/24/2023,Books,309.47,2,618.94,UPI,50,Male,4,0
O101867,C1422,10/15/2023,Electronics,295.39,2,590.78,UPI,50,Male,4,0
O101868,C1086,11/19/2023,Electronics,317.36,2,634.72,PayPal,34,Female,4,0
O101869,C1081,5/30/2023,Beauty,280.58,3,841.74,Bank Transfer,47,Female,5,0
O101870,C1376,2/20/2023,Clothing,221.25,4,885,Debit Card,42,Female,4,0
O101871,C1420,3/12/2023,Electronics,407.74,2,815.48,PayPal,55,Female,4,0
O101872,C1497,8/1/2023,Electronics,107.7,2,215.4,PayPal,34,Female,4,0
O101873,C1175,5/27/2023,Books,122.1,1,122.1,PayPal,52,Male,2,0
O101874,C1137,7/10/2023,Beauty,422.02,4,1688.08,Bank Transfer,33,Female,1,1
O101875,C1323,12/7/2023,Clothing,63.59,2,127.18,PayPal,58,Female,3,0
O101876,C1404,4/27/2023,Clothing,258.59,1,258.59,Bank Transfer,19,Female,4,0
O101877,C1471,7/29/2023,Sports,332.42,3,997.26,UPI,60,Female,4,0
O101878,C1484,1/16/2023,Sports,12.18,4,48.72,PayPal,61,Male,4,0
O101879,C1368,9/22/2023,Electronics,95.55,2,191.1,Credit Card,35,Female,5,0
O101880,C1162,7/25/2023,Clothing,301.85,4,1207.4,Bank Transfer,60,Male,5,0
O101881,C1202,1/19/2023,Beauty,307.38,3,922.14,PayPal,63,Male,1,0
O101882,C1324,1/1/2024,Beauty,116.02,1,116.02,UPI,23,Female,2,0
O101883,C1215,7/25/2023,Beauty,277.06,4,1108.24,UPI,52,Female,2,0
O101884,C1370,6/10/2023,Home,108.97,3,326.91,Credit Card,35,Female,3,0
O101885,C1461,9/28/2023,Books,79.5,1,79.5,PayPal,44,Female,5,0
O101886,C1229,11/26/2023,Clothing,247.85,4,991.4,UPI,56,Female,5,0
O101887,C1358,6/26/2023,Beauty,132.56,4,530.24,Bank Transfer,52,Male,4,0
O101888,C1452,6/4/2023,Electronics,138.21,1,138.21,Credit Card,61,Female,1,0
O101889,C1200,3/6/2023,Books,149.69,3,449.07,UPI,40,Female,2,0
O101890,C1110,2/17/2023,Books,336.25,3,1008.75,UPI,20,Female,4,0
O101891,C1267,6/24/2023,Beauty,306.47,1,306.47,PayPal,46,Male,4,0
O101892,C1015,10/4/2023,Books,323.57,2,647.14,Debit Card,50,Male,4,1
O101893,C1427,6/5/2023,Beauty,23.59,3,70.77,Bank Transfer,34,Male,3,0
O101894,C1375,1/31/2023,Home,432.43,3,1297.29,Debit Card,57,Female,3,0
O101895,C1064,1/25/2023,Beauty,385.78,1,385.78,Credit Card,32,Female,3,0
O101896,C1153,10/21/2023,Beauty,257.33,1,257.33,Credit Card,23,Female,5,0
O101897,C1174,5/1/2023,Beauty,283.81,2,567.62,UPI,58,Male,3,0
O101898,C1180,6/3/2023,Home,452.67,1,452.67,UPI,47,Male,5,0
O101899,C1366,7/13/2023,Books,333.43,2,666.86,PayPal,53,Male,3,0
O101900,C1168,9/22/2023,Books,348.18,2,696.36,PayPal,20,Female,5,1
O101901,C1233,2/20/2023,Clothing,440.57,3,1321.71,Bank Transfer,47,Female,3,0
O101902,C1042,2/17/2023,Electronics,295.3,4,1181.2,Bank Transfer,56,Male,4,0
O101903,C1244,4/20/2023,Sports,20.33,1,20.33,Credit Card,47,Female,4,1
O101904,C1347,9/27/2023,Sports,120.83,2,241.66,UPI,47,Female,1,0
O101905,C1447,5/16/2023,Books,457.85,1,457.85,Bank Transfer,26,Female,5,0
O101906,C1226,12/19/2023,Sports,356.04,3,1068.12,Bank Transfer,22,Male,3,0
O101907,C1074,9/16/2023,Clothing,113.76,4,455.04,Bank Transfer,27,Female,3,0
O101908,C1067,12/27/2023,Books,152.35,4,609.4,UPI,46,Male,2,0
O101909,C1356,4/19/2023,Sports,457.08,3,1371.24,Bank Transfer,19,Male,4,1
O101910,C1383,3/22/2023,Books,315.56,3,946.68,Debit Card,21,Male,3,0
O101911,C1309,7/29/2023,Electronics,369.04,2,738.08,Credit Card,59,Female,3,1
O101912,C1293,5/29/2023,Electronics,55.47,3,166.41,UPI,37,Male,3,0
O101913,C1061,7/10/2023,Home,24.66,1,24.66,Debit Card,31,Female,4,0
O101914,C1151,9/6/2023,Electronics,114.51,2,229.02,PayPal,25,Male,4,0
O101915,C1402,10/29/2023,Sports,230.88,1,230.88,Credit Card,59,Female,4,0
O101916,C1456,5/26/2023,Clothing,401.67,1,401.67,PayPal,58,Female,3,0
O101917,C1002,3/4/2023,Books,413.98,1,413.98,Debit Card,25,Male,5,0
O101918,C1446,1/23/2023,Sports,307.4,3,922.2,Bank Transfer,59,Female,5,0
O101919,C1290,8/20/2023,Home,426.25,3,1278.75,Bank Transfer,35,Female,3,0
O101920,C1428,11/7/2023,Clothing,269.07,3,807.21,PayPal,34,Female,4,1
O101921,C1390,8/19/2023,Beauty,444.49,3,1333.47,Bank Transfer,50,Male,2,0
O101922,C1444,6/16/2023,Electronics,20.43,4,81.72,UPI,29,Female,2,0
O101923,C1199,4/30/2023,Sports,91.96,4,367.84,Debit Card,29,Male,4,0
O101924,C1491,12/10/2023,Sports,182.39,4,729.56,Debit Card,21,Male,4,0
O101925,C1444,3/26/2023,Beauty,430.74,4,1722.96,Credit Card,21,Female,5,0
O101926,C1288,11/27/2023,Electronics,483,1,483,UPI,19,Male,4,0
O101927,C1099,11/13/2023,Books,227.32,2,454.64,UPI,40,Male,4,0
O101928,C1491,10/19/2023,Books,367.7,1,367.7,PayPal,40,Female,3,0
O101929,C1258,1/10/2023,Electronics,366.56,2,733.12,UPI,32,Male,5,1
O101930,C1493,1/10/2023,Home,183.93,4,735.72,PayPal,26,Male,5,0
O101931,C1425,12/28/2023,Books,226.73,3,680.19,Bank Transfer,50,Male,4,0
O101932,C1414,10/1/2023,Books,118.7,2,237.4,Debit Card,39,Female,4,0
O101933,C1302,1/24/2023,Sports,282.7,2,565.4,Credit Card,28,Female,3,1
O101934,C1224,4/3/2023,Sports,207.57,4,830.28,Credit Card,18,Female,3,0
O101935,C1196,5/12/2023,Electronics,382.68,1,382.68,Credit Card,25,Male,5,1
O101936,C1278,3/28/2023,Home,481.34,1,481.34,PayPal,53,Male,5,0
O101937,C1131,2/15/2023,Clothing,252.31,4,1009.24,Debit Card,60,Female,1,0
O101938,C1348,3/28/2023,Electronics,168.85,2,337.7,UPI,56,Female,3,0
O101939,C1093,1/14/2023,Beauty,299.5,4,1198,Credit Card,35,Female,5,0
O101940,C1200,2/20/2023,Home,492.55,4,1970.2,PayPal,42,Female,3,0
O101941,C1458,6/15/2023,Home,134.84,1,134.84,Bank Transfer,53,Male,3,0
O101942,C1027,4/14/2023,Clothing,306.24,1,306.24,UPI,22,Male,5,0
O101943,C1253,9/18/2023,Books,158.74,1,158.74,Bank Transfer,26,Male,4,0
O101944,C1138,2/1/2023,Home,438.31,1,438.31,Bank Transfer,59,Female,4,0
O101945,C1034,9/5/2023,Electronics,277.81,1,277.81,Bank Transfer,23,Male,3,1
O101946,C1468,1/10/2023,Home,163.86,1,163.86,UPI,21,Male,2,1
O101947,C1127,10/12/2023,Beauty,398.56,4,1594.24,PayPal,52,Female,5,0
O101948,C1291,7/28/2023,Sports,204.14,4,816.56,Credit Card,36,Male,2,0
O101949,C1401,3/14/2023,Home,243.07,3,729.21,UPI,47,Male,4,0
O101950,C1401,5/6/2023,Books,344.34,3,1033.02,Bank Transfer,46,Female,3,0
O101951,C1022,1/1/2023,Sports,402.27,4,1609.08,UPI,36,Female,3,0
O101952,C1335,3/27/2023,Electronics,147.64,4,590.56,Credit Card,50,Female,5,0
O101953,C1140,11/3/2023,Home,51.91,3,155.73,Bank Transfer,60,Female,2,1
O101954,C1432,11/20/2023,Clothing,147.96,1,147.96,UPI,24,Female,3,0
O101955,C1024,3/24/2023,Beauty,168.5,3,505.5,UPI,23,Male,4,0
O101956,C1154,2/15/2023,Sports,107.6,1,107.6,Credit Card,33,Male,5,0
O101957,C1372,10/12/2023,Home,346.05,4,1384.2,Bank Transfer,28,Male,4,0
O101958,C1313,9/16/2023,Home,465.79,1,465.79,Debit Card,30,Female,4,0
O101959,C1386,12/29/2023,Sports,220.44,1,220.44,Debit Card,42,Male,3,0
O101960,C1340,6/14/2023,Home,91.14,4,364.56,PayPal,33,Female,1,0
O101961,C1492,11/3/2023,Home,192.83,4,771.32,Credit Card,43,Male,4,0
O101962,C1331,1/2/2023,Books,151.08,2,302.16,Bank Transfer,51,Male,2,0
O101963,C1462,1/5/2023,Beauty,178.2,3,534.6,PayPal,42,Female,4,0
O101964,C1285,12/23/2023,Beauty,296.72,2,593.44,Bank Transfer,32,Female,3,0
O101965,C1276,2/11/2023,Beauty,165.5,4,662,Credit Card,49,Male,4,0
O101966,C1457,12/10/2023,Sports,397.39,4,1589.56,Credit Card,39,Female,3,0
O101967,C1498,7/12/2023,Books,340.28,4,1361.12,Debit Card,19,Female,4,0
O101968,C1091,12/23/2023,Electronics,336.36,1,336.36,Credit Card,54,Female,4,1
O101969,C1190,4/9/2023,Sports,399.91,4,1599.64,Credit Card,45,Male,5,0
O101970,C1381,1/11/2023,Home,313.26,1,313.26,Debit Card,43,Male,2,0
O101971,C1047,11/11/2023,Beauty,69.36,4,277.44,Debit Card,48,Male,4,1
O101972,C1120,9/10/2023,Home,22.2,3,66.6,Credit Card,27,Female,4,0
O101973,C1253,12/27/2023,Beauty,307.69,3,923.07,UPI,31,Male,4,0
O101974,C1004,4/11/2023,Beauty,443.42,4,1773.68,Bank Transfer,27,Male,4,0
O101975,C1446,5/23/2023,Books,202.05,1,202.05,UPI,51,Female,3,1
O101976,C1088,10/10/2023,Clothing,437.41,3,1312.23,UPI,23,Male,4,0
O101977,C1034,10/29/2023,Clothing,223.43,2,446.86,Credit Card,59,Male,2,0
O101978,C1133,10/19/2023,Clothing,484.87,2,969.74,UPI,53,Female,2,0
O101979,C1099,12/14/2023,Electronics,386.8,4,1547.2,UPI,52,Female,5,0
O101980,C1349,10/14/2023,Sports,107.85,1,107.85,Credit Card,56,Female,4,0
O101981,C1329,12/11/2023,Beauty,123.93,1,123.93,Credit Card,29,Female,4,0
O101982,C1222,7/28/2023,Home,496.61,4,1986.44,Credit Card,48,Female,5,0
O101983,C1254,7/5/2023,Books,493.03,2,986.06,Credit Card,30,Male,5,1
O101984,C1025,5/23/2023,Sports,465.28,3,1395.84,UPI,42,Female,5,0
O101985,C1162,1/3/2023,Sports,250.02,3,750.06,PayPal,42,Female,4,0
O101986,C1042,10/20/2023,Electronics,223.41,2,446.82,PayPal,36,Female,4,0
O101987,C1491,2/8/2023,Clothing,281.52,4,1126.08,PayPal,56,Male,2,0
O101988,C1169,6/9/2023,Electronics,217.19,1,217.19,Credit Card,62,Male,4,0
O101989,C1246,8/10/2023,Electronics,145.87,4,583.48,UPI,28,Female,3,0
O101990,C1431,5/9/2023,Clothing,290.01,4,1160.04,Credit Card,61,Female,2,0
O101991,C1123,6/24/2023,Electronics,11.15,1,11.15,Debit Card,48,Male,1,0
O101992,C1484,2/7/2023,Books,436.63,2,873.26,UPI,61,Female,4,1
O101993,C1392,2/18/2023,Beauty,417.9,2,835.8,Bank Transfer,34,Male,3,0
O101994,C1044,2/1/2023,Electronics,144.56,1,144.56,Bank Transfer,46,Female,2,0
O101995,C1456,12/22/2023,Electronics,407.28,1,407.28,PayPal,33,Male,3,0
O101996,C1471,8/15/2023,Electronics,260.97,2,521.94,Debit Card,45,Female,4,0
O101997,C1034,2/22/2023,Beauty,311.08,2,622.16,Credit Card,18,Male,4,0
O101998,C1151,7/15/2023,Sports,305.82,2,611.64,Credit Card,52,Female,4,0
O101999,C1120,11/3/2023,Beauty,142.29,4,569.16,UPI,52,Male,3,0
O102000,C1233,7/16/2023,Sports,165.37,4,661.48,Bank Transfer,40,Male,5,0
O102001,C1174,11/30/2023,Beauty,248.3,4,993.2,Credit Card,45,Female,3,0
O102002,C1265,6/18/2023,Books,49.65,3,148.95,PayPal,62,Male,2,1
O102003,C1053,1/7/2023,Books,359.25,1,359.25,Credit Card,53,Male,4,0
O102004,C1464,10/21/2023,Clothing,429.89,3,1289.67,UPI,22,Female,4,1
O102005,C1182,8/4/2023,Sports,293.75,2,587.5,UPI,31,Female,4,0
O102006,C1096,5/5/2023,Clothing,6.84,1,6.84,Credit Card,35,Male,4,0
O102007,C1066,6/9/2023,Books,227,3,681,Bank Transfer,61,Female,4,0
O102008,C1160,10/26/2023,Books,71.09,4,284.36,PayPal,25,Male,4,0
O102009,C1241,6/8/2023,Books,79.18,1,79.18,Debit Card,37,Female,3,0
O102010,C1189,1/5/2023,Books,10.71,3,32.13,UPI,53,Male,3,0
O102011,C1030,5/2/2023,Books,5.78,4,23.12,UPI,18,Male,1,0
O102012,C1217,6/26/2023,Clothing,27.9,1,27.9,PayPal,57,Male,4,0
O102013,C1403,2/5/2023,Home,99.96,4,399.84,PayPal,44,Female,4,0
O102014,C1356,12/21/2023,Sports,374.92,1,374.92,UPI,58,Female,4,0
O102015,C1437,10/24/2023,Books,295.91,1,295.91,Debit Card,63,Female,5,0
O102016,C1215,6/18/2023,Clothing,124.77,2,249.54,Credit Card,24,Female,5,0
O102017,C1449,1/22/2023,Sports,366.69,1,366.69,PayPal,26,Male,5,0
O102018,C1328,4/25/2023,Beauty,102.92,4,411.68,PayPal,50,Female,3,0
O102019,C1320,4/20/2023,Clothing,344.37,4,1377.48,Bank Transfer,31,Female,5,0
O102020,C1414,7/12/2023,Clothing,221.2,3,663.6,Bank Transfer,64,Male,3,0
O102021,C1423,1/4/2023,Home,113.96,2,227.92,Credit Card,33,Male,4,0
O102022,C1184,1/16/2023,Books,437.26,1,437.26,Credit Card,47,Male,2,0
O102023,C1149,8/14/2023,Clothing,328.56,3,985.68,UPI,46,Female,1,0
O102024,C1023,1/16/2023,Clothing,464.26,3,1392.78,PayPal,53,Female,5,0
O102025,C1090,4/23/2023,Home,50.28,1,50.28,PayPal,58,Female,3,0
O102026,C1434,10/11/2023,Clothing,406.1,4,1624.4,PayPal,34,Male,4,1
O102027,C1012,4/1/2023,Home,96.99,4,387.96,Credit Card,51,Male,5,0
O102028,C1426,12/13/2023,Clothing,89.22,1,89.22,Bank Transfer,20,Male,4,0
O102029,C1174,4/18/2023,Home,143.91,2,287.82,Bank Transfer,46,Male,4,0
O102030,C1190,7/10/2023,Beauty,62.59,4,250.36,PayPal,39,Female,5,1
O102031,C1450,12/31/2023,Electronics,442.62,3,1327.86,Credit Card,24,Male,4,0
O102032,C1452,3/8/2023,Clothing,129.84,1,129.84,PayPal,38,Female,5,0
O102033,C1356,7/11/2023,Home,423.87,3,1271.61,UPI,29,Female,4,0
O102034,C1326,5/6/2023,Electronics,216.07,2,432.14,UPI,59,Male,1,0
O102035,C1438,10/2/2023,Home,391.77,3,1175.31,PayPal,38,Female,4,1
O102036,C1127,1/28/2023,Beauty,13.93,1,13.93,Debit Card,60,Male,5,0
O102037,C1436,9/18/2023,Books,165.33,1,165.33,Bank Transfer,31,Male,5,0
O102038,C1373,2/11/2023,Sports,439.67,4,1758.68,UPI,37,Male,4,0
O102039,C1086,9/18/2023,Sports,331.28,3,993.84,UPI,53,Female,4,0
O102040,C1256,9/23/2023,Sports,189.96,4,759.84,PayPal,46,Female,2,1
O102041,C1365,7/11/2023,Books,50.06,2,100.12,Bank Transfer,38,Female,3,1
O102042,C1243,5/18/2023,Books,283.69,2,567.38,Bank Transfer,21,Male,5,0
O102043,C1107,4/23/2023,Clothing,89.41,3,268.23,Bank Transfer,26,Male,4,0
O102044,C1203,4/22/2023,Home,245.21,3,735.63,Bank Transfer,59,Female,4,0
O102045,C1293,3/22/2023,Home,105.03,4,420.12,Debit Card,33,Male,4,0
O102046,C1069,2/13/2023,Home,103.33,2,206.66,Bank Transfer,20,Female,5,0
O102047,C1118,10/26/2023,Electronics,167.76,4,671.04,Bank Transfer,22,Female,3,0
O102048,C1219,8/19/2023,Sports,83.53,3,250.59,Bank Transfer,26,Female,2,0
O102049,C1189,9/12/2023,Home,403.3,3,1209.9,Debit Card,40,Female,5,0
O102050,C1013,4/2/2023,Sports,271.27,3,813.81,PayPal,36,Female,2,0
O102051,C1331,2/8/2023,Home,302.69,1,302.69,Credit Card,62,Female,4,0
O102052,C1432,9/14/2023,Books,177.15,2,354.3,UPI,18,Male,4,0
O102053,C1403,5/22/2023,Clothing,358.51,3,1075.53,Credit Card,47,Male,3,0
O102054,C1037,7/4/2023,Electronics,206.97,3,620.91,UPI,58,Male,4,0
O102055,C1171,4/11/2023,Beauty,187.97,3,563.91,Debit Card,18,Female,4,1
O102056,C1155,12/16/2023,Home,200.27,2,400.54,PayPal,29,Male,5,0
O102057,C1438,10/6/2023,Home,323.79,1,323.79,Credit Card,18,Female,5,0
O102058,C1145,6/27/2023,Sports,493.1,2,986.2,Bank Transfer,51,Male,5,0
O102059,C1242,12/1/2023,Books,133.51,4,534.04,PayPal,36,Female,4,0
O102060,C1117,4/27/2023,Beauty,447.83,2,895.66,PayPal,62,Female,3,0
O102061,C1120,9/22/2023,Books,401.18,2,802.36,UPI,44,Female,4,0
O102062,C1370,8/25/2023,Home,414.44,1,414.44,Credit Card,49,Female,3,0
O102063,C1434,4/7/2023,Sports,270.42,2,540.84,Bank Transfer,54,Male,5,0
O102064,C1225,8/19/2023,Books,206.83,1,206.83,Credit Card,28,Female,5,1
O102065,C1072,10/23/2023,Clothing,252.28,2,504.56,Debit Card,51,Male,4,0
O102066,C1256,12/4/2023,Home,449.01,2,898.02,Debit Card,33,Male,5,0
O102067,C1215,8/6/2023,Beauty,487.02,3,1461.06,Bank Transfer,25,Female,5,0
O102068,C1167,10/28/2023,Electronics,89.99,3,269.97,UPI,40,Male,1,0
O102069,C1473,3/13/2023,Clothing,114.43,3,343.29,Debit Card,21,Female,4,0
O102070,C1196,4/15/2023,Sports,89.33,3,267.99,Credit Card,27,Female,4,0
O102071,C1097,9/1/2023,Electronics,202.43,3,607.29,Debit Card,37,Female,5,1
O102072,C1328,6/5/2023,Electronics,441.43,1,441.43,PayPal,45,Male,4,0
O102073,C1346,10/11/2023,Clothing,158.17,3,474.51,Credit Card,51,Female,4,0
O102074,C1014,4/6/2023,Clothing,396.4,2,792.8,Credit Card,45,Female,4,0
O102075,C1146,4/16/2023,Clothing,481.62,4,1926.48,Debit Card,25,Male,4,0
O102076,C1233,1/30/2023,Home,464.31,2,928.62,UPI,39,Male,3,0
O102077,C1088,6/17/2023,Sports,135,1,135,Bank Transfer,30,Male,5,0
O102078,C1057,3/8/2023,Books,38.56,4,154.24,Bank Transfer,54,Female,5,0
O102079,C1381,2/5/2023,Sports,333.74,1,333.74,PayPal,52,Male,5,0
O102080,C1446,4/16/2023,Home,265.09,1,265.09,Bank Transfer,45,Female,5,0
O102081,C1082,11/6/2023,Books,160.06,1,160.06,Debit Card,19,Male,3,0
O102082,C1258,12/17/2023,Sports,433.53,4,1734.12,Debit Card,41,Male,4,0
O102083,C1004,3/15/2023,Sports,92.16,4,368.64,Credit Card,27,Female,3,0
O102084,C1310,5/7/2023,Books,196,3,588,Debit Card,31,Female,4,0
O102085,C1236,8/25/2023,Books,49.46,1,49.46,Credit Card,64,Male,4,0
O102086,C1148,11/27/2023,Sports,218.76,2,437.52,Debit Card,29,Female,4,0
O102087,C1201,11/10/2023,Clothing,56.4,3,169.2,Bank Transfer,64,Male,5,0
O102088,C1092,11/13/2023,Beauty,102.48,1,102.48,Bank Transfer,31,Female,5,0
O102089,C1197,12/4/2023,Clothing,110.61,2,221.22,UPI,42,Male,4,0
O102090,C1202,12/24/2023,Electronics,61.21,2,122.42,PayPal,45,Male,3,0
O102091,C1141,11/18/2023,Books,297.24,1,297.24,Debit Card,18,Male,1,0
O102092,C1358,4/22/2023,Sports,271.34,3,814.02,Bank Transfer,38,Male,5,0
O102093,C1189,2/9/2023,Electronics,23.34,4,93.36,UPI,23,Female,2,1
O102094,C1210,8/19/2023,Clothing,119.17,4,476.68,Debit Card,31,Male,3,0
O102095,C1260,1/23/2023,Sports,429.66,2,859.32,Credit Card,62,Male,4,0
O102096,C1328,12/22/2023,Beauty,12.97,2,25.94,Bank Transfer,52,Female,3,0
O102097,C1176,7/24/2023,Clothing,174.06,4,696.24,Bank Transfer,34,Male,4,0
O102098,C1006,5/9/2023,Electronics,181.41,4,725.64,PayPal,19,Female,4,0
O102099,C1344,8/26/2023,Sports,83.13,1,83.13,Bank Transfer,36,Male,4,0
O102100,C1043,10/8/2023,Beauty,77.72,2,155.44,PayPal,63,Female,5,0
O102101,C1072,8/30/2023,Home,113.3,1,113.3,PayPal,57,Male,3,0
O102102,C1430,1/10/2023,Books,304.65,3,913.95,Credit Card,44,Male,1,0
O102103,C1151,3/5/2023,Books,150.68,4,602.72,Bank Transfer,64,Male,4,0
O102104,C1040,12/10/2023,Electronics,174.42,1,174.42,Debit Card,41,Male,5,0
O102105,C1226,7/3/2023,Clothing,40.81,2,81.62,PayPal,55,Male,3,0
O102106,C1458,12/12/2023,Books,167.86,2,335.72,PayPal,41,Female,3,0
O102107,C1357,1/25/2023,Beauty,208.3,3,624.9,UPI,55,Male,4,1
O102108,C1200,12/20/2023,Home,25.73,3,77.19,Bank Transfer,30,Male,4,1
O102109,C1307,1/3/2023,Electronics,29.33,4,117.32,Bank Transfer,30,Male,5,0
O102110,C1476,5/8/2023,Home,438.76,4,1755.04,PayPal,53,Male,5,1
O102111,C1047,1/9/2023,Sports,330.31,1,330.31,Credit Card,49,Male,1,1
O102112,C1173,4/9/2023,Beauty,237.8,3,713.4,Credit Card,34,Male,4,0
O102113,C1491,2/19/2023,Beauty,66.55,3,199.65,PayPal,54,Male,2,0
O102114,C1023,8/1/2023,Books,312.9,3,938.7,Credit Card,43,Female,5,0
O102115,C1166,10/15/2023,Beauty,11.31,2,22.62,PayPal,38,Male,4,0
O102116,C1479,10/5/2023,Sports,326.29,3,978.87,Bank Transfer,35,Male,5,0
O102117,C1119,4/20/2023,Electronics,337.4,1,337.4,Debit Card,56,Female,5,0
O102118,C1089,1/8/2023,Sports,51.97,2,103.94,Debit Card,64,Male,4,0
O102119,C1200,4/19/2023,Sports,294.64,2,589.28,PayPal,42,Male,1,0
O102120,C1337,5/23/2023,Beauty,406.16,2,812.32,UPI,55,Female,2,0
O102121,C1023,2/4/2023,Clothing,202.67,4,810.68,Bank Transfer,21,Female,4,0
O102122,C1393,11/3/2023,Sports,425.15,4,1700.6,Credit Card,56,Male,4,0
O102123,C1129,2/18/2023,Books,30.68,1,30.68,Debit Card,40,Female,4,0
O102124,C1348,12/22/2023,Clothing,83.27,2,166.54,Debit Card,21,Male,5,0
O102125,C1326,12/19/2023,Home,315.26,2,630.52,Bank Transfer,46,Male,4,0
O102126,C1172,1/10/2023,Books,493.27,2,986.54,UPI,57,Female,1,0
O102127,C1196,9/19/2023,Beauty,14.66,2,29.32,PayPal,48,Male,2,1
O102128,C1120,1/11/2023,Books,303.92,1,303.92,Credit Card,36,Female,2,0
O102129,C1122,8/8/2023,Clothing,420.4,1,420.4,UPI,33,Male,4,0
O102130,C1031,3/12/2023,Home,7.93,2,15.86,Bank Transfer,23,Female,5,0
O102131,C1104,3/19/2023,Sports,58.6,1,58.6,PayPal,53,Male,5,0
O102132,C1122,11/3/2023,Sports,106.99,2,213.98,Debit Card,57,Male,2,0
O102133,C1143,6/12/2023,Beauty,186.4,4,745.6,Credit Card,32,Female,5,0
O102134,C1332,5/28/2023,Electronics,160.62,3,481.86,PayPal,57,Female,3,0
O102135,C1176,5/5/2023,Clothing,413.56,1,413.56,UPI,45,Male,4,0
O102136,C1465,12/7/2023,Clothing,202.29,3,606.87,PayPal,41,Female,5,0
O102137,C1267,6/14/2023,Clothing,438.18,2,876.36,Bank Transfer,59,Male,4,0
O102138,C1034,9/9/2023,Electronics,173.74,2,347.48,PayPal,32,Male,4,0
O102139,C1325,3/14/2023,Clothing,10.76,1,10.76,PayPal,42,Male,4,0
O102140,C1089,10/31/2023,Books,369.46,2,738.92,PayPal,39,Male,2,0
O102141,C1260,2/10/2023,Sports,300.25,1,300.25,Bank Transfer,47,Female,3,0
O102142,C1085,4/12/2023,Clothing,348.45,4,1393.8,Bank Transfer,39,Male,4,0
O102143,C1311,5/8/2023,Home,134.89,1,134.89,Debit Card,42,Female,5,0
O102144,C1496,11/22/2023,Clothing,307.89,4,1231.56,Debit Card,48,Female,4,1
O102145,C1041,7/4/2023,Sports,409.9,1,409.9,Bank Transfer,52,Male,3,0
O102146,C1242,8/14/2023,Sports,173.49,3,520.47,UPI,45,Female,3,0
O102147,C1390,3/21/2023,Sports,86.86,1,86.86,Credit Card,57,Female,2,1
O102148,C1219,2/12/2023,Home,457.22,3,1371.66,UPI,29,Male,5,0
O102149,C1284,3/31/2023,Home,316.87,1,316.87,Bank Transfer,37,Female,3,0
O102150,C1157,8/21/2023,Home,381.54,4,1526.16,Bank Transfer,31,Female,4,0
O102151,C1037,6/20/2023,Clothing,457.66,2,915.32,Bank Transfer,44,Male,5,0
O102152,C1080,4/8/2023,Electronics,301.33,3,903.99,Credit Card,40,Female,4,0
O102153,C1252,7/27/2023,Sports,60.86,4,243.44,Bank Transfer,37,Female,2,0
O102154,C1197,9/8/2023,Home,256.28,4,1025.12,UPI,55,Male,4,0
O102155,C1210,1/20/2023,Electronics,25.54,4,102.16,Bank Transfer,43,Male,3,0
O102156,C1100,8/12/2023,Home,15.76,2,31.52,Debit Card,62,Female,4,0
O102157,C1326,12/19/2023,Home,352.7,4,1410.8,Credit Card,27,Female,5,0
O102158,C1475,8/6/2023,Beauty,217.72,2,435.44,PayPal,19,Male,4,0
O102159,C1245,1/18/2023,Home,247.46,1,247.46,Credit Card,47,Male,4,1
O102160,C1134,11/6/2023,Sports,464.14,4,1856.56,PayPal,60,Female,1,0
O102161,C1127,11/5/2023,Books,289.9,1,289.9,PayPal,35,Male,5,0
O102162,C1060,2/17/2023,Beauty,151.34,3,454.02,Bank Transfer,56,Female,5,0
O102163,C1362,10/28/2023,Electronics,372.21,4,1488.84,UPI,33,Male,3,0
O102164,C1449,8/5/2023,Clothing,141.68,4,566.72,Bank Transfer,64,Female,4,0
O102165,C1355,6/4/2023,Books,136.79,1,136.79,UPI,54,Female,2,0
O102166,C1301,6/7/2023,Beauty,418.86,2,837.72,Bank Transfer,29,Male,5,0
O102167,C1056,11/22/2023,Books,106.23,3,318.69,Debit Card,55,Male,4,0
O102168,C1138,4/18/2023,Beauty,378.7,2,757.4,Bank Transfer,62,Female,2,0
O102169,C1004,3/28/2023,Sports,490.06,4,1960.24,Credit Card,38,Male,4,0
O102170,C1036,12/23/2023,Sports,55.53,2,111.06,UPI,41,Female,5,0
O102171,C1336,5/28/2023,Beauty,228.29,1,228.29,Bank Transfer,40,Male,4,0
O102172,C1091,7/11/2023,Clothing,263.73,3,791.19,PayPal,52,Male,2,0
O102173,C1250,4/4/2023,Books,178.71,4,714.84,Credit Card,34,Female,5,0
O102174,C1291,4/19/2023,Clothing,249.07,4,996.28,PayPal,46,Male,5,0
O102175,C1384,4/4/2023,Clothing,25.7,3,77.1,Debit Card,41,Female,4,1
O102176,C1226,11/17/2023,Books,469.19,4,1876.76,Credit Card,64,Male,5,0
O102177,C1041,5/31/2023,Electronics,330.43,1,330.43,Bank Transfer,49,Male,4,1
O102178,C1142,2/2/2023,Home,210.81,3,632.43,Credit Card,43,Male,5,1
O102179,C1245,9/6/2023,Beauty,126.09,1,126.09,Credit Card,40,Male,4,0
O102180,C1032,5/17/2023,Electronics,295.43,3,886.29,UPI,43,Male,4,0
O102181,C1050,4/19/2023,Books,183.14,4,732.56,Credit Card,27,Female,3,1
O102182,C1309,9/24/2023,Home,258.18,4,1032.72,Bank Transfer,55,Female,4,0
O102183,C1388,6/22/2023,Books,206.55,1,206.55,Bank Transfer,19,Female,4,0
O102184,C1190,12/16/2023,Home,251.09,2,502.18,Debit Card,37,Male,4,0
O102185,C1482,7/4/2023,Beauty,67.44,2,134.88,Bank Transfer,64,Female,4,0
O102186,C1313,1/30/2023,Home,203.89,1,203.89,Debit Card,23,Male,4,0
O102187,C1002,8/22/2023,Beauty,187.44,4,749.76,Bank Transfer,52,Male,5,0
O102188,C1014,11/5/2023,Electronics,90.24,1,90.24,UPI,62,Female,3,0
O102189,C1487,12/25/2023,Clothing,428.43,4,1713.72,Debit Card,60,Female,4,0
O102190,C1317,12/18/2023,Beauty,275.29,3,825.87,Bank Transfer,25,Female,1,0
O102191,C1339,4/7/2023,Electronics,99.79,1,99.79,Debit Card,43,Male,4,0
O102192,C1325,7/4/2023,Electronics,361.84,3,1085.52,Debit Card,30,Female,1,1
O102193,C1120,11/7/2023,Sports,408.03,3,1224.09,Bank Transfer,21,Male,1,1
O102194,C1179,8/8/2023,Sports,405.85,2,811.7,Credit Card,23,Female,2,0
O102195,C1151,11/7/2023,Clothing,480.16,3,1440.48,PayPal,63,Male,4,1
O102196,C1066,9/12/2023,Electronics,224.25,2,448.5,Debit Card,31,Female,5,0
O102197,C1087,8/17/2023,Electronics,253.05,2,506.1,Bank Transfer,39,Male,5,0
O102198,C1125,4/19/2023,Clothing,454.91,1,454.91,Credit Card,50,Male,2,0
O102199,C1223,1/15/2023,Clothing,16.61,4,66.44,Debit Card,55,Female,4,1
O102200,C1393,5/24/2023,Clothing,424.04,1,424.04,Debit Card,61,Female,2,0
O102201,C1488,12/10/2023,Electronics,268.4,4,1073.6,PayPal,53,Female,5,1
O102202,C1047,12/21/2023,Home,204.29,2,408.58,PayPal,29,Male,3,0
O102203,C1330,6/25/2023,Sports,53.78,4,215.12,Bank Transfer,45,Female,3,0
O102204,C1414,4/30/2023,Clothing,399.77,4,1599.08,Debit Card,23,Male,4,0
O102205,C1149,2/14/2023,Electronics,67.61,4,270.44,Credit Card,30,Female,5,0
O102206,C1380,10/31/2023,Clothing,73.88,2,147.76,Credit Card,35,Female,4,0
O102207,C1066,6/10/2023,Sports,137.96,2,275.92,UPI,42,Male,5,0
O102208,C1160,2/1/2023,Books,359.9,3,1079.7,UPI,46,Male,5,0
O102209,C1434,7/18/2023,Sports,124.89,3,374.67,Debit Card,44,Female,5,0
O102210,C1409,12/14/2023,Clothing,229.61,3,688.83,UPI,20,Male,3,0
O102211,C1055,7/22/2023,Electronics,383.84,3,1151.52,UPI,28,Female,4,1
O102212,C1162,3/16/2023,Home,162.49,2,324.98,PayPal,43,Female,4,0
O102213,C1349,8/22/2023,Clothing,116.33,2,232.66,UPI,54,Female,5,1
O102214,C1075,12/7/2023,Beauty,324.11,1,324.11,Credit Card,64,Female,5,0
O102215,C1159,9/15/2023,Beauty,259.12,1,259.12,Credit Card,27,Female,5,0
O102216,C1435,12/28/2023,Books,306.61,4,1226.44,Bank Transfer,59,Male,4,0
O102217,C1254,5/30/2023,Beauty,484.67,3,1454.01,Bank Transfer,35,Male,4,0
O102218,C1415,6/20/2023,Clothing,335.9,1,335.9,PayPal,23,Male,5,1
O102219,C1359,1/27/2023,Clothing,53.75,4,215,Bank Transfer,50,Female,4,0
O102220,C1154,12/4/2023,Clothing,255.06,1,255.06,Credit Card,49,Female,5,0
O102221,C1173,8/5/2023,Beauty,440.93,3,1322.79,Bank Transfer,60,Female,3,0
O102222,C1388,7/20/2023,Sports,357.82,1,357.82,Credit Card,42,Female,5,0
O102223,C1145,12/23/2023,Clothing,249.04,3,747.12,UPI,34,Female,5,0
O102224,C1050,3/9/2023,Home,128.69,3,386.07,UPI,39,Male,4,1
O102225,C1436,12/30/2023,Home,233.87,2,467.74,Bank Transfer,34,Male,5,0
O102226,C1296,3/12/2023,Sports,93.23,2,186.46,Bank Transfer,57,Female,3,0
O102227,C1460,3/16/2023,Clothing,453.66,3,1360.98,PayPal,46,Male,2,0
O102228,C1377,11/30/2023,Electronics,362.44,4,1449.76,Debit Card,23,Male,3,0
O102229,C1348,3/17/2023,Sports,338.63,1,338.63,Bank Transfer,42,Male,4,0
O102230,C1475,1/29/2023,Electronics,129.32,3,387.96,Debit Card,53,Female,5,0
O102231,C1092,1/27/2023,Electronics,201.14,3,603.42,UPI,28,Female,3,0
O102232,C1304,8/11/2023,Clothing,104.82,4,419.28,Bank Transfer,26,Male,5,0
O102233,C1018,3/2/2023,Clothing,427.9,1,427.9,Bank Transfer,59,Female,4,0
O102234,C1155,12/19/2023,Books,212.53,4,850.12,PayPal,41,Female,3,0
O102235,C1398,12/21/2023,Beauty,268.01,2,536.02,Credit Card,49,Female,4,0
O102236,C1443,11/29/2023,Sports,318.18,2,636.36,Debit Card,64,Female,2,0
O102237,C1189,1/6/2023,Electronics,249.05,4,996.2,Credit Card,60,Male,4,1
O102238,C1063,9/8/2023,Beauty,33.08,3,99.24,UPI,44,Male,5,0
O102239,C1012,10/28/2023,Books,309.25,3,927.75,UPI,24,Female,5,0
O102240,C1141,12/22/2023,Beauty,233.76,3,701.28,Credit Card,38,Male,5,1
O102241,C1197,9/5/2023,Beauty,121.53,3,364.59,Bank Transfer,39,Female,3,0
O102242,C1293,3/6/2023,Electronics,272.11,4,1088.44,Debit Card,41,Male,4,0
O102243,C1366,10/3/2023,Clothing,94.28,3,282.84,Bank Transfer,45,Male,1,0
O102244,C1202,10/12/2023,Books,11.23,2,22.46,UPI,38,Female,2,0
O102245,C1033,9/23/2023,Books,48,2,96,UPI,37,Male,5,0
O102246,C1386,4/17/2023,Beauty,236.56,1,236.56,Credit Card,30,Male,4,0
O102247,C1442,11/3/2023,Beauty,266.17,1,266.17,PayPal,24,Male,5,0
O102248,C1285,8/17/2023,Home,293.58,1,293.58,Credit Card,30,Male,5,0
O102249,C1066,10/22/2023,Clothing,146.28,4,585.12,PayPal,37,Male,5,0
O102250,C1288,5/12/2023,Electronics,98.49,1,98.49,Credit Card,28,Male,5,0
O102251,C1260,6/2/2023,Home,290.16,4,1160.64,UPI,63,Male,4,0
O102252,C1217,12/3/2023,Electronics,39.41,2,78.82,PayPal,37,Female,1,0
O102253,C1024,9/23/2023,Home,283.5,2,567,UPI,31,Female,3,0
O102254,C1072,10/23/2023,Sports,314.99,2,629.98,Debit Card,33,Female,3,0
O102255,C1311,10/3/2023,Books,131.85,1,131.85,PayPal,48,Male,5,0
O102256,C1340,1/23/2023,Clothing,174.15,2,348.3,Credit Card,43,Male,1,0
O102257,C1073,6/3/2023,Clothing,246.07,4,984.28,PayPal,26,Male,5,0
O102258,C1303,7/3/2023,Home,144.79,1,144.79,PayPal,40,Female,3,0
O102259,C1039,10/9/2023,Home,64.89,1,64.89,Debit Card,55,Female,4,0
O102260,C1333,3/25/2023,Sports,201.2,1,201.2,Bank Transfer,26,Male,4,0
O102261,C1484,5/11/2023,Beauty,337.14,4,1348.56,Bank Transfer,27,Male,1,0
O102262,C1275,4/15/2023,Electronics,57.65,3,172.95,Debit Card,34,Male,1,0
O102263,C1366,7/10/2023,Books,254.12,4,1016.48,UPI,37,Male,1,0
O102264,C1215,3/20/2023,Home,93.69,3,281.07,Bank Transfer,22,Female,4,0
O102265,C1014,11/6/2023,Clothing,41.68,2,83.36,Credit Card,38,Female,4,0
O102266,C1064,9/30/2023,Electronics,475.51,2,951.02,UPI,29,Female,4,1
O102267,C1034,6/18/2023,Beauty,93.83,2,187.66,Credit Card,18,Female,3,0
O102268,C1466,6/20/2023,Home,274.54,1,274.54,PayPal,35,Male,4,0
O102269,C1141,1/6/2023,Electronics,98.56,2,197.12,Bank Transfer,46,Male,5,0
O102270,C1194,2/23/2023,Electronics,200.77,2,401.54,PayPal,30,Female,4,1
O102271,C1302,9/8/2023,Electronics,337.51,1,337.51,UPI,43,Female,4,0
O102272,C1359,10/20/2023,Home,51.76,1,51.76,UPI,51,Female,2,1
O102273,C1312,2/20/2023,Electronics,184.75,3,554.25,PayPal,28,Female,4,0
O102274,C1485,7/19/2023,Clothing,318.95,3,956.85,Debit Card,26,Female,1,0
O102275,C1245,10/31/2023,Clothing,97.43,4,389.72,Debit Card,24,Male,3,0
O102276,C1352,9/20/2023,Beauty,170.4,3,511.2,PayPal,22,Male,2,0
O102277,C1074,7/13/2023,Books,237.77,4,951.08,Debit Card,36,Male,2,1
O102278,C1471,11/24/2023,Home,368.01,2,736.02,PayPal,19,Female,3,0
O102279,C1362,8/23/2023,Clothing,141.19,2,282.38,Bank Transfer,22,Female,5,0
O102280,C1409,8/28/2023,Books,420.16,1,420.16,Debit Card,48,Female,3,0
O102281,C1488,8/8/2023,Books,356.4,2,712.8,PayPal,50,Female,4,0
O102282,C1326,2/14/2023,Home,247.35,3,742.05,Bank Transfer,18,Female,2,0
O102283,C1433,2/16/2023,Beauty,30.41,4,121.64,Credit Card,39,Male,5,0
O102284,C1374,5/3/2023,Electronics,129.87,3,389.61,PayPal,38,Male,4,0
O102285,C1044,5/27/2023,Books,12.03,1,12.03,Bank Transfer,35,Male,4,0
O102286,C1493,8/6/2023,Beauty,257.82,4,1031.28,UPI,39,Male,5,0
O102287,C1246,9/12/2023,Books,225.74,2,451.48,UPI,35,Male,4,0
O102288,C1208,1/8/2023,Books,190.87,2,381.74,PayPal,38,Male,3,0
O102289,C1366,8/6/2023,Beauty,202.26,1,202.26,UPI,21,Female,5,0
O102290,C1126,12/5/2023,Books,26.73,1,26.73,UPI,58,Male,5,0
O102291,C1311,8/18/2023,Clothing,249.29,2,498.58,UPI,56,Male,5,0
O102292,C1090,2/8/2023,Home,126.9,4,507.6,PayPal,60,Female,5,0
O102293,C1488,1/27/2023,Sports,354.65,2,709.3,Bank Transfer,55,Female,3,1
O102294,C1088,7/11/2023,Electronics,214.42,2,428.84,Debit Card,64,Male,4,1
O102295,C1426,10/4/2023,Electronics,196.6,4,786.4,Debit Card,52,Female,5,0
O102296,C1248,5/31/2023,Home,120.6,4,482.4,PayPal,62,Male,5,0
O102297,C1378,11/20/2023,Books,345.75,2,691.5,Bank Transfer,28,Male,5,0
O102298,C1473,6/6/2023,Beauty,401.4,2,802.8,UPI,30,Male,4,0
O102299,C1479,8/26/2023,Books,396.89,4,1587.56,Bank Transfer,34,Male,4,0
O102300,C1183,1/4/2023,Books,256.39,2,512.78,Bank Transfer,38,Female,4,0
O102301,C1153,7/1/2023,Electronics,493.65,1,493.65,Credit Card,54,Female,3,0
O102302,C1456,4/6/2023,Sports,128.4,2,256.8,Debit Card,32,Male,4,0
O102303,C1052,8/9/2023,Sports,472.75,4,1891,PayPal,56,Male,4,0
O102304,C1271,9/21/2023,Clothing,282.32,2,564.64,Bank Transfer,53,Male,3,0
O102305,C1468,9/7/2023,Electronics,156.19,2,312.38,PayPal,59,Female,1,0
O102306,C1116,8/29/2023,Sports,354.59,1,354.59,Debit Card,36,Female,4,0
O102307,C1187,8/8/2023,Clothing,197.04,2,394.08,UPI,39,Female,4,0
O102308,C1056,8/13/2023,Beauty,474.29,2,948.58,Bank Transfer,44,Male,4,0
O102309,C1072,7/1/2023,Beauty,256.61,1,256.61,Bank Transfer,21,Male,3,0
O102310,C1184,12/30/2023,Clothing,279.2,2,558.4,Credit Card,43,Male,3,0
O102311,C1146,1/21/2023,Clothing,194.64,2,389.28,Bank Transfer,41,Female,5,0
O102312,C1381,6/19/2023,Electronics,199.71,2,399.42,PayPal,31,Male,4,0
O102313,C1486,9/3/2023,Beauty,119.32,4,477.28,Debit Card,60,Male,4,0
O102314,C1216,9/8/2023,Books,103.84,4,415.36,Bank Transfer,28,Male,5,0
O102315,C1167,7/24/2023,Books,483.09,4,1932.36,Bank Transfer,63,Male,4,0
O102316,C1057,2/25/2023,Electronics,98.08,1,98.08,PayPal,34,Male,3,0
O102317,C1177,9/14/2023,Electronics,242.95,1,242.95,PayPal,23,Male,3,0
O102318,C1348,6/25/2023,Sports,89,3,267,UPI,61,Male,5,0
O102319,C1223,9/3/2023,Home,358.47,1,358.47,Debit Card,25,Female,2,1
O102320,C1043,8/8/2023,Clothing,411.41,1,411.41,UPI,43,Male,3,0
O102321,C1374,9/19/2023,Clothing,73.5,3,220.5,PayPal,61,Female,3,0
O102322,C1393,2/28/2023,Home,217.14,4,868.56,PayPal,40,Female,4,0
O102323,C1102,8/31/2023,Beauty,200.7,3,602.1,Credit Card,25,Male,4,0
O102324,C1097,10/30/2023,Beauty,261.25,1,261.25,PayPal,33,Male,4,0
O102325,C1062,3/9/2023,Sports,336.81,3,1010.43,Credit Card,30,Female,5,0
O102326,C1099,3/16/2023,Sports,325.49,2,650.98,Credit Card,52,Male,5,0
O102327,C1047,1/27/2023,Sports,492.71,3,1478.13,Bank Transfer,27,Female,2,0
O102328,C1359,11/21/2023,Clothing,321.82,1,321.82,PayPal,26,Female,1,0
O102329,C1219,9/3/2023,Electronics,330.25,3,990.75,UPI,19,Female,4,0
O102330,C1330,1/27/2023,Home,27.13,1,27.13,Credit Card,37,Female,3,0
O102331,C1187,5/24/2023,Home,412.2,2,824.4,Bank Transfer,36,Male,4,0
O102332,C1164,1/25/2023,Clothing,132.1,4,528.4,Credit Card,53,Male,4,0
O102333,C1027,12/5/2023,Beauty,349.34,1,349.34,Debit Card,45,Male,2,0
O102334,C1147,8/30/2023,Home,325.32,4,1301.28,UPI,49,Male,1,0
O102335,C1221,4/5/2023,Home,382.68,4,1530.72,Bank Transfer,19,Female,1,0
O102336,C1172,6/5/2023,Electronics,357.45,4,1429.8,Credit Card,18,Male,5,0
O102337,C1350,10/10/2023,Clothing,72.24,1,72.24,Debit Card,31,Female,5,1
O102338,C1380,7/5/2023,Beauty,235.86,1,235.86,UPI,21,Female,4,0
O102339,C1122,11/29/2023,Home,131.96,1,131.96,PayPal,21,Female,1,0
O102340,C1045,2/24/2023,Clothing,332.38,2,664.76,UPI,25,Male,2,0
O102341,C1022,10/28/2023,Beauty,439.51,3,1318.53,PayPal,29,Male,1,0
O102342,C1361,8/17/2023,Electronics,140.97,3,422.91,Credit Card,49,Female,5,0
O102343,C1155,8/31/2023,Clothing,240.33,3,720.99,UPI,36,Male,5,0
O102344,C1023,3/7/2023,Clothing,289.56,1,289.56,Bank Transfer,33,Female,4,0
O102345,C1457,10/14/2023,Home,128.34,4,513.36,Debit Card,18,Female,4,1
O102346,C1323,3/2/2023,Sports,29.76,1,29.76,Credit Card,18,Female,5,0
O102347,C1215,9/26/2023,Books,63.58,4,254.32,Credit Card,32,Male,5,0
O102348,C1307,5/21/2023,Beauty,356.57,4,1426.28,PayPal,18,Female,5,0
O102349,C1024,10/17/2023,Electronics,313.37,1,313.37,PayPal,45,Female,4,1
O102350,C1254,12/17/2023,Books,32.59,3,97.77,UPI,63,Male,5,0
O102351,C1085,8/13/2023,Books,43.87,4,175.48,Bank Transfer,62,Female,3,0
O102352,C1206,11/7/2023,Home,186.41,4,745.64,PayPal,58,Male,4,1
O102353,C1002,3/23/2023,Books,365.55,1,365.55,PayPal,31,Male,3,0
O102354,C1451,9/20/2023,Sports,147.62,3,442.86,UPI,45,Female,3,0
O102355,C1156,4/23/2023,Home,291.99,2,583.98,Debit Card,19,Male,3,0
O102356,C1088,4/25/2023,Electronics,212.1,3,636.3,UPI,50,Male,5,0
O102357,C1150,1/21/2023,Beauty,412.03,2,824.06,PayPal,39,Female,5,0
O102358,C1475,3/10/2023,Home,338.33,2,676.66,Credit Card,48,Male,5,0
O102359,C1422,4/18/2023,Books,151.48,1,151.48,Credit Card,29,Male,2,0
O102360,C1333,6/27/2023,Beauty,360.86,4,1443.44,UPI,33,Female,5,0
O102361,C1167,2/12/2023,Beauty,114.02,1,114.02,UPI,30,Female,5,0
O102362,C1370,3/10/2023,Sports,239.42,4,957.68,UPI,49,Female,4,0
O102363,C1167,1/30/2023,Beauty,5.12,4,20.48,Credit Card,37,Female,4,0
O102364,C1113,5/24/2023,Clothing,68.17,4,272.68,Debit Card,36,Male,4,0
O102365,C1276,12/3/2023,Books,135.66,4,542.64,Credit Card,34,Female,4,1
O102366,C1485,12/1/2023,Home,155.79,1,155.79,UPI,38,Male,1,0
O102367,C1419,8/15/2023,Clothing,320.29,3,960.87,Debit Card,52,Female,4,0
O102368,C1105,10/25/2023,Beauty,345.01,4,1380.04,Bank Transfer,48,Male,3,0
O102369,C1229,4/29/2023,Beauty,490.88,2,981.76,Bank Transfer,40,Female,5,0
O102370,C1076,9/3/2023,Electronics,394.53,1,394.53,Bank Transfer,62,Male,2,0
O102371,C1236,4/5/2023,Clothing,340.17,4,1360.68,PayPal,46,Female,2,0
O102372,C1483,4/3/2023,Beauty,44.06,4,176.24,Debit Card,32,Male,4,0
O102373,C1159,3/25/2023,Clothing,457.27,2,914.54,Bank Transfer,19,Male,4,1
O102374,C1036,3/15/2023,Electronics,267.48,2,534.96,Bank Transfer,37,Male,5,0
O102375,C1233,11/27/2023,Sports,162.64,2,325.28,Credit Card,40,Male,4,0
O102376,C1373,1/7/2023,Books,296.1,1,296.1,Credit Card,44,Female,4,0
O102377,C1197,1/11/2023,Electronics,248.44,4,993.76,Credit Card,62,Male,4,0
O102378,C1068,5/8/2023,Electronics,155.35,2,310.7,Debit Card,28,Male,4,0
O102379,C1481,11/18/2023,Books,466.58,1,466.58,Credit Card,54,Male,5,0
O102380,C1491,2/24/2023,Books,197.94,2,395.88,Debit Card,48,Male,4,0
O102381,C1104,3/13/2023,Sports,291.85,3,875.55,UPI,45,Female,4,1
O102382,C1418,3/25/2023,Home,306.07,3,918.21,Debit Card,49,Female,4,0
O102383,C1080,5/5/2023,Electronics,165.2,3,495.6,UPI,52,Female,3,0
O102384,C1322,10/6/2023,Electronics,410.28,4,1641.12,Credit Card,34,Male,5,0
O102385,C1053,10/6/2023,Home,473.62,1,473.62,Credit Card,57,Female,4,0
O102386,C1073,1/1/2023,Clothing,94.05,4,376.2,Credit Card,31,Male,5,1
O102387,C1219,7/17/2023,Clothing,161.95,2,323.9,Debit Card,34,Female,4,0
O102388,C1116,12/17/2023,Sports,382.67,2,765.34,Credit Card,21,Female,4,0
O102389,C1087,2/26/2023,Clothing,20.92,3,62.76,Credit Card,28,Female,4,0
O102390,C1183,2/9/2023,Books,217.51,2,435.02,Debit Card,47,Male,4,0
O102391,C1185,2/13/2023,Electronics,468.49,4,1873.96,UPI,25,Male,1,0
O102392,C1092,8/8/2023,Books,352.66,1,352.66,Debit Card,40,Male,4,0
O102393,C1348,8/6/2023,Clothing,138.77,1,138.77,Debit Card,44,Female,5,0
O102394,C1179,2/23/2023,Home,331.33,4,1325.32,Bank Transfer,36,Female,5,0
O102395,C1478,5/16/2023,Beauty,283.54,4,1134.16,Credit Card,55,Male,5,0
O102396,C1442,3/18/2023,Beauty,116.32,2,232.64,PayPal,48,Female,5,0
O102397,C1076,7/19/2023,Sports,119.91,3,359.73,Bank Transfer,56,Male,5,1
O102398,C1058,10/23/2023,Sports,405.91,4,1623.64,Debit Card,22,Male,4,0
O102399,C1047,6/15/2023,Clothing,72.77,2,145.54,PayPal,62,Female,3,0
O102400,C1181,6/13/2023,Sports,457.8,1,457.8,Bank Transfer,42,Female,5,0
O102401,C1356,7/31/2023,Books,306.22,3,918.66,Debit Card,32,Male,4,0
O102402,C1411,12/1/2023,Clothing,439.3,4,1757.2,Bank Transfer,19,Female,5,0
O102403,C1282,9/12/2023,Books,495.24,2,990.48,UPI,23,Female,3,1
O102404,C1273,10/2/2023,Clothing,140.7,4,562.8,Bank Transfer,51,Male,4,0
O102405,C1298,8/4/2023,Books,489.35,2,978.7,UPI,33,Male,4,0
O102406,C1360,2/14/2023,Clothing,251.03,2,502.06,Debit Card,31,Male,1,0
O102407,C1105,1/9/2023,Home,36.23,2,72.46,UPI,34,Female,4,0
O102408,C1491,3/10/2023,Electronics,177.27,4,709.08,Credit Card,26,Female,5,1
O102409,C1185,3/13/2023,Home,211.05,3,633.15,Bank Transfer,34,Male,3,0
O102410,C1428,10/10/2023,Sports,268.46,3,805.38,PayPal,51,Male,4,0
O102411,C1424,4/25/2023,Electronics,109.59,4,438.36,PayPal,39,Male,3,0
O102412,C1493,12/23/2023,Beauty,339.22,2,678.44,PayPal,50,Female,4,0
O102413,C1376,1/14/2023,Beauty,146,3,438,Bank Transfer,31,Female,3,0
O102414,C1028,12/26/2023,Electronics,374.77,3,1124.31,UPI,49,Male,5,0
O102415,C1245,11/1/2023,Clothing,495.24,4,1980.96,Credit Card,56,Male,4,0
O102416,C1188,3/14/2023,Electronics,431.31,2,862.62,PayPal,19,Male,5,0
O102417,C1007,10/19/2023,Sports,342.51,3,1027.53,PayPal,35,Male,3,0
O102418,C1241,3/13/2023,Beauty,232.86,4,931.44,UPI,61,Female,1,0
O102419,C1241,7/30/2023,Beauty,326.3,4,1305.2,Debit Card,48,Female,4,0
O102420,C1401,11/27/2023,Beauty,237.3,3,711.9,Credit Card,22,Female,4,0
O102421,C1057,3/21/2023,Electronics,391.01,4,1564.04,Credit Card,44,Male,5,0
O102422,C1258,3/24/2023,Electronics,242.73,3,728.19,Bank Transfer,32,Female,4,0
O102423,C1349,8/21/2023,Books,247.52,4,990.08,Debit Card,38,Female,3,0
O102424,C1364,4/27/2023,Sports,219.92,1,219.92,PayPal,52,Female,4,0
O102425,C1499,2/17/2023,Books,239.79,4,959.16,Bank Transfer,39,Male,5,0
O102426,C1381,4/19/2023,Sports,212.13,1,212.13,UPI,19,Male,4,0
O102427,C1113,7/20/2023,Clothing,261.85,3,785.55,UPI,26,Male,4,0
O102428,C1419,12/21/2023,Sports,96.24,1,96.24,Bank Transfer,32,Female,5,0
O102429,C1335,11/25/2023,Sports,315.19,4,1260.76,Bank Transfer,19,Male,4,0
O102430,C1028,7/10/2023,Beauty,197.01,3,591.03,Bank Transfer,57,Male,3,0
O102431,C1139,2/25/2023,Electronics,52.79,4,211.16,Credit Card,48,Female,4,0
O102432,C1309,6/21/2023,Electronics,15.72,1,15.72,PayPal,53,Female,4,0
O102433,C1084,10/5/2023,Electronics,233.16,4,932.64,Credit Card,38,Male,4,0
O102434,C1306,1/6/2023,Home,359.69,3,1079.07,PayPal,52,Male,3,0
O102435,C1327,1/17/2023,Clothing,216.57,4,866.28,Debit Card,58,Male,5,0
O102436,C1292,10/17/2023,Electronics,365.53,1,365.53,UPI,38,Female,4,0
O102437,C1024,1/25/2023,Home,342.06,3,1026.18,Credit Card,19,Female,5,1
O102438,C1005,7/2/2023,Home,351.61,1,351.61,Bank Transfer,54,Male,3,0
O102439,C1162,7/20/2023,Beauty,149.33,2,298.66,Debit Card,20,Male,3,0
O102440,C1360,12/12/2023,Electronics,434.64,1,434.64,Debit Card,46,Female,4,0
O102441,C1460,9/15/2023,Electronics,305.58,1,305.58,UPI,61,Male,4,0
O102442,C1013,10/28/2023,Sports,296.62,3,889.86,Bank Transfer,52,Male,5,0
O102443,C1149,3/24/2023,Clothing,387.68,2,775.36,Bank Transfer,18,Male,1,0
O102444,C1454,11/17/2023,Electronics,140.49,3,421.47,PayPal,61,Male,3,0
O102445,C1414,12/15/2023,Beauty,257.42,1,257.42,PayPal,37,Male,5,0
O102446,C1494,9/14/2023,Books,420.33,2,840.66,UPI,38,Female,3,0
O102447,C1230,3/9/2023,Home,204.43,4,817.72,Debit Card,26,Female,1,0
O102448,C1320,8/9/2023,Electronics,253.19,3,759.57,Bank Transfer,60,Male,3,0
O102449,C1107,11/9/2023,Books,259.67,1,259.67,Credit Card,18,Male,5,0
O102450,C1291,11/18/2023,Sports,477.41,1,477.41,Credit Card,58,Male,2,0
O102451,C1074,6/8/2023,Books,407.51,3,1222.53,Credit Card,59,Female,5,0
O102452,C1049,8/21/2023,Home,250.9,4,1003.6,PayPal,43,Female,4,0
O102453,C1083,2/4/2023,Home,303.84,2,607.68,UPI,45,Female,4,1
O102454,C1181,2/15/2023,Electronics,230.65,2,461.3,PayPal,37,Female,4,1
O102455,C1133,8/31/2023,Home,358.04,2,716.08,Bank Transfer,40,Male,5,0
O102456,C1482,3/5/2023,Books,34.37,3,103.11,Bank Transfer,23,Male,5,0
O102457,C1187,5/27/2023,Sports,180.24,1,180.24,Bank Transfer,52,Male,5,0
O102458,C1226,7/7/2023,Books,81.41,2,162.82,UPI,24,Female,5,0
O102459,C1192,2/12/2023,Beauty,143.24,2,286.48,Bank Transfer,23,Female,2,0
O102460,C1135,12/16/2023,Electronics,6.77,3,20.31,UPI,61,Male,1,0
O102461,C1380,5/6/2023,Beauty,211.61,2,423.22,UPI,26,Male,5,0
O102462,C1080,2/23/2023,Home,197.74,4,790.96,Bank Transfer,60,Male,4,0
O102463,C1292,7/24/2023,Electronics,44.77,1,44.77,PayPal,40,Female,4,0
O102464,C1448,8/25/2023,Beauty,130.63,4,522.52,Credit Card,55,Female,3,0
O102465,C1239,8/28/2023,Beauty,209.96,4,839.84,UPI,32,Female,4,0
O102466,C1056,2/13/2023,Clothing,308.66,1,308.66,Credit Card,41,Female,3,0
O102467,C1394,8/10/2023,Clothing,77.75,1,77.75,Bank Transfer,31,Female,4,0
O102468,C1034,6/12/2023,Home,430.11,2,860.22,UPI,47,Female,5,0
O102469,C1109,12/26/2023,Beauty,415.61,1,415.61,Bank Transfer,51,Male,5,0
O102470,C1143,8/21/2023,Electronics,8.98,3,26.94,UPI,19,Male,4,0
O102471,C1486,8/29/2023,Clothing,145.91,2,291.82,PayPal,57,Female,4,0
O102472,C1291,1/17/2023,Books,313.2,2,626.4,Bank Transfer,43,Male,5,0
O102473,C1480,7/5/2023,Sports,372.05,2,744.1,Bank Transfer,36,Male,5,0
O102474,C1028,4/19/2023,Electronics,6.06,2,12.12,Bank Transfer,27,Female,5,0
O102475,C1130,11/22/2023,Clothing,302.77,4,1211.08,Credit Card,38,Male,4,1
O102476,C1036,5/21/2023,Sports,254.1,3,762.3,Credit Card,61,Female,5,0
O102477,C1448,12/31/2023,Sports,93.31,1,93.31,Bank Transfer,21,Male,5,0
O102478,C1343,5/13/2023,Clothing,395.35,4,1581.4,Credit Card,27,Male,3,0
O102479,C1459,8/8/2023,Home,447.25,3,1341.75,Debit Card,38,Male,5,0
O102480,C1102,6/28/2023,Sports,447.15,1,447.15,Bank Transfer,56,Female,4,0
O102481,C1275,12/19/2023,Clothing,274.95,4,1099.8,Bank Transfer,51,Female,5,0
O102482,C1468,12/21/2023,Books,325.62,4,1302.48,Bank Transfer,49,Male,3,1
O102483,C1288,11/2/2023,Clothing,306.3,3,918.9,Credit Card,51,Male,4,0
O102484,C1166,12/7/2023,Beauty,286.08,3,858.24,Debit Card,35,Male,3,0
O102485,C1078,8/23/2023,Clothing,283.64,1,283.64,Bank Transfer,62,Female,2,0
O102486,C1059,12/12/2023,Sports,100.8,1,100.8,Debit Card,19,Male,4,0
O102487,C1231,3/6/2023,Beauty,323.16,2,646.32,Bank Transfer,52,Male,3,0
O102488,C1019,4/22/2023,Beauty,374.14,1,374.14,PayPal,58,Female,3,0
O102489,C1357,10/7/2023,Clothing,374.63,3,1123.89,UPI,21,Female,5,0
O102490,C1111,6/28/2023,Clothing,46.05,1,46.05,PayPal,31,Male,4,1
O102491,C1190,7/6/2023,Electronics,184.78,4,739.12,Debit Card,56,Female,4,0
O102492,C1258,3/5/2023,Beauty,412.26,2,824.52,Bank Transfer,55,Female,4,0
O102493,C1212,7/30/2023,Home,81.24,2,162.48,Debit Card,44,Female,3,0
O102494,C1268,6/21/2023,Electronics,472.79,3,1418.37,PayPal,42,Female,1,0
O102495,C1220,7/11/2023,Clothing,145.61,3,436.83,UPI,42,Male,3,0
O102496,C1278,8/12/2023,Sports,138.41,2,276.82,Debit Card,46,Female,4,0
O102497,C1325,5/26/2023,Beauty,215.19,1,215.19,UPI,31,Male,1,0
O102498,C1045,2/23/2023,Electronics,262.51,3,787.53,Credit Card,64,Female,3,0
O102499,C1054,9/12/2023,Beauty,30.78,2,61.56,UPI,64,Male,5,0
O102500,C1325,8/16/2023,Books,108.14,2,216.28,UPI,43,Male,3,0
O102501,C1342,5/29/2023,Sports,246.19,4,984.76,PayPal,36,Male,5,0
O102502,C1398,8/21/2023,Books,210.28,1,210.28,Bank Transfer,47,Male,4,0
O102503,C1101,8/29/2023,Electronics,418.78,4,1675.12,Debit Card,59,Female,4,0
O102504,C1212,11/27/2023,Beauty,17.66,1,17.66,Bank Transfer,37,Male,4,0
O102505,C1482,7/11/2023,Clothing,155.38,2,310.76,UPI,51,Female,4,0
O102506,C1138,12/4/2023,Home,22.36,1,22.36,Debit Card,21,Female,1,0
O102507,C1345,5/4/2023,Electronics,162.41,4,649.64,Bank Transfer,26,Male,4,0
O102508,C1008,1/14/2023,Clothing,258.88,4,1035.52,Debit Card,42,Female,4,0
O102509,C1172,3/29/2023,Books,224.03,3,672.09,Bank Transfer,50,Male,4,0
O102510,C1285,7/20/2023,Clothing,274.38,4,1097.52,UPI,62,Female,5,0
O102511,C1425,1/27/2023,Books,341.06,2,682.12,Bank Transfer,21,Male,4,0
O102512,C1481,11/22/2023,Sports,383.3,3,1149.9,PayPal,29,Female,5,0
O102513,C1463,6/12/2023,Books,26.35,4,105.4,PayPal,55,Female,5,0
O102514,C1119,2/20/2023,Beauty,154.68,2,309.36,PayPal,38,Male,3,0
O102515,C1324,10/23/2023,Sports,283.51,1,283.51,Debit Card,55,Male,5,0
O102516,C1486,6/15/2023,Clothing,89.58,1,89.58,Credit Card,18,Male,3,0
O102517,C1014,8/12/2023,Electronics,313.45,1,313.45,UPI,36,Male,3,0
O102518,C1015,11/13/2023,Beauty,203.94,2,407.88,UPI,40,Male,4,0
O102519,C1293,7/15/2023,Electronics,257.4,3,772.2,PayPal,63,Female,5,0
O102520,C1325,11/20/2023,Home,485.79,4,1943.16,PayPal,57,Male,5,0
O102521,C1335,4/24/2023,Home,119.36,1,119.36,PayPal,58,Male,5,0
O102522,C1372,7/13/2023,Home,219.87,4,879.48,Credit Card,39,Female,4,0
O102523,C1043,3/15/2023,Beauty,423.48,2,846.96,Credit Card,51,Male,4,1
O102524,C1057,8/24/2023,Books,450.98,4,1803.92,Credit Card,45,Male,5,0
O102525,C1073,5/25/2023,Home,412.74,1,412.74,PayPal,61,Male,5,0
O102526,C1040,9/11/2023,Home,279.15,1,279.15,PayPal,54,Female,3,0
O102527,C1052,9/9/2023,Electronics,448.35,4,1793.4,Bank Transfer,64,Male,2,0
O102528,C1250,11/17/2023,Electronics,314.79,3,944.37,PayPal,26,Female,5,0
O102529,C1193,6/10/2023,Beauty,276.13,4,1104.52,Bank Transfer,53,Male,2,0
O102530,C1093,6/2/2023,Electronics,100.88,2,201.76,PayPal,26,Male,4,1
O102531,C1061,6/25/2023,Home,204.86,2,409.72,Bank Transfer,60,Male,4,0
O102532,C1082,9/25/2023,Beauty,375.42,4,1501.68,Debit Card,46,Male,5,0
O102533,C1099,11/7/2023,Electronics,465.59,1,465.59,UPI,60,Male,5,0
O102534,C1266,9/20/2023,Clothing,110.03,4,440.12,PayPal,35,Female,3,0
O102535,C1059,4/22/2023,Electronics,148.92,4,595.68,Debit Card,41,Male,5,1
O102536,C1113,2/12/2023,Beauty,328.53,4,1314.12,PayPal,39,Female,4,0
O102537,C1141,9/4/2023,Clothing,264.72,2,529.44,Credit Card,64,Female,5,0
O102538,C1363,10/10/2023,Beauty,187.31,4,749.24,Debit Card,45,Female,4,1
O102539,C1382,9/11/2023,Sports,360.05,4,1440.2,UPI,64,Female,3,0
O102540,C1473,4/9/2023,Home,245.1,1,245.1,PayPal,33,Male,4,0
O102541,C1352,5/24/2023,Sports,345.31,4,1381.24,Credit Card,36,Female,4,1
O102542,C1085,4/16/2023,Beauty,199.26,3,597.78,Bank Transfer,27,Female,5,0
O102543,C1453,8/17/2023,Sports,194.27,4,777.08,UPI,32,Female,4,0
O102544,C1418,6/13/2023,Books,284.59,2,569.18,Credit Card,27,Female,5,0
O102545,C1220,4/13/2023,Books,357.5,3,1072.5,Debit Card,26,Female,4,0
O102546,C1460,11/20/2023,Electronics,39.53,2,79.06,Bank Transfer,40,Male,4,0
O102547,C1456,1/18/2023,Books,365.22,1,365.22,Debit Card,37,Female,3,0
O102548,C1151,11/6/2023,Beauty,221.38,3,664.14,UPI,37,Female,4,1
O102549,C1204,1/16/2023,Electronics,300.91,1,300.91,PayPal,30,Female,3,0
O102550,C1220,4/6/2023,Home,222.53,2,445.06,PayPal,51,Male,4,0
O102551,C1111,12/3/2023,Home,400.35,4,1601.4,Debit Card,59,Male,2,0
O102552,C1400,6/10/2023,Electronics,406.5,1,406.5,Credit Card,29,Female,1,0
O102553,C1353,1/6/2023,Beauty,71.01,4,284.04,Debit Card,43,Male,1,0
O102554,C1239,10/18/2023,Home,135.52,2,271.04,PayPal,22,Male,5,0
O102555,C1198,5/26/2023,Books,365.28,4,1461.12,PayPal,57,Male,4,0
O102556,C1053,10/15/2023,Home,376.13,2,752.26,UPI,42,Male,5,0
O102557,C1294,11/27/2023,Sports,146.14,4,584.56,Bank Transfer,21,Female,1,0
O102558,C1417,6/13/2023,Clothing,340.99,1,340.99,PayPal,59,Male,4,0
O102559,C1411,9/10/2023,Sports,348.41,2,696.82,Credit Card,45,Female,5,0
O102560,C1216,3/3/2023,Electronics,490.55,3,1471.65,Bank Transfer,26,Male,1,0
O102561,C1308,6/17/2023,Books,76.93,2,153.86,Bank Transfer,42,Male,5,0
O102562,C1296,1/11/2023,Home,392.69,4,1570.76,Credit Card,34,Male,3,0
O102563,C1467,8/25/2023,Home,389.69,2,779.38,PayPal,49,Female,4,0
O102564,C1019,10/1/2023,Books,291.91,4,1167.64,Credit Card,56,Female,3,0
O102565,C1331,1/9/2023,Electronics,134.44,2,268.88,Bank Transfer,27,Male,4,0
O102566,C1425,8/1/2023,Beauty,81.27,2,162.54,Debit Card,43,Female,3,0
O102567,C1163,6/27/2023,Sports,172.85,1,172.85,Credit Card,63,Female,1,0
O102568,C1253,11/10/2023,Electronics,353.99,1,353.99,Bank Transfer,36,Female,3,0
O102569,C1357,8/21/2023,Sports,63.21,2,126.42,Credit Card,43,Female,3,1
O102570,C1481,11/13/2023,Electronics,250.39,1,250.39,Credit Card,54,Male,1,0
O102571,C1025,1/6/2023,Clothing,138.65,3,415.95,Credit Card,32,Female,5,0
O102572,C1442,12/19/2023,Beauty,224.04,2,448.08,Bank Transfer,48,Male,3,0
O102573,C1088,2/15/2023,Clothing,162.19,3,486.57,Debit Card,42,Male,4,0
O102574,C1479,12/19/2023,Electronics,119.97,3,359.91,Debit Card,38,Male,5,0
O102575,C1057,1/25/2023,Home,219.46,4,877.84,Credit Card,22,Female,5,0
O102576,C1169,12/19/2023,Books,102.11,2,204.22,Bank Transfer,56,Female,1,0
O102577,C1358,3/29/2023,Clothing,324.17,1,324.17,UPI,23,Female,4,1
O102578,C1062,3/6/2023,Home,299.62,3,898.86,PayPal,51,Female,2,0
O102579,C1327,8/17/2023,Beauty,153.97,3,461.91,Credit Card,19,Male,5,0
O102580,C1296,9/2/2023,Beauty,181.41,3,544.23,Bank Transfer,39,Female,3,1
O102581,C1165,9/5/2023,Clothing,319.55,3,958.65,Credit Card,62,Female,5,0
O102582,C1393,6/1/2023,Beauty,334.9,4,1339.6,Credit Card,35,Female,4,0
O102583,C1286,5/5/2023,Beauty,409.23,2,818.46,PayPal,55,Male,4,0
O102584,C1039,9/11/2023,Electronics,96.2,2,192.4,PayPal,36,Male,3,0
O102585,C1344,4/21/2023,Sports,184.88,1,184.88,Bank Transfer,63,Male,5,0
O102586,C1250,2/23/2023,Home,285.64,2,571.28,PayPal,38,Female,5,0
O102587,C1390,6/9/2023,Beauty,203.84,4,815.36,Bank Transfer,22,Male,2,0
O102588,C1435,9/16/2023,Electronics,295.77,2,591.54,PayPal,19,Male,5,0
O102589,C1470,7/6/2023,Sports,249.16,2,498.32,Bank Transfer,22,Male,2,0
O102590,C1400,7/24/2023,Clothing,147.12,1,147.12,Credit Card,49,Female,4,0
O102591,C1217,3/26/2023,Beauty,208.57,4,834.28,Debit Card,34,Male,2,0
O102592,C1076,8/25/2023,Electronics,219.06,3,657.18,Credit Card,35,Male,1,0
O102593,C1009,8/24/2023,Clothing,264.93,4,1059.72,Debit Card,35,Male,4,0
O102594,C1244,12/5/2023,Books,144.04,2,288.08,Bank Transfer,22,Female,3,0
O102595,C1136,3/2/2023,Books,274.16,2,548.32,Credit Card,31,Female,5,0
O102596,C1221,4/19/2023,Clothing,44.99,4,179.96,Bank Transfer,55,Female,4,0
O102597,C1261,6/20/2023,Electronics,348.8,3,1046.4,Bank Transfer,21,Female,3,0
O102598,C1190,2/20/2023,Electronics,132.16,1,132.16,Bank Transfer,47,Female,4,0
O102599,C1100,5/31/2023,Clothing,243.36,4,973.44,Bank Transfer,50,Male,3,0
O102600,C1305,5/22/2023,Books,70.33,3,210.99,UPI,36,Female,4,0
O102601,C1266,8/10/2023,Electronics,395.98,4,1583.92,Credit Card,21,Male,4,0
O102602,C1491,2/26/2023,Clothing,239.54,4,958.16,Credit Card,54,Male,3,0
O102603,C1459,1/19/2023,Books,219.63,4,878.52,Debit Card,25,Male,3,0
O102604,C1034,9/30/2023,Electronics,311.88,4,1247.52,Debit Card,35,Male,2,0
O102605,C1452,11/14/2023,Beauty,323.29,3,969.87,Bank Transfer,33,Female,5,0
O102606,C1202,2/21/2023,Clothing,9.99,4,39.96,Debit Card,30,Female,4,0
O102607,C1106,3/29/2023,Clothing,461.99,1,461.99,Debit Card,55,Female,3,0
O102608,C1362,11/2/2023,Home,20.85,3,62.55,Credit Card,25,Male,4,0
O102609,C1095,9/15/2023,Beauty,484.78,2,969.56,UPI,38,Female,4,0
O102610,C1379,6/6/2023,Beauty,242.97,1,242.97,PayPal,59,Male,3,0
O102611,C1162,12/15/2023,Electronics,483.17,3,1449.51,PayPal,19,Male,4,0
O102612,C1171,8/22/2023,Clothing,464.91,3,1394.73,Credit Card,60,Female,5,0
O102613,C1220,6/21/2023,Electronics,386.92,1,386.92,PayPal,37,Female,2,0
O102614,C1452,2/9/2023,Clothing,430.08,3,1290.24,Credit Card,22,Female,5,0
O102615,C1497,8/31/2023,Books,427.21,2,854.42,Credit Card,30,Female,4,0
O102616,C1448,5/7/2023,Sports,180.18,2,360.36,Credit Card,47,Male,3,0
O102617,C1420,1/9/2023,Books,290.57,3,871.71,Debit Card,45,Male,3,0
O102618,C1269,9/15/2023,Clothing,473.55,3,1420.65,PayPal,34,Male,4,0
O102619,C1052,6/5/2023,Beauty,226.82,2,453.64,Debit Card,53,Female,4,0
O102620,C1252,6/29/2023,Books,347.84,1,347.84,Debit Card,38,Female,5,0
O102621,C1130,7/6/2023,Sports,153.44,4,613.76,Credit Card,21,Female,2,0
O102622,C1155,12/30/2023,Home,130.6,2,261.2,UPI,22,Female,2,0
O102623,C1058,5/19/2023,Beauty,91.6,1,91.6,UPI,58,Male,5,0
O102624,C1076,7/30/2023,Clothing,377.71,1,377.71,PayPal,36,Female,5,0
O102625,C1255,1/16/2023,Clothing,459.17,1,459.17,UPI,59,Female,4,0
O102626,C1185,4/16/2023,Beauty,274.67,2,549.34,Credit Card,60,Male,5,0
O102627,C1472,7/13/2023,Beauty,496.85,3,1490.55,Credit Card,37,Female,3,0
O102628,C1450,11/17/2023,Beauty,200.65,3,601.95,UPI,27,Female,5,0
O102629,C1491,9/27/2023,Clothing,100.77,4,403.08,Debit Card,27,Female,1,0
O102630,C1455,6/19/2023,Sports,30.01,4,120.04,UPI,20,Female,4,0
O102631,C1484,5/22/2023,Home,78.95,1,78.95,PayPal,50,Male,5,0
O102632,C1297,9/24/2023,Beauty,140.09,3,420.27,Debit Card,36,Male,4,0
O102633,C1222,8/21/2023,Books,400.39,4,1601.56,Debit Card,31,Female,4,0
O102634,C1057,1/5/2023,Sports,462.45,3,1387.35,PayPal,55,Female,4,0
O102635,C1349,3/18/2023,Books,462.54,4,1850.16,Debit Card,58,Male,4,0
O102636,C1156,9/7/2023,Home,24.94,1,24.94,Credit Card,32,Female,3,0
O102637,C1008,8/21/2023,Electronics,375.98,4,1503.92,PayPal,50,Female,5,0
O102638,C1423,10/31/2023,Electronics,299.76,2,599.52,Credit Card,53,Female,4,0
O102639,C1157,1/3/2023,Sports,189.28,1,189.28,Debit Card,48,Male,3,0
O102640,C1026,5/9/2023,Clothing,361.73,3,1085.19,Debit Card,54,Female,4,0
O102641,C1403,9/15/2023,Beauty,45.52,3,136.56,UPI,55,Male,3,0
O102642,C1489,2/14/2023,Beauty,181.9,4,727.6,Debit Card,36,Male,5,0
O102643,C1376,4/11/2023,Sports,398.57,2,797.14,UPI,53,Male,4,0
O102644,C1149,4/23/2023,Electronics,112.39,3,337.17,Bank Transfer,61,Female,3,0
O102645,C1128,12/14/2023,Beauty,255.65,1,255.65,Bank Transfer,40,Female,4,0
O102646,C1205,2/20/2023,Home,385.87,3,1157.61,Debit Card,45,Female,5,0
O102647,C1089,10/16/2023,Sports,372.12,4,1488.48,Debit Card,31,Male,3,0
O102648,C1350,4/13/2023,Home,160.69,4,642.76,PayPal,63,Female,5,0
O102649,C1284,4/13/2023,Home,494.72,2,989.44,Debit Card,33,Male,5,0
O102650,C1153,10/18/2023,Beauty,184.28,2,368.56,Bank Transfer,52,Male,2,0
O102651,C1193,8/12/2023,Electronics,268.5,2,537,PayPal,50,Female,4,0
O102652,C1356,6/10/2023,Books,431.06,3,1293.18,Debit Card,22,Female,4,0
O102653,C1182,8/7/2023,Sports,408.78,1,408.78,Bank Transfer,49,Female,5,1
O102654,C1237,1/15/2023,Books,61.84,1,61.84,Credit Card,64,Female,4,0
O102655,C1046,3/13/2023,Books,22.2,3,66.6,Debit Card,23,Male,4,1
O102656,C1298,9/20/2023,Home,256.63,1,256.63,PayPal,39,Female,5,0
O102657,C1028,7/21/2023,Clothing,474.74,2,949.48,Bank Transfer,23,Male,4,0
O102658,C1237,9/23/2023,Sports,131.71,2,263.42,Credit Card,49,Male,5,0
O102659,C1029,5/19/2023,Beauty,471.28,1,471.28,Credit Card,47,Female,5,0
O102660,C1305,2/19/2023,Home,337.03,2,674.06,UPI,58,Female,3,0
O102661,C1354,6/19/2023,Electronics,427.86,1,427.86,Credit Card,33,Male,4,0
O102662,C1360,4/15/2023,Books,210.75,4,843,PayPal,49,Female,3,1
O102663,C1070,4/25/2023,Beauty,93.92,1,93.92,PayPal,21,Female,4,0
O102664,C1322,6/9/2023,Beauty,165.75,4,663,Credit Card,20,Female,5,0
O102665,C1320,12/19/2023,Clothing,269.31,3,807.93,Credit Card,34,Male,3,0
O102666,C1001,3/20/2023,Books,47.56,3,142.68,Credit Card,18,Male,5,1
O102667,C1127,4/15/2023,Electronics,348.27,2,696.54,Bank Transfer,59,Male,4,0
O102668,C1427,9/16/2023,Sports,488.6,1,488.6,Bank Transfer,26,Male,1,0
O102669,C1475,3/4/2023,Home,453.21,1,453.21,Bank Transfer,56,Female,4,0
O102670,C1095,5/1/2023,Books,495.14,3,1485.42,Debit Card,47,Female,5,0
O102671,C1440,12/3/2023,Books,373.49,2,746.98,Credit Card,61,Female,4,0
O102672,C1075,11/22/2023,Electronics,313.17,4,1252.68,PayPal,23,Male,4,0
O102673,C1420,12/3/2023,Clothing,392.9,4,1571.6,PayPal,64,Male,4,0
O102674,C1244,9/3/2023,Home,410.64,1,410.64,Debit Card,39,Male,5,0
O102675,C1492,10/29/2023,Sports,221.56,4,886.24,Debit Card,42,Female,2,1
O102676,C1201,7/17/2023,Beauty,498.99,4,1995.96,Credit Card,37,Female,1,0
O102677,C1214,8/6/2023,Clothing,418.26,1,418.26,Credit Card,44,Female,2,0
O102678,C1235,3/3/2023,Books,216.57,2,433.14,Bank Transfer,48,Male,3,0
O102679,C1298,6/5/2023,Electronics,55.46,3,166.38,UPI,23,Female,4,0
O102680,C1022,7/1/2023,Clothing,151.87,4,607.48,Bank Transfer,36,Female,1,0
O102681,C1142,1/5/2023,Clothing,199.97,3,599.91,Debit Card,18,Male,2,0
O102682,C1179,12/28/2023,Books,97.44,3,292.32,Bank Transfer,54,Male,4,0
O102683,C1090,12/2/2023,Clothing,233.93,3,701.79,Debit Card,23,Female,3,0
O102684,C1236,3/13/2023,Home,89.65,3,268.95,Debit Card,45,Female,3,0
O102685,C1035,11/27/2023,Sports,239.81,1,239.81,Bank Transfer,44,Female,4,0
O102686,C1311,12/4/2023,Clothing,279.12,3,837.36,UPI,58,Female,5,1
O102687,C1067,12/24/2023,Home,167.61,2,335.22,UPI,38,Female,1,0
O102688,C1300,11/13/2023,Sports,448.42,1,448.42,Credit Card,47,Male,3,0
O102689,C1016,3/23/2023,Clothing,308.1,3,924.3,Credit Card,47,Male,5,0
O102690,C1256,12/14/2023,Sports,338.73,2,677.46,Debit Card,54,Male,5,0
O102691,C1396,5/2/2023,Electronics,79.2,2,158.4,PayPal,33,Female,4,0
O102692,C1387,8/4/2023,Electronics,73.69,1,73.69,Credit Card,52,Female,4,0
O102693,C1059,1/20/2023,Beauty,381.87,2,763.74,Credit Card,63,Female,5,0
O102694,C1391,7/11/2023,Books,440.46,2,880.92,Credit Card,56,Male,4,0
O102695,C1165,2/25/2023,Beauty,308.3,3,924.9,Bank Transfer,39,Female,5,0
O102696,C1069,11/23/2023,Books,115.85,2,231.7,UPI,40,Male,3,0
O102697,C1101,5/10/2023,Sports,417.97,3,1253.91,Bank Transfer,58,Female,4,0
O102698,C1116,4/14/2023,Beauty,62.62,4,250.48,PayPal,19,Female,5,0
O102699,C1417,9/28/2023,Clothing,144.77,1,144.77,Credit Card,59,Male,5,1
O102700,C1323,12/9/2023,Electronics,239.35,3,718.05,PayPal,49,Male,5,0
O102701,C1415,3/13/2023,Electronics,33.99,3,101.97,Debit Card,57,Female,5,0
O102702,C1291,10/7/2023,Electronics,333.85,3,1001.55,Debit Card,44,Male,5,0
O102703,C1350,11/25/2023,Books,291.64,1,291.64,Bank Transfer,54,Male,1,0
O102704,C1427,4/17/2023,Books,319.63,3,958.89,Bank Transfer,20,Female,5,0
O102705,C1183,11/13/2023,Books,414.07,1,414.07,PayPal,46,Male,5,0
O102706,C1225,8/7/2023,Beauty,253.93,2,507.86,Bank Transfer,25,Male,3,0
O102707,C1292,2/10/2023,Clothing,372.79,4,1491.16,UPI,27,Female,3,0
O102708,C1052,3/2/2023,Sports,436.45,4,1745.8,PayPal,18,Male,2,0
O102709,C1308,10/4/2023,Home,422.03,1,422.03,Credit Card,54,Male,4,0
O102710,C1421,5/29/2023,Home,140.57,3,421.71,Bank Transfer,44,Female,5,0
O102711,C1035,3/22/2023,Home,59.72,3,179.16,Credit Card,56,Male,5,0
O102712,C1437,9/23/2023,Books,385.75,2,771.5,UPI,21,Female,5,0
O102713,C1205,11/13/2023,Electronics,125.83,3,377.49,UPI,55,Male,4,1
O102714,C1299,8/30/2023,Home,178,2,356,Credit Card,25,Male,5,0
O102715,C1174,8/4/2023,Home,400.12,2,800.24,PayPal,45,Female,5,0
O102716,C1455,1/31/2023,Clothing,373.43,1,373.43,PayPal,29,Female,3,0
O102717,C1474,12/6/2023,Electronics,215.59,1,215.59,PayPal,27,Female,4,0
O102718,C1038,10/16/2023,Books,144.75,4,579,Credit Card,53,Female,4,0
O102719,C1037,8/2/2023,Books,490.52,2,981.04,UPI,36,Male,4,0
O102720,C1455,10/10/2023,Sports,495.34,2,990.68,PayPal,39,Female,4,0
O102721,C1371,1/22/2023,Electronics,367.85,3,1103.55,Credit Card,37,Female,4,0
O102722,C1260,4/26/2023,Beauty,485.42,4,1941.68,Debit Card,35,Female,5,0
O102723,C1245,6/5/2023,Clothing,424.55,2,849.1,Credit Card,22,Male,4,0
O102724,C1014,4/11/2023,Books,423.44,2,846.88,UPI,43,Female,4,0
O102725,C1350,12/17/2023,Beauty,53.89,1,53.89,Credit Card,62,Female,3,1
O102726,C1027,7/18/2023,Sports,190.97,2,381.94,PayPal,29,Female,4,0
O102727,C1360,8/7/2023,Books,133.76,2,267.52,PayPal,23,Male,5,0
O102728,C1225,3/2/2023,Books,54.6,4,218.4,Debit Card,21,Female,4,0
O102729,C1100,6/25/2023,Sports,168.33,1,168.33,Credit Card,40,Male,2,1
O102730,C1119,2/17/2023,Books,319.24,4,1276.96,Credit Card,32,Male,4,0
O102731,C1212,10/2/2023,Books,450.86,4,1803.44,Credit Card,44,Male,2,0
O102732,C1448,5/8/2023,Electronics,480.09,1,480.09,Credit Card,41,Male,5,0
O102733,C1065,8/13/2023,Clothing,210.24,3,630.72,Debit Card,32,Male,5,0
O102734,C1161,6/29/2023,Books,312.83,3,938.49,PayPal,26,Female,4,1
O102735,C1067,11/7/2023,Sports,54.84,4,219.36,Bank Transfer,45,Male,3,1
O102736,C1337,2/9/2023,Electronics,435.32,4,1741.28,Debit Card,56,Male,2,0
O102737,C1254,12/28/2023,Beauty,171.5,2,343,Debit Card,48,Male,1,0
O102738,C1228,1/1/2024,Home,344.75,4,1379,Debit Card,23,Female,5,0
O102739,C1445,12/1/2023,Clothing,111.66,1,111.66,UPI,58,Female,4,0
O102740,C1164,12/24/2023,Books,95.42,1,95.42,UPI,34,Male,5,0
O102741,C1028,6/27/2023,Sports,415.3,3,1245.9,UPI,53,Female,4,0
O102742,C1144,2/10/2023,Clothing,290.5,3,871.5,PayPal,21,Male,4,0
O102743,C1157,10/11/2023,Clothing,203.45,1,203.45,Credit Card,37,Female,4,1
O102744,C1372,3/14/2023,Electronics,150.37,2,300.74,PayPal,38,Female,5,0
O102745,C1333,8/21/2023,Electronics,275.78,1,275.78,Credit Card,50,Female,2,0
O102746,C1429,1/18/2023,Home,350.01,1,350.01,Debit Card,60,Female,3,0
O102747,C1154,2/13/2023,Electronics,440.44,2,880.88,Debit Card,49,Female,2,1
O102748,C1254,1/10/2023,Sports,246.78,3,740.34,Bank Transfer,56,Female,4,0
O102749,C1023,4/25/2023,Clothing,465.91,3,1397.73,Bank Transfer,46,Male,5,0
O102750,C1338,8/9/2023,Books,190.95,4,763.8,Credit Card,46,Female,5,0
O102751,C1017,10/5/2023,Home,344.5,1,344.5,Credit Card,33,Female,3,0
O102752,C1473,5/15/2023,Books,287.34,2,574.68,PayPal,57,Male,3,0
O102753,C1175,11/15/2023,Sports,482.1,1,482.1,Bank Transfer,61,Male,2,0
O102754,C1414,2/25/2023,Books,392.63,1,392.63,Bank Transfer,49,Female,3,0
O102755,C1440,10/1/2023,Sports,324.44,3,973.32,Bank Transfer,37,Female,5,0
O102756,C1084,7/15/2023,Sports,228.75,3,686.25,PayPal,27,Male,2,0
O102757,C1465,1/8/2023,Home,154.29,1,154.29,Debit Card,33,Male,1,0
O102758,C1128,10/5/2023,Home,433.27,3,1299.81,Debit Card,56,Female,5,0
O102759,C1020,11/12/2023,Home,381.72,1,381.72,Debit Card,32,Female,3,0
O102760,C1338,5/9/2023,Beauty,247.72,4,990.88,UPI,64,Male,3,0
O102761,C1064,6/7/2023,Books,65.81,3,197.43,Debit Card,23,Female,5,0
O102762,C1434,4/2/2023,Sports,6.95,4,27.8,Bank Transfer,32,Male,5,0
O102763,C1226,1/5/2023,Sports,262.66,1,262.66,Credit Card,36,Female,3,0
O102764,C1246,11/23/2023,Books,80.04,1,80.04,PayPal,46,Female,5,0
O102765,C1030,10/24/2023,Electronics,406.46,4,1625.84,Debit Card,47,Female,1,0
O102766,C1489,2/2/2023,Sports,371.23,2,742.46,PayPal,64,Female,3,0
O102767,C1393,5/22/2023,Home,432.21,3,1296.63,Bank Transfer,41,Male,4,1
O102768,C1117,11/19/2023,Clothing,163.84,3,491.52,PayPal,22,Male,5,0
O102769,C1120,2/28/2023,Beauty,259.92,1,259.92,Credit Card,47,Male,3,0
O102770,C1351,9/17/2023,Sports,195.6,4,782.4,UPI,26,Female,5,0
O102771,C1022,10/11/2023,Beauty,191.88,3,575.64,PayPal,26,Male,4,0
O102772,C1488,1/1/2024,Home,21.53,1,21.53,Debit Card,52,Male,5,0
O102773,C1348,6/30/2023,Books,107.22,1,107.22,Credit Card,49,Male,1,0
O102774,C1180,2/25/2023,Electronics,164.08,2,328.16,UPI,49,Female,2,0
O102775,C1058,9/19/2023,Electronics,140.66,4,562.64,PayPal,41,Male,1,0
O102776,C1167,10/20/2023,Home,40.33,3,120.99,Bank Transfer,35,Male,4,0
O102777,C1329,8/7/2023,Home,212.09,2,424.18,PayPal,25,Male,5,0
O102778,C1168,11/7/2023,Home,442.92,1,442.92,Debit Card,29,Female,4,0
O102779,C1460,11/30/2023,Home,418.81,1,418.81,Bank Transfer,49,Female,5,0
O102780,C1319,1/16/2023,Clothing,443.33,2,886.66,Debit Card,41,Male,1,0
O102781,C1149,3/18/2023,Books,265.57,1,265.57,Credit Card,27,Male,4,0
O102782,C1312,4/19/2023,Home,475.82,1,475.82,UPI,21,Female,4,0
O102783,C1482,4/21/2023,Sports,88.42,3,265.26,UPI,58,Male,3,0
O102784,C1337,3/18/2023,Sports,499.31,3,1497.93,Credit Card,58,Male,3,0
O102785,C1491,4/25/2023,Books,156.18,4,624.72,UPI,34,Female,4,0
O102786,C1276,3/4/2023,Books,171.67,1,171.67,Credit Card,44,Female,3,1
O102787,C1338,9/26/2023,Books,23.26,2,46.52,Bank Transfer,34,Female,4,0
O102788,C1138,4/10/2023,Books,44.76,2,89.52,Debit Card,43,Male,3,0
O102789,C1169,5/5/2023,Home,144.7,3,434.1,PayPal,42,Female,2,0
O102790,C1162,3/1/2023,Beauty,53.57,2,107.14,PayPal,61,Female,5,0
O102791,C1376,7/29/2023,Home,146.4,4,585.6,Credit Card,43,Female,5,0
O102792,C1287,9/16/2023,Electronics,88.2,3,264.6,Debit Card,37,Female,3,1
O102793,C1310,4/28/2023,Sports,278.07,3,834.21,Bank Transfer,24,Male,2,0
O102794,C1292,3/6/2023,Books,78.45,2,156.9,PayPal,30,Female,5,1
O102795,C1346,10/27/2023,Beauty,190.74,2,381.48,PayPal,51,Female,5,0
O102796,C1408,5/27/2023,Home,346.33,4,1385.32,Debit Card,28,Male,3,0
O102797,C1042,7/29/2023,Sports,42.6,2,85.2,UPI,46,Male,5,0
O102798,C1295,9/11/2023,Beauty,377.86,4,1511.44,PayPal,20,Male,2,0
O102799,C1449,8/21/2023,Electronics,487.1,1,487.1,PayPal,44,Male,5,0
O102800,C1215,5/15/2023,Books,56.42,2,112.84,Bank Transfer,56,Male,3,0
O102801,C1065,1/18/2023,Sports,240.24,1,240.24,Credit Card,36,Male,5,0
O102802,C1038,3/9/2023,Books,323.98,4,1295.92,UPI,30,Female,3,0
O102803,C1463,8/5/2023,Home,221.81,1,221.81,PayPal,55,Female,5,0
O102804,C1357,10/13/2023,Clothing,86.5,2,173,Debit Card,32,Male,1,0
O102805,C1173,6/22/2023,Books,61.57,4,246.28,UPI,61,Male,5,0
O102806,C1370,1/24/2023,Electronics,111.73,3,335.19,Debit Card,26,Female,4,0
O102807,C1467,7/29/2023,Beauty,420.37,2,840.74,Bank Transfer,19,Female,4,0
O102808,C1149,9/2/2023,Beauty,60.34,1,60.34,PayPal,60,Male,3,0
O102809,C1371,10/29/2023,Books,318.86,1,318.86,Credit Card,35,Male,2,0
O102810,C1459,1/4/2023,Books,15.97,1,15.97,UPI,33,Female,2,0
O102811,C1346,11/29/2023,Sports,114.5,4,458,Bank Transfer,64,Female,3,0
O102812,C1225,4/1/2023,Books,275.05,2,550.1,UPI,39,Female,4,0
O102813,C1484,2/19/2023,Clothing,283,4,1132,Debit Card,45,Female,5,0
O102814,C1175,1/25/2023,Books,367.39,4,1469.56,UPI,47,Female,4,0
O102815,C1147,6/15/2023,Sports,7.8,2,15.6,Debit Card,36,Male,3,0
O102816,C1489,3/15/2023,Electronics,436.65,3,1309.95,PayPal,28,Female,4,0
O102817,C1266,5/23/2023,Books,200.56,1,200.56,UPI,45,Female,4,0
O102818,C1051,6/27/2023,Home,496.62,4,1986.48,PayPal,55,Male,2,0
O102819,C1148,5/21/2023,Sports,30.61,4,122.44,Bank Transfer,52,Male,2,1
O102820,C1454,3/28/2023,Home,470.73,3,1412.19,Debit Card,61,Male,3,0
O102821,C1474,4/29/2023,Beauty,260.2,4,1040.8,Debit Card,38,Male,5,0
O102822,C1050,4/16/2023,Books,50.75,4,203,UPI,55,Male,4,1
O102823,C1015,11/3/2023,Electronics,98.3,1,98.3,UPI,54,Male,2,0
O102824,C1004,9/8/2023,Electronics,125.46,2,250.92,Debit Card,56,Male,3,0
O102825,C1145,10/20/2023,Sports,233.59,2,467.18,Bank Transfer,63,Male,5,0
O102826,C1426,8/21/2023,Home,436.01,1,436.01,Credit Card,18,Male,5,0
O102827,C1228,8/10/2023,Sports,53.36,2,106.72,Debit Card,49,Male,4,0
O102828,C1443,3/12/2023,Home,265.74,3,797.22,Credit Card,57,Female,4,0
O102829,C1412,2/10/2023,Beauty,485.1,1,485.1,PayPal,25,Male,3,0
O102830,C1168,3/22/2023,Books,440.97,2,881.94,Debit Card,32,Female,5,0
O102831,C1233,11/19/2023,Beauty,284.35,3,853.05,UPI,23,Male,3,0
O102832,C1362,12/19/2023,Home,414.83,2,829.66,Credit Card,49,Female,5,0
O102833,C1052,12/28/2023,Books,69.45,4,277.8,Debit Card,41,Male,1,0
O102834,C1431,10/13/2023,Beauty,316.69,4,1266.76,Credit Card,33,Male,4,0
O102835,C1126,3/12/2023,Books,314.09,1,314.09,Bank Transfer,40,Male,5,0
O102836,C1345,4/11/2023,Home,216.2,1,216.2,Bank Transfer,51,Male,5,0
O102837,C1249,4/6/2023,Beauty,112.26,1,112.26,Bank Transfer,21,Female,1,0
O102838,C1068,4/12/2023,Beauty,59.99,1,59.99,Credit Card,37,Male,3,0
O102839,C1002,8/11/2023,Electronics,201.99,1,201.99,Bank Transfer,41,Male,2,0
O102840,C1364,4/2/2023,Electronics,252.11,1,252.11,Bank Transfer,38,Female,3,0
O102841,C1315,7/14/2023,Beauty,448.38,4,1793.52,UPI,24,Male,2,0
O102842,C1327,6/28/2023,Sports,487.56,1,487.56,UPI,61,Male,4,1
O102843,C1450,6/3/2023,Clothing,497.8,4,1991.2,Debit Card,39,Female,3,0
O102844,C1251,11/19/2023,Sports,210.31,1,210.31,UPI,38,Female,5,0
O102845,C1279,9/4/2023,Home,309.81,2,619.62,Credit Card,61,Male,2,0
O102846,C1058,5/28/2023,Sports,285.7,3,857.1,Bank Transfer,51,Female,5,0
O102847,C1127,12/6/2023,Sports,162.46,2,324.92,Credit Card,21,Male,2,0
O102848,C1238,6/13/2023,Beauty,227.97,2,455.94,Credit Card,64,Female,4,0
O102849,C1357,7/23/2023,Beauty,346.47,1,346.47,PayPal,49,Female,2,0
O102850,C1431,9/8/2023,Books,197.08,4,788.32,Bank Transfer,22,Male,5,0
O102851,C1015,5/29/2023,Home,51.25,2,102.5,UPI,43,Male,2,0
O102852,C1456,7/29/2023,Electronics,123.61,1,123.61,UPI,37,Female,5,0
O102853,C1134,12/12/2023,Home,139.86,4,559.44,Bank Transfer,57,Female,5,1
O102854,C1415,8/15/2023,Sports,70.13,4,280.52,Bank Transfer,63,Female,4,0
O102855,C1468,1/28/2023,Home,423.94,1,423.94,Bank Transfer,27,Male,5,0
O102856,C1174,11/22/2023,Electronics,457.34,3,1372.02,Debit Card,22,Female,5,0
O102857,C1210,4/24/2023,Books,102.13,4,408.52,PayPal,38,Male,4,0
O102858,C1400,11/17/2023,Electronics,54.52,1,54.52,UPI,27,Female,3,0
O102859,C1067,11/6/2023,Books,437.26,1,437.26,Credit Card,21,Male,5,0
O102860,C1411,7/14/2023,Electronics,203.66,1,203.66,Debit Card,22,Female,4,0
O102861,C1393,10/11/2023,Electronics,333.46,3,1000.38,Credit Card,25,Male,2,0
O102862,C1186,10/2/2023,Clothing,203.75,1,203.75,PayPal,45,Female,5,0
O102863,C1441,4/28/2023,Home,208.83,4,835.32,PayPal,21,Female,1,0
O102864,C1170,7/31/2023,Clothing,419.68,2,839.36,UPI,30,Male,4,0
O102865,C1482,1/7/2023,Electronics,483.86,4,1935.44,Credit Card,56,Male,4,0
O102866,C1257,7/23/2023,Sports,272.78,4,1091.12,Credit Card,56,Male,4,0
O102867,C1145,6/4/2023,Electronics,47.06,4,188.24,PayPal,58,Male,4,0
O102868,C1018,5/20/2023,Beauty,227.23,3,681.69,Credit Card,30,Female,5,0
O102869,C1336,7/25/2023,Clothing,443.53,2,887.06,Debit Card,26,Male,3,0
O102870,C1040,2/7/2023,Books,135.8,1,135.8,Bank Transfer,19,Male,2,0
O102871,C1008,10/5/2023,Books,290.58,3,871.74,PayPal,46,Male,3,0
O102872,C1377,10/29/2023,Sports,335.5,2,671,PayPal,49,Female,4,0
O102873,C1402,6/15/2023,Sports,130.03,1,130.03,UPI,41,Male,5,0
O102874,C1155,5/21/2023,Sports,439.04,4,1756.16,PayPal,44,Male,3,0
O102875,C1136,12/2/2023,Books,280.82,2,561.64,Bank Transfer,24,Female,4,0
O102876,C1150,8/8/2023,Electronics,422.98,3,1268.94,PayPal,31,Female,5,0
O102877,C1288,5/23/2023,Sports,201.03,4,804.12,Debit Card,20,Male,5,0
O102878,C1196,1/9/2023,Sports,142.49,2,284.98,Bank Transfer,20,Female,4,0
O102879,C1391,10/7/2023,Beauty,376.02,3,1128.06,Credit Card,63,Female,5,0
O102880,C1115,10/23/2023,Electronics,66.32,2,132.64,Bank Transfer,39,Male,5,0
O102881,C1229,7/9/2023,Sports,291.46,1,291.46,UPI,35,Male,4,0
O102882,C1330,6/9/2023,Home,282.95,3,848.85,PayPal,50,Male,5,0
O102883,C1049,10/15/2023,Clothing,211.87,3,635.61,PayPal,26,Female,4,0
O102884,C1304,5/8/2023,Electronics,98.73,2,197.46,PayPal,57,Female,1,0
O102885,C1316,8/31/2023,Books,292.55,3,877.65,UPI,34,Male,2,0
O102886,C1031,9/10/2023,Home,41.79,1,41.79,Bank Transfer,45,Female,4,0
O102887,C1380,6/22/2023,Clothing,308.01,2,616.02,Credit Card,62,Female,3,0
O102888,C1353,10/17/2023,Books,72.84,3,218.52,Bank Transfer,52,Male,4,0
O102889,C1138,12/20/2023,Clothing,92.72,2,185.44,UPI,34,Female,5,0
O102890,C1280,9/13/2023,Home,206.4,4,825.6,PayPal,35,Female,5,0
O102891,C1237,12/29/2023,Sports,154.38,4,617.52,UPI,51,Male,5,0
O102892,C1472,2/23/2023,Sports,216.14,1,216.14,Credit Card,49,Female,2,0
O102893,C1066,1/7/2023,Clothing,137.42,3,412.26,UPI,39,Male,5,0
O102894,C1086,4/12/2023,Sports,239.15,3,717.45,Credit Card,27,Male,5,0
O102895,C1454,8/6/2023,Sports,177.75,2,355.5,PayPal,38,Female,4,1
O102896,C1072,10/8/2023,Sports,167.14,3,501.42,Bank Transfer,60,Male,5,0
O102897,C1152,3/2/2023,Sports,234.44,2,468.88,Debit Card,39,Female,3,0
O102898,C1268,6/15/2023,Books,61.21,3,183.63,Debit Card,55,Male,3,0
O102899,C1073,5/29/2023,Books,305.95,1,305.95,PayPal,51,Female,5,0
O102900,C1266,11/6/2023,Home,480.62,2,961.24,Bank Transfer,38,Female,3,0
O102901,C1108,6/19/2023,Beauty,82.34,4,329.36,PayPal,25,Male,2,0
O102902,C1269,8/31/2023,Electronics,217.63,1,217.63,Debit Card,24,Female,2,0
O102903,C1092,3/18/2023,Sports,300.09,1,300.09,Credit Card,45,Male,1,0
O102904,C1160,12/26/2023,Clothing,198.89,2,397.78,PayPal,27,Male,4,0
O102905,C1276,8/23/2023,Home,275.88,4,1103.52,Credit Card,63,Male,3,0
O102906,C1320,8/28/2023,Books,431.12,1,431.12,PayPal,42,Male,3,0
O102907,C1180,11/22/2023,Books,42.2,3,126.6,PayPal,58,Female,4,0
O102908,C1322,1/8/2023,Clothing,23.81,3,71.43,Debit Card,18,Female,2,0
O102909,C1421,8/7/2023,Books,445.71,3,1337.13,Debit Card,54,Female,2,0
O102910,C1320,7/26/2023,Home,352.91,1,352.91,UPI,58,Male,4,0
O102911,C1040,10/31/2023,Clothing,120.53,1,120.53,Credit Card,39,Male,4,0
O102912,C1144,4/2/2023,Home,227.59,4,910.36,UPI,54,Male,3,0
O102913,C1065,9/25/2023,Books,341.36,4,1365.44,Bank Transfer,57,Female,5,0
O102914,C1295,10/31/2023,Books,382.53,4,1530.12,Debit Card,34,Female,1,0
O102915,C1108,3/28/2023,Electronics,292.76,4,1171.04,PayPal,48,Male,3,0
O102916,C1047,11/11/2023,Clothing,263.14,4,1052.56,PayPal,26,Male,4,0
O102917,C1244,1/1/2023,Home,7.46,2,14.92,Credit Card,18,Male,4,0
O102918,C1071,9/19/2023,Sports,88.64,2,177.28,Bank Transfer,35,Female,2,0
O102919,C1168,6/4/2023,Books,192.71,4,770.84,Credit Card,25,Male,4,0
O102920,C1287,7/21/2023,Sports,425.85,1,425.85,Bank Transfer,29,Female,3,0
O102921,C1182,6/9/2023,Books,164.68,1,164.68,Debit Card,46,Male,1,0
O102922,C1453,11/6/2023,Clothing,311.48,1,311.48,PayPal,34,Female,5,0
O102923,C1365,3/15/2023,Sports,468.31,4,1873.24,UPI,31,Female,4,0
O102924,C1251,12/22/2023,Home,440.55,4,1762.2,Credit Card,23,Female,2,0
O102925,C1334,6/28/2023,Clothing,9.51,3,28.53,Credit Card,20,Female,5,0
O102926,C1438,8/27/2023,Beauty,269.86,4,1079.44,Debit Card,50,Female,4,0
O102927,C1110,11/12/2023,Books,282.75,3,848.25,PayPal,61,Female,5,0
O102928,C1192,4/2/2023,Beauty,124.83,3,374.49,Credit Card,46,Male,4,0
O102929,C1227,7/4/2023,Books,184.81,2,369.62,PayPal,25,Male,4,0
O102930,C1301,6/8/2023,Home,419.69,3,1259.07,Credit Card,60,Female,2,0
O102931,C1469,5/10/2023,Books,408.7,1,408.7,Credit Card,28,Female,5,0
O102932,C1018,11/28/2023,Home,111.91,3,335.73,Bank Transfer,53,Female,4,1
O102933,C1023,12/23/2023,Beauty,110.88,4,443.52,Debit Card,27,Female,5,0
O102934,C1321,1/30/2023,Books,192.94,1,192.94,Credit Card,60,Female,4,0
O102935,C1312,11/20/2023,Sports,445.17,2,890.34,Bank Transfer,20,Male,5,0
O102936,C1243,11/28/2023,Books,250.58,3,751.74,Credit Card,36,Male,5,0
O102937,C1190,1/15/2023,Books,159.28,2,318.56,PayPal,32,Male,3,0
O102938,C1446,3/9/2023,Electronics,494.64,3,1483.92,Bank Transfer,37,Male,3,0
O102939,C1029,8/16/2023,Beauty,336.39,2,672.78,Credit Card,25,Female,5,0
O102940,C1050,10/6/2023,Home,429.31,2,858.62,PayPal,54,Male,4,0
O102941,C1171,12/11/2023,Home,202.7,2,405.4,PayPal,22,Female,5,0
O102942,C1265,1/8/2023,Beauty,483.22,1,483.22,Bank Transfer,19,Female,1,0
O102943,C1429,12/8/2023,Beauty,38.78,4,155.12,Credit Card,47,Male,4,0
O102944,C1099,9/14/2023,Clothing,329.04,1,329.04,Debit Card,40,Male,2,0
O102945,C1089,8/16/2023,Electronics,50.25,1,50.25,Debit Card,24,Male,4,0
O102946,C1353,9/16/2023,Sports,207.36,2,414.72,PayPal,56,Male,3,1
O102947,C1160,5/21/2023,Books,178.25,3,534.75,Debit Card,36,Male,5,0
O102948,C1175,8/27/2023,Books,38.2,1,38.2,Credit Card,49,Female,2,0
O102949,C1046,3/1/2023,Electronics,30.63,2,61.26,PayPal,28,Male,5,0
O102950,C1096,6/12/2023,Books,166.96,3,500.88,Credit Card,48,Male,3,0
O102951,C1404,1/6/2023,Clothing,387.95,1,387.95,Debit Card,25,Female,5,0
O102952,C1042,5/7/2023,Home,129.74,4,518.96,PayPal,26,Male,4,0
O102953,C1159,1/28/2023,Sports,416.14,1,416.14,Debit Card,58,Male,3,0
O102954,C1143,3/13/2023,Books,29.82,1,29.82,Debit Card,52,Female,4,0
O102955,C1116,4/7/2023,Home,456.32,3,1368.96,PayPal,43,Male,2,0
O102956,C1152,5/13/2023,Beauty,266.01,4,1064.04,Bank Transfer,64,Female,3,0
O102957,C1048,9/8/2023,Home,252.87,2,505.74,UPI,19,Female,4,0
O102958,C1179,11/25/2023,Books,379.08,4,1516.32,Bank Transfer,53,Male,5,0
O102959,C1019,10/27/2023,Sports,342.96,3,1028.88,PayPal,42,Male,5,0
O102960,C1360,8/11/2023,Home,194.01,4,776.04,Debit Card,64,Male,5,0
O102961,C1176,12/25/2023,Books,134,4,536,UPI,34,Female,4,0
O102962,C1047,9/20/2023,Clothing,138.05,4,552.2,Debit Card,32,Male,2,0
O102963,C1240,5/14/2023,Electronics,112.54,3,337.62,Credit Card,56,Male,5,0
O102964,C1244,3/13/2023,Sports,440.65,4,1762.6,UPI,29,Female,2,0
O102965,C1191,10/16/2023,Sports,60.54,4,242.16,UPI,50,Male,5,0
O102966,C1166,12/26/2023,Electronics,489.06,1,489.06,Debit Card,22,Male,3,0
O102967,C1082,8/4/2023,Sports,341.12,1,341.12,Debit Card,27,Female,4,0
O102968,C1332,2/21/2023,Clothing,137.34,3,412.02,Debit Card,41,Female,5,0
O102969,C1084,8/28/2023,Books,443.83,2,887.66,PayPal,42,Male,3,1
O102970,C1225,11/12/2023,Sports,244.26,4,977.04,UPI,57,Female,3,0
O102971,C1375,7/24/2023,Sports,417.26,2,834.52,PayPal,21,Female,5,0
O102972,C1371,7/11/2023,Books,64.96,2,129.92,Debit Card,45,Female,4,1
O102973,C1348,7/25/2023,Home,349.01,2,698.02,Credit Card,37,Male,5,0
O102974,C1391,9/17/2023,Electronics,12.63,1,12.63,Bank Transfer,49,Female,4,0
O102975,C1397,5/18/2023,Books,47.49,2,94.98,Bank Transfer,63,Male,3,0
O102976,C1084,9/20/2023,Clothing,382.3,4,1529.2,Debit Card,48,Male,5,0
O102977,C1488,10/18/2023,Clothing,126.18,2,252.36,PayPal,18,Female,2,0
O102978,C1404,1/28/2023,Electronics,304.67,1,304.67,Debit Card,47,Male,4,0
O102979,C1411,6/27/2023,Sports,168.5,3,505.5,Bank Transfer,21,Male,4,0
O102980,C1236,1/1/2023,Beauty,33.43,4,133.72,PayPal,32,Male,5,0
O102981,C1453,3/30/2023,Home,194.87,2,389.74,Debit Card,53,Male,4,0
O102982,C1095,5/1/2023,Clothing,287.32,2,574.64,Bank Transfer,52,Male,5,0
O102983,C1371,5/6/2023,Clothing,165.1,4,660.4,UPI,37,Female,4,0
O102984,C1003,9/2/2023,Clothing,312.43,4,1249.72,Debit Card,42,Male,4,0
O102985,C1242,10/9/2023,Beauty,383.92,4,1535.68,Bank Transfer,60,Male,5,0
O102986,C1468,8/30/2023,Beauty,97.47,3,292.41,Bank Transfer,19,Female,4,1
O102987,C1362,5/5/2023,Electronics,334.38,1,334.38,Bank Transfer,55,Male,3,0
O102988,C1163,3/10/2023,Sports,164.07,2,328.14,Debit Card,54,Female,3,0
O102989,C1420,12/12/2023,Beauty,397.46,2,794.92,Bank Transfer,40,Female,4,1
O102990,C1274,2/6/2023,Home,215.53,4,862.12,Bank Transfer,50,Male,2,0
O102991,C1114,11/8/2023,Clothing,325.84,1,325.84,PayPal,53,Female,1,0
O102992,C1186,6/24/2023,Books,11.27,2,22.54,Credit Card,38,Female,4,0
O102993,C1469,2/9/2023,Beauty,99.98,1,99.98,PayPal,62,Male,2,0
O102994,C1256,4/7/2023,Electronics,78.97,1,78.97,PayPal,62,Female,4,0
O102995,C1223,2/17/2023,Home,131.34,4,525.36,Bank Transfer,62,Male,2,0
O102996,C1218,3/19/2023,Home,473.19,4,1892.76,Debit Card,23,Female,3,0
O102997,C1346,9/4/2023,Electronics,304.76,1,304.76,Debit Card,30,Female,4,0
O102998,C1092,3/25/2023,Sports,245.78,1,245.78,UPI,38,Male,3,0
O102999,C1239,2/12/2023,Home,308.5,2,617,Credit Card,59,Female,4,0
O103000,C1412,1/7/2023,Clothing,441.26,2,882.52,Debit Card,36,Male,5,0
O103001,C1295,9/17/2023,Sports,340.7,3,1022.1,Bank Transfer,20,Male,4,0
O103002,C1249,12/1/2023,Beauty,363.77,1,363.77,Bank Transfer,32,Female,2,0
O103003,C1395,1/28/2023,Home,276.08,4,1104.32,Bank Transfer,25,Female,2,0
O103004,C1380,11/21/2023,Electronics,175.72,1,175.72,UPI,30,Female,4,0
O103005,C1258,7/10/2023,Sports,55.03,1,55.03,Debit Card,26,Female,4,0
O103006,C1058,4/2/2023,Sports,453.91,3,1361.73,UPI,49,Female,4,0
O103007,C1446,12/12/2023,Electronics,269.22,1,269.22,PayPal,60,Male,3,0
O103008,C1173,12/29/2023,Books,198.48,3,595.44,Debit Card,43,Male,4,0
O103009,C1264,11/11/2023,Beauty,141.21,2,282.42,Bank Transfer,33,Female,4,0
O103010,C1025,8/26/2023,Home,142.3,4,569.2,Credit Card,20,Male,4,0
O103011,C1445,9/8/2023,Sports,411.23,4,1644.92,Debit Card,34,Male,4,1
O103012,C1456,11/3/2023,Beauty,389.78,3,1169.34,Debit Card,60,Female,3,0
O103013,C1218,6/22/2023,Beauty,370.4,4,1481.6,Debit Card,27,Male,5,0
O103014,C1278,5/17/2023,Clothing,414.08,1,414.08,Debit Card,56,Female,5,0
O103015,C1214,1/9/2023,Sports,323.23,1,323.23,Debit Card,37,Female,5,0
O103016,C1326,1/19/2023,Books,52.81,3,158.43,Credit Card,26,Female,4,0
O103017,C1375,1/19/2023,Books,44.03,3,132.09,Bank Transfer,25,Male,3,0
O103018,C1090,2/13/2023,Books,142.85,3,428.55,Credit Card,61,Male,3,0
O103019,C1373,3/16/2023,Beauty,422.13,4,1688.52,Bank Transfer,56,Female,5,0
O103020,C1458,5/21/2023,Home,488.63,4,1954.52,Bank Transfer,25,Male,3,0
O103021,C1471,9/26/2023,Books,124.28,1,124.28,Bank Transfer,41,Male,2,0
O103022,C1040,6/17/2023,Home,428.38,2,856.76,Credit Card,49,Male,2,0
O103023,C1312,11/23/2023,Electronics,35.26,4,141.04,Bank Transfer,48,Male,5,0
O103024,C1173,11/23/2023,Beauty,462.49,3,1387.47,Debit Card,27,Female,3,0
O103025,C1206,1/12/2023,Clothing,360.84,3,1082.52,Debit Card,25,Male,4,0
O103026,C1429,8/10/2023,Electronics,466.23,2,932.46,PayPal,60,Female,5,0
O103027,C1156,11/12/2023,Books,55.99,1,55.99,UPI,51,Male,2,0
O103028,C1356,1/26/2023,Home,30.57,2,61.14,UPI,19,Female,5,0
O103029,C1111,8/12/2023,Home,382.84,1,382.84,PayPal,63,Female,5,0
O103030,C1257,12/10/2023,Electronics,201.74,1,201.74,UPI,23,Female,4,1
O103031,C1466,4/3/2023,Beauty,321.61,2,643.22,Debit Card,44,Female,4,0
O103032,C1003,7/28/2023,Clothing,297.81,4,1191.24,Credit Card,59,Female,4,0
O103033,C1337,3/8/2023,Home,362.47,1,362.47,Debit Card,32,Female,3,0
O103034,C1307,11/22/2023,Home,468.27,3,1404.81,Credit Card,36,Male,4,0
O103035,C1116,1/10/2023,Beauty,378.49,2,756.98,Debit Card,35,Male,5,0
O103036,C1033,11/10/2023,Home,240.78,3,722.34,UPI,45,Female,3,0
O103037,C1302,8/4/2023,Beauty,87.97,2,175.94,UPI,32,Female,4,0
O103038,C1278,7/19/2023,Sports,60.79,3,182.37,UPI,46,Male,5,0
O103039,C1176,6/24/2023,Home,33.92,1,33.92,Debit Card,58,Female,3,0
O103040,C1078,8/25/2023,Beauty,20.63,3,61.89,Bank Transfer,20,Male,5,0
O103041,C1273,12/24/2023,Clothing,114.54,2,229.08,Bank Transfer,19,Female,3,0
O103042,C1207,1/17/2023,Beauty,282.01,3,846.03,UPI,51,Male,5,1
O103043,C1324,9/7/2023,Books,287.21,3,861.63,Debit Card,38,Male,5,0
O103044,C1107,9/29/2023,Home,334.88,2,669.76,Debit Card,63,Female,4,0
O103045,C1385,6/11/2023,Sports,447.88,2,895.76,Bank Transfer,47,Male,2,0
O103046,C1080,11/16/2023,Books,91.93,1,91.93,PayPal,32,Female,1,0
O103047,C1290,8/9/2023,Sports,90.74,3,272.22,Credit Card,22,Female,4,0
O103048,C1285,9/9/2023,Clothing,189.79,2,379.58,Bank Transfer,46,Male,3,0
O103049,C1194,11/7/2023,Electronics,79.61,3,238.83,Credit Card,54,Female,4,0
O103050,C1112,4/19/2023,Electronics,382.03,4,1528.12,UPI,36,Female,4,1
O103051,C1092,3/23/2023,Beauty,153.04,2,306.08,Bank Transfer,60,Female,5,0
O103052,C1181,4/22/2023,Sports,93.37,2,186.74,UPI,60,Female,3,0
O103053,C1164,7/5/2023,Beauty,367.65,2,735.3,Credit Card,40,Female,3,0
O103054,C1258,10/2/2023,Books,64.74,1,64.74,Bank Transfer,37,Male,1,0
O103055,C1440,7/26/2023,Sports,197.83,1,197.83,Bank Transfer,31,Female,4,0
O103056,C1423,8/19/2023,Clothing,262.94,1,262.94,PayPal,23,Female,5,1
O103057,C1148,1/2/2023,Books,209.75,3,629.25,Debit Card,18,Female,3,0
O103058,C1336,3/30/2023,Beauty,190.54,2,381.08,Credit Card,42,Female,4,0
O103059,C1298,12/1/2023,Sports,373.39,2,746.78,Bank Transfer,40,Female,4,0
O103060,C1097,11/22/2023,Electronics,58.85,3,176.55,UPI,55,Male,5,0
O103061,C1071,11/9/2023,Books,54.79,4,219.16,UPI,34,Male,4,1
O103062,C1307,10/20/2023,Beauty,93.41,2,186.82,Bank Transfer,32,Male,4,0
O103063,C1167,11/9/2023,Clothing,209.98,4,839.92,PayPal,40,Female,3,0
O103064,C1351,2/16/2023,Home,428,3,1284,Credit Card,61,Female,3,0
O103065,C1283,9/19/2023,Clothing,397.62,4,1590.48,PayPal,40,Female,5,0
O103066,C1189,5/3/2023,Clothing,314.55,4,1258.2,Bank Transfer,61,Male,4,0
O103067,C1166,3/9/2023,Home,345.61,3,1036.83,Credit Card,27,Male,3,0
O103068,C1106,10/23/2023,Sports,485.73,3,1457.19,Bank Transfer,25,Male,3,1
O103069,C1351,11/5/2023,Sports,442.61,2,885.22,PayPal,29,Male,4,0
O103070,C1499,8/25/2023,Books,208.33,4,833.32,Credit Card,20,Female,3,0
O103071,C1447,3/23/2023,Clothing,284.99,3,854.97,Bank Transfer,60,Male,2,0
O103072,C1004,1/17/2023,Beauty,426.26,1,426.26,Bank Transfer,43,Female,4,0
O103073,C1442,7/17/2023,Electronics,390.6,1,390.6,Bank Transfer,46,Female,3,0
O103074,C1453,10/3/2023,Electronics,334.28,2,668.56,UPI,44,Male,5,0
O103075,C1225,9/4/2023,Beauty,42.3,4,169.2,Credit Card,60,Female,4,0
O103076,C1416,7/23/2023,Beauty,334.82,3,1004.46,Credit Card,51,Female,3,0
O103077,C1205,9/19/2023,Beauty,402.86,1,402.86,Bank Transfer,32,Female,4,0
O103078,C1404,3/5/2023,Electronics,46.56,2,93.12,PayPal,26,Female,3,1
O103079,C1389,10/24/2023,Electronics,392.89,3,1178.67,PayPal,27,Female,4,0
O103080,C1212,12/3/2023,Home,246.07,3,738.21,PayPal,18,Male,5,0
O103081,C1408,9/5/2023,Clothing,10.43,1,10.43,Debit Card,32,Male,3,0
O103082,C1169,11/25/2023,Beauty,424.66,4,1698.64,Credit Card,56,Female,4,0
O103083,C1461,12/30/2023,Sports,407.49,4,1629.96,PayPal,25,Female,5,0
O103084,C1176,6/1/2023,Beauty,483.99,2,967.98,Bank Transfer,27,Female,5,0
O103085,C1404,8/19/2023,Beauty,420.23,3,1260.69,Debit Card,36,Female,4,1
O103086,C1305,1/19/2023,Clothing,342.22,1,342.22,PayPal,22,Female,4,1
O103087,C1014,4/24/2023,Home,217.14,4,868.56,UPI,63,Female,4,0
O103088,C1366,5/30/2023,Home,317.84,4,1271.36,PayPal,34,Female,4,0
O103089,C1244,1/1/2024,Sports,269.19,2,538.38,Debit Card,45,Male,5,0
O103090,C1381,12/22/2023,Clothing,33.02,2,66.04,PayPal,25,Female,3,0
O103091,C1440,7/16/2023,Home,338.34,1,338.34,PayPal,42,Male,5,0
O103092,C1436,4/19/2023,Books,158.46,1,158.46,Debit Card,51,Male,3,0
O103093,C1300,1/7/2023,Home,47.26,4,189.04,Debit Card,23,Female,5,0
O103094,C1245,11/13/2023,Clothing,149.7,3,449.1,Debit Card,24,Male,5,1
O103095,C1301,9/14/2023,Home,447.1,4,1788.4,UPI,55,Female,5,0
O103096,C1194,9/6/2023,Beauty,18.68,4,74.72,PayPal,54,Female,3,0
O103097,C1090,9/5/2023,Sports,122.39,2,244.78,Credit Card,20,Male,5,0
O103098,C1176,4/26/2023,Home,473.05,1,473.05,PayPal,39,Male,5,0
O103099,C1077,5/23/2023,Books,318.3,4,1273.2,Credit Card,23,Male,3,0
O103100,C1183,9/13/2023,Sports,30.97,1,30.97,UPI,47,Male,5,0
O103101,C1431,9/26/2023,Clothing,37.31,3,111.93,PayPal,57,Female,5,0
O103102,C1341,1/17/2023,Sports,180.99,2,361.98,Credit Card,32,Female,3,0
O103103,C1260,2/4/2023,Home,273.89,2,547.78,UPI,31,Male,2,0
O103104,C1497,1/29/2023,Sports,470.42,4,1881.68,UPI,59,Male,5,0
O103105,C1126,5/12/2023,Beauty,26.39,3,79.17,PayPal,33,Male,1,1
O103106,C1117,12/20/2023,Beauty,187.5,2,375,Bank Transfer,39,Male,5,1
O103107,C1021,11/8/2023,Home,84.66,4,338.64,UPI,26,Female,4,0
O103108,C1047,4/8/2023,Beauty,371.01,1,371.01,Credit Card,61,Male,5,0
O103109,C1268,6/5/2023,Electronics,424.29,4,1697.16,PayPal,39,Male,4,1
O103110,C1125,10/27/2023,Books,293.15,2,586.3,Bank Transfer,35,Female,5,0
O103111,C1051,10/2/2023,Electronics,276.72,2,553.44,Debit Card,61,Male,3,0
O103112,C1101,9/2/2023,Electronics,60.71,3,182.13,Bank Transfer,27,Male,3,0
O103113,C1244,4/12/2023,Electronics,153.21,1,153.21,UPI,48,Male,3,0
O103114,C1307,9/7/2023,Home,186.03,2,372.06,UPI,50,Male,4,0
O103115,C1298,8/9/2023,Electronics,488.05,2,976.1,Bank Transfer,25,Male,3,1
O103116,C1302,11/22/2023,Books,91.55,1,91.55,Bank Transfer,35,Male,3,0
O103117,C1129,7/28/2023,Books,79.52,1,79.52,Debit Card,57,Female,5,0
O103118,C1324,4/1/2023,Home,25.92,4,103.68,UPI,61,Female,3,0
O103119,C1264,5/26/2023,Beauty,411.32,1,411.32,Debit Card,43,Female,3,0
O103120,C1445,9/30/2023,Clothing,487.1,2,974.2,Debit Card,38,Female,4,0
O103121,C1348,10/15/2023,Books,282.43,4,1129.72,Debit Card,25,Female,4,0
O103122,C1058,4/4/2023,Sports,431.88,4,1727.52,Credit Card,53,Female,3,1
O103123,C1458,9/18/2023,Sports,138.86,3,416.58,Bank Transfer,47,Male,3,0
O103124,C1092,2/3/2023,Sports,99.68,2,199.36,Debit Card,45,Male,5,0
O103125,C1474,8/15/2023,Home,412.68,2,825.36,UPI,20,Male,2,0
O103126,C1100,2/25/2023,Clothing,300.24,3,900.72,PayPal,45,Female,3,1
O103127,C1257,6/6/2023,Home,431.94,3,1295.82,UPI,62,Female,2,0
O103128,C1053,12/17/2023,Home,111.2,4,444.8,UPI,41,Male,2,0
O103129,C1293,12/11/2023,Clothing,217.18,4,868.72,Debit Card,32,Male,4,0
O103130,C1099,7/22/2023,Clothing,418.62,2,837.24,PayPal,52,Male,5,1
O103131,C1167,9/22/2023,Sports,20.87,2,41.74,UPI,46,Female,3,0
O103132,C1400,5/18/2023,Clothing,242.24,2,484.48,Debit Card,30,Female,4,0
O103133,C1479,6/5/2023,Home,329.13,3,987.39,PayPal,52,Female,5,0
O103134,C1171,7/1/2023,Beauty,347.71,3,1043.13,Debit Card,26,Female,4,0
O103135,C1158,8/6/2023,Books,89.52,3,268.56,Bank Transfer,35,Female,4,1
O103136,C1003,7/26/2023,Electronics,424.64,4,1698.56,Bank Transfer,43,Female,4,0
O103137,C1331,3/13/2023,Sports,135.29,1,135.29,Debit Card,21,Male,5,0
O103138,C1420,12/27/2023,Clothing,443.29,1,443.29,PayPal,25,Female,5,0
O103139,C1151,7/11/2023,Electronics,194.11,2,388.22,Debit Card,44,Female,2,0
O103140,C1405,7/15/2023,Home,472.44,1,472.44,UPI,40,Male,4,1
O103141,C1409,4/21/2023,Books,409.15,4,1636.6,UPI,54,Female,4,0
O103142,C1439,5/21/2023,Electronics,55.58,3,166.74,Credit Card,59,Male,4,0
O103143,C1083,6/16/2023,Beauty,323.18,1,323.18,Bank Transfer,57,Female,4,0
O103144,C1488,1/24/2023,Beauty,162.81,1,162.81,Bank Transfer,64,Female,4,0
O103145,C1128,5/24/2023,Books,283.01,1,283.01,UPI,35,Female,4,0
O103146,C1031,2/21/2023,Electronics,196.73,4,786.92,Debit Card,46,Female,5,0
O103147,C1276,7/9/2023,Sports,212.5,1,212.5,Debit Card,22,Male,4,0
O103148,C1242,3/10/2023,Beauty,27.74,1,27.74,Credit Card,57,Female,3,0
O103149,C1397,7/31/2023,Clothing,425.32,2,850.64,PayPal,20,Female,4,1
O103150,C1294,4/13/2023,Books,218.38,3,655.14,Credit Card,26,Female,4,0
O103151,C1126,6/17/2023,Books,411.66,1,411.66,UPI,42,Female,3,1
O103152,C1286,9/29/2023,Home,80.79,3,242.37,Credit Card,54,Male,4,0
O103153,C1396,2/4/2023,Beauty,54.28,3,162.84,Debit Card,18,Female,4,0
O103154,C1464,8/17/2023,Beauty,273.23,2,546.46,PayPal,47,Male,4,1
O103155,C1165,8/28/2023,Clothing,47.32,3,141.96,Bank Transfer,42,Female,5,0
O103156,C1171,4/12/2023,Beauty,43.96,2,87.92,Debit Card,51,Female,3,0
O103157,C1310,1/12/2023,Clothing,470.62,3,1411.86,Credit Card,34,Female,4,0
O103158,C1219,7/22/2023,Sports,63.69,2,127.38,Credit Card,27,Male,1,0
O103159,C1468,9/20/2023,Home,142.42,4,569.68,Credit Card,20,Female,3,0
O103160,C1017,9/16/2023,Home,425.77,1,425.77,UPI,51,Female,2,0
O103161,C1145,10/22/2023,Home,107.69,2,215.38,Credit Card,57,Male,4,0
O103162,C1290,2/17/2023,Books,195.13,4,780.52,Credit Card,48,Male,5,0
O103163,C1409,9/20/2023,Electronics,9.94,2,19.88,UPI,34,Female,4,0
O103164,C1313,11/29/2023,Clothing,220.95,1,220.95,Credit Card,33,Female,4,0
O103165,C1419,5/22/2023,Sports,365.77,4,1463.08,Bank Transfer,40,Male,3,0
O103166,C1334,6/19/2023,Electronics,109.68,4,438.72,PayPal,32,Female,2,0
O103167,C1233,9/28/2023,Beauty,23.1,4,92.4,Bank Transfer,26,Male,5,0
O103168,C1206,10/22/2023,Home,335.78,1,335.78,Credit Card,21,Female,4,1
O103169,C1010,1/5/2023,Clothing,15.61,1,15.61,Debit Card,27,Female,5,0
O103170,C1078,5/13/2023,Clothing,88.11,4,352.44,UPI,49,Female,3,0
O103171,C1273,8/23/2023,Beauty,357.53,3,1072.59,PayPal,28,Female,4,0
O103172,C1458,10/23/2023,Clothing,213.56,1,213.56,PayPal,55,Male,5,0
O103173,C1106,6/7/2023,Clothing,312.46,1,312.46,Credit Card,37,Male,4,1
O103174,C1274,11/5/2023,Electronics,440.14,4,1760.56,PayPal,32,Female,3,0
O103175,C1489,2/5/2023,Home,268.59,4,1074.36,Debit Card,20,Male,4,0
O103176,C1337,4/17/2023,Clothing,165.31,1,165.31,Debit Card,25,Male,5,0
O103177,C1218,5/19/2023,Clothing,178.08,1,178.08,PayPal,27,Female,4,0
O103178,C1014,3/12/2023,Sports,270.53,1,270.53,Credit Card,64,Female,3,0
O103179,C1014,8/16/2023,Beauty,92.71,1,92.71,PayPal,60,Female,1,0
O103180,C1026,8/17/2023,Sports,341.03,1,341.03,Bank Transfer,38,Male,4,0
O103181,C1106,7/14/2023,Books,56.13,2,112.26,Credit Card,26,Male,4,0
O103182,C1497,3/31/2023,Books,285.36,1,285.36,UPI,59,Male,3,0
O103183,C1084,4/18/2023,Electronics,226.45,4,905.8,Bank Transfer,59,Female,2,0
O103184,C1384,6/12/2023,Sports,151.52,2,303.04,PayPal,57,Male,5,0
O103185,C1047,9/17/2023,Home,159.07,4,636.28,Bank Transfer,59,Female,5,0
O103186,C1261,2/27/2023,Sports,373.21,4,1492.84,Credit Card,46,Male,5,0
O103187,C1195,8/4/2023,Sports,127.62,1,127.62,Credit Card,55,Female,2,0
O103188,C1185,6/8/2023,Electronics,492.17,4,1968.68,Bank Transfer,20,Female,4,0
O103189,C1118,12/26/2023,Electronics,102.86,4,411.44,Bank Transfer,35,Female,4,0
O103190,C1009,5/21/2023,Beauty,467.36,1,467.36,Debit Card,34,Male,1,0
O103191,C1073,5/8/2023,Clothing,22.6,3,67.8,UPI,35,Male,5,0
O103192,C1066,9/23/2023,Clothing,132.42,1,132.42,PayPal,62,Female,4,0
O103193,C1391,1/20/2023,Electronics,162.55,1,162.55,UPI,41,Male,3,0
O103194,C1444,12/5/2023,Home,407.14,1,407.14,Debit Card,46,Female,4,0
O103195,C1422,3/22/2023,Sports,280.16,1,280.16,PayPal,25,Male,3,0
O103196,C1480,9/23/2023,Clothing,93.76,2,187.52,PayPal,46,Female,5,0
O103197,C1451,2/26/2023,Clothing,267.29,4,1069.16,Credit Card,59,Female,2,0
O103198,C1105,6/6/2023,Sports,183.49,1,183.49,Debit Card,59,Female,4,0
O103199,C1319,6/14/2023,Electronics,36.59,3,109.77,Credit Card,24,Female,3,0
O103200,C1015,8/29/2023,Electronics,32.2,3,96.6,PayPal,26,Female,4,0
O103201,C1024,10/4/2023,Sports,27.7,2,55.4,UPI,29,Male,5,0
O103202,C1081,2/21/2023,Electronics,185.88,3,557.64,Debit Card,18,Male,3,0
O103203,C1048,8/3/2023,Electronics,326.28,3,978.84,Credit Card,55,Female,3,0
O103204,C1238,8/1/2023,Books,65.17,2,130.34,Bank Transfer,53,Male,1,0
O103205,C1439,11/5/2023,Beauty,459.07,2,918.14,Credit Card,22,Female,5,0
O103206,C1244,8/29/2023,Home,467.07,4,1868.28,PayPal,22,Female,5,0
O103207,C1337,10/4/2023,Home,435.53,1,435.53,UPI,27,Male,3,0
O103208,C1245,9/10/2023,Beauty,134.92,1,134.92,UPI,27,Male,2,1
O103209,C1065,4/23/2023,Books,149.05,1,149.05,PayPal,38,Male,4,1
O103210,C1116,12/4/2023,Electronics,170.85,2,341.7,Credit Card,39,Female,5,0
O103211,C1145,11/11/2023,Electronics,192.2,2,384.4,PayPal,22,Male,5,0
O103212,C1129,4/5/2023,Beauty,117.43,4,469.72,Debit Card,56,Female,4,0
O103213,C1364,8/25/2023,Beauty,416.56,1,416.56,UPI,61,Female,5,0
O103214,C1390,3/9/2023,Home,447.2,4,1788.8,Bank Transfer,30,Female,4,0
O103215,C1339,3/16/2023,Books,14.52,4,58.08,Credit Card,57,Female,5,0
O103216,C1324,1/25/2023,Clothing,487.89,1,487.89,PayPal,52,Male,5,0
O103217,C1074,11/21/2023,Electronics,176.75,2,353.5,PayPal,51,Male,4,0
O103218,C1204,6/15/2023,Electronics,153.68,4,614.72,UPI,63,Female,4,1
O103219,C1248,6/26/2023,Clothing,197.44,2,394.88,UPI,41,Female,4,0
O103220,C1232,4/20/2023,Sports,438.77,2,877.54,UPI,23,Female,3,0
O103221,C1280,8/14/2023,Electronics,21.99,3,65.97,Debit Card,23,Female,2,0
O103222,C1173,4/6/2023,Home,495.8,3,1487.4,Debit Card,63,Female,3,0
O103223,C1396,10/9/2023,Sports,472.56,2,945.12,Credit Card,54,Female,4,0
O103224,C1391,9/23/2023,Home,436.43,4,1745.72,Credit Card,42,Female,4,0
O103225,C1219,11/25/2023,Electronics,408.36,3,1225.08,UPI,20,Male,3,0
O103226,C1049,4/27/2023,Sports,86.29,4,345.16,Credit Card,49,Male,2,1
O103227,C1282,12/31/2023,Home,278.12,3,834.36,PayPal,56,Female,4,0
O103228,C1158,8/20/2023,Sports,473.14,1,473.14,UPI,37,Male,5,0
O103229,C1495,9/16/2023,Clothing,277.09,2,554.18,Bank Transfer,25,Male,5,0
O103230,C1073,12/15/2023,Clothing,138.57,3,415.71,Credit Card,33,Male,3,0
O103231,C1376,7/1/2023,Books,429.42,1,429.42,UPI,56,Male,5,0
O103232,C1289,9/29/2023,Books,144.61,4,578.44,Credit Card,36,Female,2,1
O103233,C1277,4/28/2023,Beauty,205.11,4,820.44,UPI,59,Male,5,0
O103234,C1192,3/23/2023,Electronics,433.08,3,1299.24,PayPal,64,Male,4,0
O103235,C1432,3/19/2023,Books,27.13,2,54.26,UPI,33,Female,2,0
O103236,C1440,4/14/2023,Home,113.5,3,340.5,Credit Card,54,Female,2,1
O103237,C1152,7/19/2023,Books,450.45,2,900.9,Bank Transfer,54,Female,4,0
O103238,C1240,6/14/2023,Clothing,112.14,1,112.14,Debit Card,44,Male,4,0
O103239,C1039,5/9/2023,Beauty,380.7,4,1522.8,UPI,45,Female,4,0
O103240,C1107,11/10/2023,Books,181.43,2,362.86,Credit Card,43,Male,4,0
O103241,C1387,7/30/2023,Clothing,477.18,3,1431.54,PayPal,37,Female,5,0
O103242,C1422,3/24/2023,Clothing,360.58,3,1081.74,Bank Transfer,44,Male,3,0
O103243,C1331,8/3/2023,Sports,329.51,4,1318.04,UPI,57,Male,4,1
O103244,C1128,6/29/2023,Electronics,337.71,4,1350.84,PayPal,46,Female,2,0
O103245,C1072,7/25/2023,Electronics,384.52,2,769.04,UPI,19,Male,1,1
O103246,C1106,8/16/2023,Clothing,89.01,3,267.03,Debit Card,44,Female,3,0
O103247,C1006,11/23/2023,Electronics,213.89,2,427.78,UPI,48,Female,5,0
O103248,C1269,2/22/2023,Beauty,208.4,3,625.2,UPI,52,Female,3,0
O103249,C1119,12/5/2023,Sports,469.92,2,939.84,Debit Card,18,Male,3,0
O103250,C1278,11/9/2023,Sports,248.35,3,745.05,PayPal,50,Male,2,0
O103251,C1451,6/24/2023,Home,343.45,2,686.9,Credit Card,52,Female,4,0
O103252,C1430,5/11/2023,Electronics,444.85,3,1334.55,Bank Transfer,38,Female,5,0
O103253,C1300,3/28/2023,Beauty,414.15,4,1656.6,Bank Transfer,38,Female,1,0
O103254,C1116,9/25/2023,Electronics,244.06,3,732.18,Credit Card,59,Female,5,0
O103255,C1124,12/7/2023,Sports,229.7,4,918.8,Bank Transfer,43,Female,4,0
O103256,C1030,11/23/2023,Electronics,436.78,4,1747.12,Debit Card,26,Female,2,0
O103257,C1464,5/9/2023,Beauty,332.21,4,1328.84,UPI,21,Female,5,0
O103258,C1215,12/8/2023,Home,227.6,2,455.2,Debit Card,46,Male,4,0
O103259,C1007,2/21/2023,Beauty,240.45,4,961.8,Bank Transfer,32,Male,4,0
O103260,C1300,9/11/2023,Clothing,308.36,2,616.72,UPI,61,Female,4,0
O103261,C1341,5/17/2023,Electronics,342.49,4,1369.96,Bank Transfer,49,Female,5,0
O103262,C1311,9/23/2023,Beauty,297.73,4,1190.92,Bank Transfer,53,Male,4,0
O103263,C1309,2/25/2023,Books,193.94,3,581.82,Credit Card,44,Male,5,0
O103264,C1061,5/3/2023,Home,94.22,4,376.88,UPI,31,Female,3,0
O103265,C1418,7/21/2023,Beauty,271.56,2,543.12,Credit Card,40,Female,2,0
O103266,C1332,8/14/2023,Sports,380.2,3,1140.6,UPI,24,Male,5,1
O103267,C1482,7/24/2023,Beauty,400.11,2,800.22,Bank Transfer,63,Male,2,0
O103268,C1111,10/18/2023,Clothing,32.7,3,98.1,Credit Card,43,Female,4,0
O103269,C1051,5/30/2023,Sports,30.86,3,92.58,Credit Card,35,Female,3,0
O103270,C1435,5/10/2023,Home,197.88,4,791.52,Debit Card,46,Female,4,0
O103271,C1499,5/8/2023,Home,432.25,1,432.25,Bank Transfer,45,Male,4,1
O103272,C1167,8/23/2023,Beauty,287.75,2,575.5,Debit Card,48,Male,5,0
O103273,C1108,10/13/2023,Books,117.1,3,351.3,Debit Card,32,Female,5,0
O103274,C1386,6/28/2023,Clothing,372.12,3,1116.36,Bank Transfer,23,Male,4,0
O103275,C1171,6/30/2023,Books,282.12,3,846.36,UPI,39,Male,5,0
O103276,C1163,6/6/2023,Electronics,209.43,2,418.86,Credit Card,64,Female,5,0
O103277,C1161,11/15/2023,Sports,98.72,2,197.44,PayPal,25,Female,3,1
O103278,C1104,5/16/2023,Beauty,450.02,4,1800.08,Bank Transfer,49,Female,5,0
O103279,C1173,8/13/2023,Home,88.79,1,88.79,PayPal,63,Male,4,0
O103280,C1166,1/9/2023,Electronics,361.77,2,723.54,PayPal,31,Female,2,1
O103281,C1466,9/17/2023,Beauty,281.44,2,562.88,UPI,52,Female,3,0
O103282,C1388,10/14/2023,Books,215.2,3,645.6,PayPal,64,Female,4,0
O103283,C1317,12/23/2023,Electronics,330.12,3,990.36,PayPal,48,Male,4,0
O103284,C1047,12/31/2023,Books,51.99,2,103.98,Bank Transfer,55,Female,5,0
O103285,C1075,6/24/2023,Books,366.39,4,1465.56,Debit Card,60,Female,2,0
O103286,C1069,7/17/2023,Electronics,128.2,1,128.2,Debit Card,60,Male,3,0
O103287,C1166,4/26/2023,Sports,167.41,1,167.41,Credit Card,33,Male,4,0
O103288,C1281,3/21/2023,Beauty,388.38,1,388.38,Debit Card,58,Male,2,0
O103289,C1254,4/25/2023,Beauty,144.66,3,433.98,PayPal,22,Male,4,0
O103290,C1449,4/26/2023,Sports,355.44,1,355.44,PayPal,30,Male,4,0
O103291,C1007,6/1/2023,Clothing,132.09,1,132.09,Credit Card,44,Female,3,0
O103292,C1430,8/13/2023,Sports,58.14,4,232.56,UPI,34,Male,4,1
O103293,C1212,4/6/2023,Books,11.77,2,23.54,UPI,35,Female,3,0
O103294,C1322,10/22/2023,Sports,115.15,3,345.45,Debit Card,42,Female,2,0
O103295,C1412,5/15/2023,Sports,348.25,2,696.5,Debit Card,48,Female,3,0
O103296,C1461,5/1/2023,Home,382.27,4,1529.08,UPI,32,Female,5,1
O103297,C1040,12/21/2023,Clothing,292.79,2,585.58,Debit Card,19,Male,4,0
O103298,C1408,10/3/2023,Books,9.4,3,28.2,PayPal,32,Male,4,0
O103299,C1470,9/17/2023,Beauty,445.43,1,445.43,Bank Transfer,60,Female,4,0
O103300,C1054,11/6/2023,Clothing,454.7,2,909.4,Debit Card,33,Male,4,0
O103301,C1239,5/18/2023,Books,159.43,2,318.86,Credit Card,45,Female,2,0
O103302,C1317,8/13/2023,Sports,475.67,4,1902.68,UPI,47,Female,4,0
O103303,C1034,3/29/2023,Electronics,471.77,1,471.77,UPI,64,Female,3,0
O103304,C1287,11/29/2023,Electronics,41.69,2,83.38,Debit Card,45,Female,4,0
O103305,C1445,12/28/2023,Clothing,72.76,4,291.04,Credit Card,58,Female,5,0
O103306,C1034,5/22/2023,Books,314.16,4,1256.64,Debit Card,44,Male,5,0
O103307,C1366,11/3/2023,Sports,370.06,4,1480.24,Bank Transfer,29,Male,4,0
O103308,C1203,4/21/2023,Beauty,84.78,3,254.34,Bank Transfer,24,Female,2,0
O103309,C1276,12/23/2023,Beauty,230.84,4,923.36,Debit Card,64,Female,2,0
O103310,C1120,10/19/2023,Books,492.58,1,492.58,Bank Transfer,58,Male,5,0
O103311,C1393,10/4/2023,Beauty,438.56,2,877.12,UPI,53,Female,4,0
O103312,C1442,1/4/2023,Books,152.07,4,608.28,Credit Card,27,Female,5,0
O103313,C1301,3/3/2023,Electronics,336.51,1,336.51,UPI,29,Male,1,0
O103314,C1272,7/31/2023,Beauty,286.74,1,286.74,PayPal,18,Male,4,0
O103315,C1128,11/4/2023,Clothing,118.36,4,473.44,PayPal,18,Male,5,0
O103316,C1333,9/11/2023,Beauty,144.08,3,432.24,Credit Card,61,Female,4,0
O103317,C1046,2/18/2023,Sports,394.07,2,788.14,UPI,61,Female,4,0
O103318,C1413,7/28/2023,Sports,13.81,2,27.62,Bank Transfer,43,Male,3,0
O103319,C1434,6/25/2023,Clothing,363.5,4,1454,Credit Card,51,Female,5,0
O103320,C1182,4/1/2023,Beauty,188.95,2,377.9,Bank Transfer,35,Female,2,0
O103321,C1256,2/16/2023,Clothing,407.75,1,407.75,Debit Card,41,Female,5,0
O103322,C1103,4/27/2023,Home,191.61,2,383.22,Credit Card,42,Female,1,0
O103323,C1232,2/18/2023,Books,119.25,2,238.5,Debit Card,44,Male,2,0
O103324,C1451,11/7/2023,Electronics,444.61,3,1333.83,UPI,58,Male,5,0
O103325,C1350,7/11/2023,Electronics,369.56,1,369.56,PayPal,48,Male,3,0
O103326,C1494,9/28/2023,Electronics,127,2,254,Credit Card,27,Female,4,1
O103327,C1197,6/6/2023,Electronics,368.82,4,1475.28,UPI,45,Female,5,0
O103328,C1440,2/5/2023,Clothing,326.91,1,326.91,PayPal,56,Female,4,0
O103329,C1094,10/2/2023,Clothing,437.14,4,1748.56,Debit Card,60,Male,4,0
O103330,C1447,12/16/2023,Clothing,459.02,1,459.02,UPI,54,Female,3,0
O103331,C1294,4/1/2023,Sports,109.38,1,109.38,PayPal,35,Male,5,0
O103332,C1417,8/16/2023,Electronics,216.57,3,649.71,UPI,33,Male,5,0
O103333,C1479,10/3/2023,Electronics,485.54,1,485.54,Debit Card,46,Female,2,1
O103334,C1056,6/28/2023,Beauty,372.06,1,372.06,PayPal,38,Male,4,0
O103335,C1461,2/21/2023,Sports,183.68,4,734.72,PayPal,42,Male,5,0
O103336,C1314,6/22/2023,Sports,225.79,2,451.58,UPI,21,Female,4,0
O103337,C1402,8/18/2023,Electronics,344.17,2,688.34,UPI,45,Male,5,0
O103338,C1174,5/7/2023,Home,373.36,2,746.72,PayPal,58,Male,4,0
O103339,C1492,9/9/2023,Clothing,306.15,1,306.15,Bank Transfer,60,Male,5,0
O103340,C1184,1/31/2023,Sports,201.39,1,201.39,UPI,25,Male,3,1
O103341,C1435,9/24/2023,Electronics,192.65,3,577.95,Debit Card,24,Female,3,0
O103342,C1388,10/7/2023,Beauty,55.89,3,167.67,PayPal,45,Female,3,0
O103343,C1165,3/11/2023,Sports,40.92,3,122.76,PayPal,21,Female,5,0
O103344,C1484,11/17/2023,Sports,202.42,4,809.68,Bank Transfer,20,Female,4,0
O103345,C1194,2/12/2023,Sports,396.26,2,792.52,Credit Card,40,Female,4,0
O103346,C1054,6/14/2023,Books,490.9,1,490.9,Bank Transfer,62,Female,5,0
O103347,C1157,9/12/2023,Home,387.4,2,774.8,Credit Card,64,Male,3,1
O103348,C1097,2/15/2023,Home,14.56,4,58.24,UPI,43,Male,2,0
O103349,C1329,6/10/2023,Beauty,141.58,1,141.58,Credit Card,36,Male,3,0
O103350,C1025,6/5/2023,Sports,177.31,3,531.93,PayPal,63,Female,1,0
O103351,C1494,10/3/2023,Electronics,54.33,3,162.99,Bank Transfer,22,Male,5,0
O103352,C1261,7/9/2023,Beauty,126.18,4,504.72,Credit Card,18,Male,5,0
O103353,C1051,8/23/2023,Clothing,207.46,2,414.92,PayPal,51,Female,2,0
O103354,C1038,1/1/2024,Clothing,80.64,1,80.64,Bank Transfer,26,Male,3,0
O103355,C1293,11/24/2023,Books,43.55,4,174.2,Credit Card,40,Male,4,0
O103356,C1473,7/15/2023,Clothing,136.35,4,545.4,Credit Card,62,Female,4,0
O103357,C1003,5/4/2023,Beauty,15.05,2,30.1,Debit Card,32,Male,4,0
O103358,C1200,4/27/2023,Home,77.62,3,232.86,Bank Transfer,36,Male,4,0
O103359,C1080,3/14/2023,Books,440.74,4,1762.96,PayPal,28,Female,3,0
O103360,C1452,8/5/2023,Beauty,109.27,4,437.08,UPI,61,Female,5,0
O103361,C1105,12/1/2023,Beauty,5.12,1,5.12,Debit Card,64,Female,3,0
O103362,C1354,1/6/2023,Sports,194.62,2,389.24,Bank Transfer,37,Female,4,0
O103363,C1143,4/8/2023,Sports,77.66,3,232.98,Debit Card,47,Male,5,0
O103364,C1321,12/21/2023,Sports,363.46,1,363.46,Credit Card,21,Female,2,0
O103365,C1066,12/6/2023,Beauty,25.45,4,101.8,PayPal,41,Male,4,0
O103366,C1327,2/28/2023,Electronics,67.54,2,135.08,PayPal,28,Female,4,1
O103367,C1035,4/4/2023,Books,345.99,4,1383.96,Debit Card,19,Male,4,0
O103368,C1484,5/12/2023,Beauty,148.75,4,595,Bank Transfer,27,Female,5,0
O103369,C1275,5/27/2023,Home,283.57,3,850.71,UPI,27,Female,5,0
O103370,C1056,3/3/2023,Sports,415.58,4,1662.32,PayPal,38,Male,3,0
O103371,C1285,9/12/2023,Clothing,144.84,3,434.52,PayPal,62,Male,4,0
O103372,C1241,9/3/2023,Electronics,493.05,2,986.1,Credit Card,50,Male,4,0
O103373,C1020,7/18/2023,Clothing,324.78,3,974.34,Credit Card,53,Male,4,0
O103374,C1124,8/12/2023,Books,346.82,1,346.82,Debit Card,32,Female,4,0
O103375,C1379,3/15/2023,Sports,19.26,1,19.26,UPI,31,Male,4,0
O103376,C1340,9/15/2023,Clothing,353.89,2,707.78,PayPal,39,Female,3,0
O103377,C1023,10/19/2023,Electronics,344.98,4,1379.92,PayPal,52,Female,3,0
O103378,C1441,5/9/2023,Clothing,270.99,3,812.97,Debit Card,58,Female,4,0
O103379,C1103,11/26/2023,Electronics,331.7,1,331.7,Bank Transfer,32,Female,2,0
O103380,C1079,5/30/2023,Books,321.5,1,321.5,Credit Card,41,Male,2,0
O103381,C1095,11/18/2023,Clothing,163.46,1,163.46,Debit Card,36,Female,5,0
O103382,C1013,8/14/2023,Electronics,334.56,1,334.56,PayPal,38,Female,5,0
O103383,C1286,3/24/2023,Clothing,250.7,3,752.1,UPI,18,Female,3,0
O103384,C1030,2/27/2023,Beauty,89.36,1,89.36,Credit Card,29,Female,1,0
O103385,C1266,10/1/2023,Electronics,409.12,4,1636.48,UPI,43,Male,5,0
O103386,C1371,6/14/2023,Home,295.25,4,1181,Credit Card,24,Male,3,0
O103387,C1462,2/23/2023,Beauty,161.02,2,322.04,PayPal,47,Male,4,0
O103388,C1196,1/2/2023,Books,397.39,4,1589.56,Credit Card,56,Female,5,0
O103389,C1394,10/18/2023,Electronics,14.01,3,42.03,PayPal,43,Male,4,0
O103390,C1289,10/7/2023,Electronics,53.88,3,161.64,Credit Card,29,Female,3,0
O103391,C1480,10/20/2023,Beauty,363.38,1,363.38,Bank Transfer,41,Female,4,0
O103392,C1352,11/12/2023,Sports,384.52,3,1153.56,Bank Transfer,43,Male,4,0
O103393,C1350,9/9/2023,Books,136.9,3,410.7,Debit Card,30,Female,1,0
O103394,C1326,8/21/2023,Sports,479.58,2,959.16,PayPal,58,Female,5,0
O103395,C1275,7/4/2023,Clothing,63.95,2,127.9,PayPal,20,Female,3,0
O103396,C1327,3/31/2023,Sports,246.82,1,246.82,Debit Card,52,Male,4,0
O103397,C1189,1/11/2023,Sports,301.37,2,602.74,Debit Card,58,Male,5,0
O103398,C1022,8/24/2023,Sports,289.95,3,869.85,UPI,44,Male,3,0
O103399,C1206,3/6/2023,Beauty,382.31,2,764.62,Debit Card,53,Male,3,0
O103400,C1483,7/27/2023,Sports,91.85,3,275.55,Bank Transfer,21,Female,5,0
O103401,C1376,8/20/2023,Sports,219.52,3,658.56,Bank Transfer,25,Female,2,0
O103402,C1187,6/22/2023,Home,377.85,3,1133.55,Bank Transfer,27,Male,5,0
O103403,C1371,9/29/2023,Clothing,428.54,1,428.54,PayPal,46,Male,5,0
O103404,C1365,4/8/2023,Books,458.42,4,1833.68,PayPal,23,Female,5,0
O103405,C1461,8/26/2023,Books,45.57,3,136.71,Bank Transfer,57,Female,5,0
O103406,C1330,6/7/2023,Clothing,415.5,4,1662,Bank Transfer,40,Male,3,0
O103407,C1241,2/25/2023,Books,182.52,1,182.52,Bank Transfer,49,Female,1,0
O103408,C1464,11/16/2023,Sports,386.37,4,1545.48,Credit Card,24,Male,4,0
O103409,C1112,6/22/2023,Books,255.59,3,766.77,PayPal,60,Female,5,0
O103410,C1480,9/22/2023,Sports,447.14,3,1341.42,PayPal,56,Female,4,0
O103411,C1013,12/22/2023,Clothing,227.48,4,909.92,Bank Transfer,32,Male,5,0
O103412,C1140,12/15/2023,Books,126.39,3,379.17,PayPal,40,Female,1,0
O103413,C1295,4/12/2023,Clothing,37.24,2,74.48,Bank Transfer,49,Female,5,0
O103414,C1240,5/6/2023,Beauty,7.22,1,7.22,PayPal,44,Female,4,0
O103415,C1162,11/9/2023,Books,218.44,2,436.88,UPI,64,Male,4,0
O103416,C1347,2/19/2023,Electronics,403.52,2,807.04,Credit Card,27,Male,5,0
O103417,C1005,1/28/2023,Home,410.33,1,410.33,Credit Card,35,Female,4,0
O103418,C1477,7/2/2023,Clothing,361.04,4,1444.16,PayPal,36,Male,1,0
O103419,C1158,2/3/2023,Home,44.52,1,44.52,UPI,63,Female,5,0
O103420,C1299,8/17/2023,Sports,421.39,2,842.78,Debit Card,34,Male,4,0
O103421,C1149,6/5/2023,Electronics,151.94,3,455.82,UPI,44,Male,4,0
O103422,C1462,3/19/2023,Clothing,223.24,1,223.24,Bank Transfer,32,Male,5,0
O103423,C1273,11/13/2023,Sports,231.83,4,927.32,PayPal,55,Female,4,0
O103424,C1359,5/24/2023,Beauty,99.27,3,297.81,PayPal,36,Male,5,0
O103425,C1340,3/17/2023,Sports,295.58,2,591.16,Credit Card,51,Male,4,0
O103426,C1070,7/15/2023,Sports,349.69,2,699.38,Bank Transfer,24,Female,5,0
O103427,C1088,1/11/2023,Books,32.54,4,130.16,Debit Card,18,Female,3,0
O103428,C1300,10/20/2023,Clothing,224.64,3,673.92,Bank Transfer,36,Male,5,0
O103429,C1497,9/9/2023,Beauty,331.5,4,1326,UPI,59,Female,2,0
O103430,C1454,6/23/2023,Electronics,494.68,3,1484.04,Debit Card,48,Male,5,0
O103431,C1091,3/11/2023,Books,438.07,4,1752.28,Debit Card,60,Female,5,0
O103432,C1470,3/18/2023,Electronics,462.5,4,1850,PayPal,62,Female,5,0
O103433,C1150,12/31/2023,Electronics,155.77,1,155.77,Debit Card,55,Female,5,0
O103434,C1009,11/15/2023,Books,152.58,3,457.74,Bank Transfer,59,Male,5,0
O103435,C1187,5/10/2023,Clothing,408.18,1,408.18,UPI,47,Female,4,0
O103436,C1267,1/13/2023,Sports,9.23,4,36.92,Debit Card,24,Male,1,0
O103437,C1027,11/29/2023,Clothing,57.77,4,231.08,Debit Card,41,Female,4,1
O103438,C1230,8/10/2023,Home,125.06,1,125.06,Credit Card,29,Female,3,0
O103439,C1384,12/3/2023,Sports,298.79,4,1195.16,Credit Card,28,Female,1,0
O103440,C1283,1/17/2023,Clothing,308.27,4,1233.08,UPI,63,Male,4,0
O103441,C1377,10/21/2023,Electronics,400.92,4,1603.68,Debit Card,46,Female,3,0
O103442,C1103,8/29/2023,Sports,316,1,316,Bank Transfer,62,Male,4,1
O103443,C1356,12/11/2023,Home,102.66,1,102.66,Bank Transfer,42,Female,4,0
O103444,C1188,9/20/2023,Sports,54.23,1,54.23,Bank Transfer,40,Female,5,0
O103445,C1068,6/27/2023,Beauty,24.87,4,99.48,Debit Card,41,Male,2,1
O103446,C1251,5/25/2023,Home,449.16,4,1796.64,Credit Card,56,Female,5,1
O103447,C1471,12/10/2023,Electronics,180.01,4,720.04,Debit Card,36,Male,4,0
O103448,C1012,3/7/2023,Electronics,173.46,2,346.92,PayPal,30,Male,3,0
O103449,C1091,7/11/2023,Electronics,232.1,2,464.2,PayPal,54,Male,5,0
O103450,C1399,2/14/2023,Electronics,497.16,3,1491.48,Credit Card,63,Male,2,0
O103451,C1378,6/24/2023,Books,321.13,3,963.39,Credit Card,40,Male,5,0
O103452,C1299,11/17/2023,Sports,208.42,1,208.42,Debit Card,26,Male,4,0
O103453,C1314,3/4/2023,Electronics,499.95,4,1999.8,PayPal,51,Male,2,0
O103454,C1471,2/11/2023,Clothing,496.54,4,1986.16,Credit Card,38,Male,5,0
O103455,C1002,8/10/2023,Beauty,461.55,2,923.1,PayPal,39,Male,5,0
O103456,C1026,2/10/2023,Sports,29.54,4,118.16,Debit Card,23,Male,4,0
O103457,C1244,4/12/2023,Beauty,43.38,2,86.76,Bank Transfer,32,Male,2,0
O103458,C1241,5/28/2023,Beauty,441.24,1,441.24,UPI,51,Male,4,0
O103459,C1227,4/5/2023,Books,337.78,1,337.78,Credit Card,60,Male,5,0
O103460,C1091,4/12/2023,Home,57.12,1,57.12,PayPal,57,Male,3,0
O103461,C1359,3/5/2023,Beauty,121.58,2,243.16,Credit Card,36,Male,4,0
O103462,C1096,6/14/2023,Clothing,340.2,3,1020.6,PayPal,47,Female,4,0
O103463,C1326,10/31/2023,Home,377.03,2,754.06,UPI,38,Female,1,0
O103464,C1260,11/24/2023,Home,21.25,4,85,PayPal,18,Female,5,0
O103465,C1129,6/26/2023,Beauty,466.56,3,1399.68,PayPal,64,Male,5,0
O103466,C1336,12/16/2023,Home,56.2,2,112.4,Debit Card,19,Male,5,0
O103467,C1034,2/1/2023,Electronics,81.21,4,324.84,Bank Transfer,22,Female,5,0
O103468,C1463,1/31/2023,Books,365.08,4,1460.32,Bank Transfer,28,Male,4,0
O103469,C1346,8/17/2023,Electronics,216.26,4,865.04,Credit Card,20,Female,4,0
O103470,C1302,7/5/2023,Beauty,228.81,4,915.24,UPI,38,Male,5,0
O103471,C1292,5/15/2023,Beauty,246.54,1,246.54,Debit Card,28,Female,3,0
O103472,C1184,9/3/2023,Home,123.54,1,123.54,Bank Transfer,47,Female,3,0
O103473,C1391,9/8/2023,Home,301.11,2,602.22,UPI,23,Male,3,0
O103474,C1117,10/28/2023,Clothing,341.44,3,1024.32,Credit Card,23,Female,3,0
O103475,C1210,8/27/2023,Sports,456.54,2,913.08,Debit Card,62,Female,4,1
O103476,C1238,8/26/2023,Sports,287.51,4,1150.04,PayPal,40,Male,4,0
O103477,C1378,7/17/2023,Sports,362.13,2,724.26,Credit Card,48,Male,4,0
O103478,C1404,6/12/2023,Sports,228.35,2,456.7,PayPal,35,Female,5,0
O103479,C1188,1/8/2023,Sports,386.8,2,773.6,PayPal,18,Male,3,1
O103480,C1304,4/5/2023,Clothing,268.51,2,537.02,Credit Card,64,Male,3,0
O103481,C1201,8/30/2023,Clothing,492.84,4,1971.36,Debit Card,50,Female,2,0
O103482,C1102,1/12/2023,Sports,243.56,2,487.12,Bank Transfer,31,Male,4,0
O103483,C1156,10/9/2023,Home,390.77,1,390.77,PayPal,49,Male,4,0
O103484,C1250,11/7/2023,Beauty,71.66,1,71.66,Bank Transfer,21,Female,4,1
O103485,C1223,3/23/2023,Sports,438.64,3,1315.92,Credit Card,52,Female,4,0
O103486,C1493,2/24/2023,Electronics,62.79,1,62.79,Debit Card,46,Female,3,0
O103487,C1312,5/29/2023,Clothing,154.65,1,154.65,PayPal,33,Female,1,0
O103488,C1412,4/21/2023,Sports,214.91,4,859.64,Bank Transfer,40,Male,4,0
O103489,C1490,6/7/2023,Beauty,355.81,4,1423.24,PayPal,59,Female,5,0
O103490,C1323,6/9/2023,Beauty,350.41,4,1401.64,UPI,62,Female,1,1
O103491,C1314,3/4/2023,Books,37.99,4,151.96,PayPal,46,Female,4,0
O103492,C1175,7/11/2023,Beauty,74.71,3,224.13,PayPal,19,Female,4,0
O103493,C1290,8/31/2023,Electronics,141.95,4,567.8,Credit Card,58,Female,5,0
O103494,C1190,8/2/2023,Clothing,99.42,1,99.42,PayPal,38,Female,4,0
O103495,C1353,4/30/2023,Home,140.24,2,280.48,Bank Transfer,63,Female,4,0
O103496,C1285,6/24/2023,Books,268.46,2,536.92,Debit Card,51,Male,4,0
O103497,C1462,3/7/2023,Home,475.47,1,475.47,UPI,54,Male,4,0
O103498,C1363,10/31/2023,Books,209.93,1,209.93,PayPal,49,Male,5,0
O103499,C1251,10/16/2023,Sports,176.46,4,705.84,Credit Card,57,Female,5,0
O103500,C1262,2/18/2023,Sports,16.43,3,49.29,PayPal,61,Female,4,0
O103501,C1042,9/28/2023,Sports,154.66,3,463.98,Bank Transfer,61,Female,3,0
O103502,C1035,8/19/2023,Sports,205.42,4,821.68,PayPal,50,Female,4,0
O103503,C1365,3/15/2023,Home,198.15,2,396.3,Credit Card,59,Female,5,0
O103504,C1127,4/25/2023,Beauty,396.91,2,793.82,Credit Card,33,Female,2,0
O103505,C1183,11/14/2023,Sports,390.96,1,390.96,UPI,56,Male,4,0
O103506,C1402,5/20/2023,Home,342.96,3,1028.88,Bank Transfer,41,Female,4,1
O103507,C1310,10/2/2023,Clothing,156.4,2,312.8,PayPal,53,Male,5,0
O103508,C1152,2/1/2023,Beauty,415.55,3,1246.65,PayPal,24,Female,5,0
O103509,C1128,7/12/2023,Sports,314.27,2,628.54,Credit Card,53,Female,4,0
O103510,C1134,4/15/2023,Clothing,323.78,2,647.56,Debit Card,29,Male,1,0
O103511,C1015,11/30/2023,Beauty,288.96,1,288.96,Bank Transfer,18,Male,4,0
O103512,C1189,8/27/2023,Clothing,238.47,2,476.94,Bank Transfer,61,Female,2,0
O103513,C1285,3/22/2023,Books,31.03,3,93.09,Bank Transfer,25,Female,3,0
O103514,C1056,5/21/2023,Sports,71.48,4,285.92,Debit Card,34,Male,5,0
O103515,C1362,11/7/2023,Sports,175,3,525,Debit Card,46,Male,2,0
O103516,C1301,3/7/2023,Home,129.3,1,129.3,Credit Card,25,Male,5,0
O103517,C1027,6/17/2023,Books,262.57,2,525.14,Bank Transfer,20,Female,5,1
O103518,C1073,6/11/2023,Beauty,67.06,1,67.06,Bank Transfer,26,Male,4,0
O103519,C1322,8/11/2023,Beauty,14.14,4,56.56,Debit Card,49,Female,5,0
O103520,C1092,6/17/2023,Books,181.85,1,181.85,Credit Card,58,Female,4,0
O103521,C1166,10/17/2023,Books,216.58,4,866.32,Credit Card,25,Male,5,1
O103522,C1371,1/1/2024,Clothing,476.28,4,1905.12,Bank Transfer,57,Male,4,0
O103523,C1475,2/4/2023,Clothing,248.39,4,993.56,PayPal,61,Male,3,0
O103524,C1268,3/25/2023,Beauty,74.71,1,74.71,PayPal,33,Male,5,0
O103525,C1387,7/4/2023,Home,141.06,1,141.06,Debit Card,44,Male,4,1
O103526,C1212,6/25/2023,Electronics,179.81,1,179.81,Bank Transfer,31,Female,5,0
O103527,C1280,2/1/2023,Books,37.3,3,111.9,Bank Transfer,54,Female,5,0
O103528,C1356,3/21/2023,Books,259.53,2,519.06,Credit Card,42,Male,5,0
O103529,C1230,3/23/2023,Electronics,13.36,3,40.08,Debit Card,21,Male,5,1
O103530,C1123,1/29/2023,Beauty,314.69,1,314.69,UPI,41,Male,2,0
O103531,C1027,11/26/2023,Beauty,471.76,1,471.76,PayPal,27,Female,4,0
O103532,C1022,1/22/2023,Clothing,157.92,1,157.92,PayPal,30,Male,5,0
O103533,C1489,3/12/2023,Books,98.05,3,294.15,Debit Card,21,Female,3,1
O103534,C1199,11/21/2023,Beauty,198.22,2,396.44,Bank Transfer,40,Male,3,0
O103535,C1262,5/29/2023,Sports,310.37,3,931.11,Credit Card,45,Female,2,0
O103536,C1282,2/4/2023,Electronics,148.7,1,148.7,PayPal,49,Male,4,1
O103537,C1107,4/28/2023,Books,131.12,2,262.24,Bank Transfer,28,Male,4,0
O103538,C1179,12/26/2023,Electronics,297.1,3,891.3,UPI,61,Female,4,0
O103539,C1261,3/26/2023,Sports,13.38,4,53.52,PayPal,21,Male,3,0
O103540,C1275,1/4/2023,Beauty,157.43,2,314.86,UPI,53,Female,3,0
O103541,C1137,10/12/2023,Home,245.01,2,490.02,UPI,26,Female,5,0
O103542,C1082,4/14/2023,Books,261.95,3,785.85,Debit Card,24,Female,4,0
O103543,C1101,6/17/2023,Home,220.13,3,660.39,Bank Transfer,48,Male,5,0
O103544,C1334,5/27/2023,Sports,172.6,4,690.4,Credit Card,32,Female,4,0
O103545,C1309,11/30/2023,Beauty,291.81,2,583.62,UPI,50,Female,5,0
O103546,C1105,4/5/2023,Electronics,494.44,3,1483.32,Credit Card,64,Female,2,0
O103547,C1412,2/24/2023,Beauty,353.05,1,353.05,PayPal,58,Male,5,0
O103548,C1389,10/19/2023,Beauty,324.65,1,324.65,Debit Card,31,Male,4,0
O103549,C1454,10/31/2023,Home,110.41,4,441.64,Debit Card,39,Female,3,0
O103550,C1028,11/28/2023,Beauty,148.41,3,445.23,PayPal,61,Female,5,0
O103551,C1112,9/19/2023,Electronics,161.47,3,484.41,Debit Card,40,Male,3,0
O103552,C1111,4/3/2023,Home,195.25,3,585.75,PayPal,56,Female,5,0
O103553,C1485,7/18/2023,Beauty,16.23,3,48.69,Debit Card,27,Female,4,0
O103554,C1201,11/5/2023,Clothing,410.32,1,410.32,Bank Transfer,21,Female,2,1
O103555,C1288,11/2/2023,Home,249.52,2,499.04,PayPal,45,Male,5,0
O103556,C1316,2/24/2023,Electronics,105.78,4,423.12,Credit Card,26,Male,4,0
O103557,C1439,1/6/2023,Home,243.47,4,973.88,Credit Card,36,Female,3,0
O103558,C1228,7/15/2023,Beauty,201.08,1,201.08,UPI,46,Male,5,0
O103559,C1050,1/28/2023,Home,39.23,2,78.46,PayPal,53,Male,3,0
O103560,C1498,8/5/2023,Beauty,19.48,2,38.96,Debit Card,50,Male,4,0
O103561,C1144,8/2/2023,Beauty,39.31,4,157.24,Credit Card,43,Female,4,0
O103562,C1395,1/18/2023,Electronics,304.48,2,608.96,Debit Card,37,Male,2,0
O103563,C1135,8/22/2023,Clothing,185.07,1,185.07,Credit Card,30,Male,4,0
O103564,C1451,9/1/2023,Clothing,290.26,3,870.78,Credit Card,25,Male,3,0
O103565,C1045,5/1/2023,Sports,14.07,2,28.14,UPI,39,Female,3,0
O103566,C1139,1/12/2023,Beauty,270.13,1,270.13,UPI,42,Female,5,0
O103567,C1033,12/21/2023,Clothing,463.66,3,1390.98,PayPal,47,Male,5,0
O103568,C1204,12/14/2023,Sports,345.35,4,1381.4,Credit Card,45,Male,3,0
O103569,C1255,8/10/2023,Sports,476.33,4,1905.32,Bank Transfer,64,Male,5,0
O103570,C1499,1/7/2023,Books,459.9,1,459.9,Credit Card,22,Male,4,0
O103571,C1492,5/24/2023,Beauty,287.82,1,287.82,Debit Card,21,Female,5,0
O103572,C1104,5/17/2023,Electronics,297.71,4,1190.84,Debit Card,64,Male,5,0
O103573,C1121,12/20/2023,Sports,306.11,2,612.22,Credit Card,29,Male,5,0
O103574,C1448,10/16/2023,Sports,56.37,1,56.37,UPI,22,Female,5,0
O103575,C1406,4/29/2023,Beauty,169.45,3,508.35,Credit Card,38,Female,3,0
O103576,C1187,2/15/2023,Books,379.03,4,1516.12,Debit Card,43,Female,5,0
O103577,C1421,8/30/2023,Books,426.66,1,426.66,PayPal,55,Female,2,0
O103578,C1338,7/10/2023,Beauty,230.36,2,460.72,UPI,47,Male,4,0
O103579,C1165,11/24/2023,Home,229.1,4,916.4,Bank Transfer,28,Male,5,0
O103580,C1298,7/25/2023,Home,428.12,1,428.12,Bank Transfer,20,Female,4,0
O103581,C1393,5/30/2023,Clothing,202.32,2,404.64,Bank Transfer,44,Female,4,0
O103582,C1185,8/10/2023,Electronics,399.24,2,798.48,UPI,41,Female,3,0
O103583,C1454,3/12/2023,Home,103,4,412,Debit Card,53,Female,4,0
O103584,C1231,10/4/2023,Beauty,275.76,3,827.28,PayPal,36,Male,4,1
O103585,C1176,9/17/2023,Beauty,385.97,3,1157.91,PayPal,36,Female,5,0
O103586,C1277,11/20/2023,Beauty,35.86,4,143.44,PayPal,50,Male,5,0
O103587,C1418,4/16/2023,Beauty,319.37,1,319.37,Bank Transfer,58,Male,4,0
O103588,C1422,8/3/2023,Electronics,94.72,2,189.44,UPI,35,Male,2,0
O103589,C1267,2/23/2023,Books,160.43,2,320.86,Credit Card,47,Female,4,0
O103590,C1479,10/9/2023,Beauty,458.6,1,458.6,PayPal,28,Male,1,1
O103591,C1351,12/30/2023,Home,306.5,3,919.5,Bank Transfer,55,Male,4,0
O103592,C1167,7/11/2023,Books,435.08,3,1305.24,Bank Transfer,36,Female,4,0
O103593,C1113,10/23/2023,Home,83.51,1,83.51,Bank Transfer,20,Male,5,0
O103594,C1116,11/24/2023,Beauty,75.94,1,75.94,Bank Transfer,24,Male,4,0
O103595,C1428,12/22/2023,Clothing,435.81,3,1307.43,Credit Card,38,Male,2,0
O103596,C1254,3/15/2023,Electronics,90.32,4,361.28,Debit Card,60,Male,4,0
O103597,C1387,7/27/2023,Home,79.66,2,159.32,PayPal,18,Male,2,0
O103598,C1488,4/8/2023,Electronics,292.19,4,1168.76,Credit Card,35,Male,5,0
O103599,C1152,3/3/2023,Clothing,349.45,1,349.45,PayPal,50,Male,5,1
O103600,C1035,5/10/2023,Sports,116.62,4,466.48,Credit Card,61,Female,1,1
O103601,C1484,7/3/2023,Beauty,263.88,4,1055.52,Bank Transfer,51,Male,3,0
O103602,C1358,11/2/2023,Home,199.51,3,598.53,Debit Card,42,Female,4,0
O103603,C1192,4/17/2023,Home,63.98,4,255.92,Bank Transfer,35,Female,4,0
O103604,C1326,11/11/2023,Books,226.37,3,679.11,Credit Card,57,Female,4,0
O103605,C1017,9/13/2023,Home,42.79,2,85.58,Debit Card,38,Male,4,0
O103606,C1131,12/25/2023,Sports,155.22,4,620.88,Bank Transfer,22,Male,4,0
O103607,C1217,12/19/2023,Books,235.61,3,706.83,UPI,62,Female,3,0
O103608,C1486,12/17/2023,Sports,433.76,3,1301.28,Credit Card,46,Female,2,0
O103609,C1020,9/7/2023,Electronics,293.59,2,587.18,Bank Transfer,28,Female,5,0
O103610,C1279,2/17/2023,Electronics,452.15,2,904.3,PayPal,51,Male,3,0
O103611,C1233,7/14/2023,Beauty,336.94,2,673.88,Debit Card,27,Male,2,0
O103612,C1310,8/29/2023,Electronics,286.68,2,573.36,Debit Card,28,Female,4,0
O103613,C1283,12/27/2023,Sports,99.69,1,99.69,PayPal,51,Female,5,0
O103614,C1049,1/6/2023,Beauty,357.34,4,1429.36,PayPal,50,Male,5,1
O103615,C1479,9/17/2023,Sports,19.35,2,38.7,Credit Card,24,Male,2,0
O103616,C1238,5/21/2023,Beauty,140.48,2,280.96,UPI,31,Female,5,0
O103617,C1411,10/2/2023,Beauty,490.9,1,490.9,Credit Card,31,Female,4,0
O103618,C1300,3/2/2023,Beauty,499.73,1,499.73,UPI,29,Female,5,1
O103619,C1090,8/20/2023,Home,61.26,2,122.52,PayPal,58,Male,5,1
O103620,C1149,11/4/2023,Home,109.43,4,437.72,Bank Transfer,58,Male,4,0
O103621,C1352,3/21/2023,Electronics,302.23,1,302.23,PayPal,62,Female,4,0
O103622,C1249,5/8/2023,Electronics,227.44,2,454.88,Bank Transfer,62,Male,3,0
O103623,C1396,7/12/2023,Electronics,28.44,4,113.76,Debit Card,36,Male,4,0
O103624,C1115,6/24/2023,Beauty,88.78,4,355.12,UPI,21,Female,5,0
O103625,C1118,1/1/2024,Sports,475.99,3,1427.97,Credit Card,33,Male,3,0
O103626,C1085,3/13/2023,Clothing,283.49,4,1133.96,UPI,41,Male,3,0
O103627,C1225,9/12/2023,Home,263.06,2,526.12,Bank Transfer,58,Male,3,0
O103628,C1363,9/26/2023,Beauty,82.08,2,164.16,Debit Card,56,Male,5,0
O103629,C1215,8/31/2023,Electronics,105.63,4,422.52,Debit Card,47,Female,3,0
O103630,C1286,12/26/2023,Sports,393.57,3,1180.71,Credit Card,47,Male,4,0
O103631,C1045,5/15/2023,Beauty,305,4,1220,Debit Card,21,Female,1,0
O103632,C1206,9/17/2023,Clothing,117.9,4,471.6,PayPal,30,Male,4,1
O103633,C1013,3/24/2023,Electronics,92.99,1,92.99,UPI,42,Male,2,1
O103634,C1341,4/11/2023,Sports,149.42,1,149.42,UPI,43,Female,4,0
O103635,C1286,5/15/2023,Sports,431.05,3,1293.15,Credit Card,48,Male,3,0
O103636,C1299,7/31/2023,Electronics,433.59,2,867.18,UPI,26,Male,5,1
O103637,C1119,4/14/2023,Clothing,7.94,4,31.76,Debit Card,37,Male,2,0
O103638,C1383,12/26/2023,Sports,415.81,3,1247.43,Credit Card,52,Female,4,0
O103639,C1031,9/19/2023,Electronics,197.57,4,790.28,Credit Card,37,Female,5,1
O103640,C1300,9/29/2023,Electronics,489.65,2,979.3,Debit Card,64,Male,5,0
O103641,C1164,5/5/2023,Sports,210.89,2,421.78,PayPal,50,Male,5,0
O103642,C1340,9/1/2023,Sports,98.67,4,394.68,Bank Transfer,43,Male,5,0
O103643,C1051,3/30/2023,Sports,80.19,3,240.57,UPI,55,Male,4,0
O103644,C1075,12/8/2023,Clothing,307.26,2,614.52,UPI,51,Male,4,0
O103645,C1441,2/4/2023,Sports,468.2,2,936.4,UPI,20,Male,2,0
O103646,C1290,3/26/2023,Clothing,328.55,1,328.55,Bank Transfer,27,Female,5,0
O103647,C1481,4/26/2023,Home,81.98,2,163.96,Bank Transfer,39,Male,5,0
O103648,C1386,8/10/2023,Electronics,207.64,4,830.56,Debit Card,52,Female,5,1
O103649,C1015,4/9/2023,Beauty,120.47,4,481.88,Debit Card,23,Female,4,0
O103650,C1231,11/7/2023,Clothing,181.6,1,181.6,PayPal,27,Female,3,0
O103651,C1315,9/18/2023,Sports,190.76,3,572.28,PayPal,28,Male,4,0
O103652,C1307,9/24/2023,Home,370.7,1,370.7,Bank Transfer,40,Male,5,0
O103653,C1222,11/4/2023,Electronics,325.87,2,651.74,Bank Transfer,21,Male,5,0
O103654,C1288,2/13/2023,Beauty,124.6,4,498.4,PayPal,46,Male,2,1
O103655,C1190,5/23/2023,Sports,177.75,3,533.25,Debit Card,42,Female,3,0
O103656,C1333,6/24/2023,Home,491.88,1,491.88,UPI,58,Female,3,0
O103657,C1471,6/7/2023,Sports,177.52,2,355.04,UPI,35,Female,2,1
O103658,C1198,12/19/2023,Books,350.87,3,1052.61,UPI,60,Male,3,0
O103659,C1241,6/22/2023,Electronics,370.68,1,370.68,Bank Transfer,50,Female,4,0
O103660,C1273,9/22/2023,Books,245.13,1,245.13,Credit Card,53,Female,4,0
O103661,C1323,5/18/2023,Home,443.01,1,443.01,Debit Card,23,Male,1,0
O103662,C1161,6/15/2023,Clothing,174.14,2,348.28,UPI,51,Male,4,0
O103663,C1179,6/6/2023,Clothing,456.87,2,913.74,Debit Card,19,Female,5,0
O103664,C1143,5/16/2023,Books,137.85,3,413.55,Bank Transfer,46,Male,2,0
O103665,C1394,11/10/2023,Clothing,199.86,3,599.58,Debit Card,21,Male,1,0
O103666,C1352,12/18/2023,Home,417.74,3,1253.22,UPI,24,Female,4,0
O103667,C1105,8/25/2023,Books,312.99,1,312.99,UPI,59,Male,4,0
O103668,C1061,5/30/2023,Beauty,459.5,4,1838,PayPal,47,Male,5,0
O103669,C1307,11/21/2023,Home,463.87,2,927.74,PayPal,63,Female,4,0
O103670,C1192,5/6/2023,Sports,338.5,3,1015.5,Bank Transfer,18,Female,5,0
O103671,C1478,10/18/2023,Sports,431.52,2,863.04,UPI,22,Female,1,0
O103672,C1075,5/11/2023,Books,97.47,2,194.94,Credit Card,57,Female,4,0
O103673,C1064,7/12/2023,Books,25.06,1,25.06,Bank Transfer,50,Male,5,0
O103674,C1035,4/7/2023,Home,415.83,4,1663.32,Bank Transfer,28,Female,5,0
O103675,C1479,10/9/2023,Books,11.64,4,46.56,Debit Card,26,Female,5,0
O103676,C1102,5/17/2023,Electronics,119.56,4,478.24,Bank Transfer,39,Female,4,0
O103677,C1305,2/25/2023,Sports,79.05,4,316.2,Bank Transfer,46,Female,3,0
O103678,C1161,3/3/2023,Clothing,460.53,1,460.53,PayPal,44,Male,4,0
O103679,C1186,1/28/2023,Electronics,267.09,2,534.18,Credit Card,44,Female,4,0
O103680,C1056,10/8/2023,Books,423.17,2,846.34,Debit Card,56,Male,5,0
O103681,C1402,2/19/2023,Beauty,368.27,2,736.54,Bank Transfer,28,Male,3,0
O103682,C1021,12/5/2023,Books,375.21,1,375.21,Credit Card,27,Male,5,0
O103683,C1058,6/22/2023,Books,347.54,3,1042.62,Debit Card,20,Female,3,0
O103684,C1221,5/4/2023,Clothing,243.99,2,487.98,PayPal,35,Female,5,0
O103685,C1476,10/10/2023,Home,225.47,3,676.41,PayPal,29,Male,4,0
O103686,C1012,10/11/2023,Books,39.12,4,156.48,Debit Card,31,Male,4,1
O103687,C1088,7/16/2023,Clothing,299.77,1,299.77,UPI,38,Male,4,0
O103688,C1489,3/24/2023,Electronics,399.81,4,1599.24,UPI,33,Female,1,0
O103689,C1415,9/6/2023,Electronics,83.03,4,332.12,Credit Card,55,Male,4,0
O103690,C1433,7/28/2023,Clothing,173.68,2,347.36,PayPal,46,Female,5,0
O103691,C1313,3/26/2023,Clothing,104.71,4,418.84,PayPal,27,Female,4,0
O103692,C1055,1/2/2023,Clothing,87.38,3,262.14,Debit Card,64,Female,3,0
O103693,C1297,11/4/2023,Sports,117.92,1,117.92,Bank Transfer,21,Male,5,0
O103694,C1119,2/21/2023,Electronics,191.63,4,766.52,Bank Transfer,40,Female,5,0
O103695,C1227,3/18/2023,Beauty,485.62,3,1456.86,Bank Transfer,18,Female,5,0
O103696,C1012,10/5/2023,Home,32.1,2,64.2,PayPal,55,Female,4,0
O103697,C1224,9/26/2023,Home,96.17,3,288.51,Debit Card,23,Male,4,1
O103698,C1256,9/17/2023,Books,95.65,2,191.3,Bank Transfer,57,Female,3,0
O103699,C1311,4/16/2023,Home,362.71,2,725.42,PayPal,25,Male,5,0
O103700,C1308,12/24/2023,Beauty,43.25,3,129.75,Bank Transfer,25,Male,4,0
O103701,C1404,7/26/2023,Clothing,99.38,1,99.38,PayPal,61,Female,4,0
O103702,C1181,7/27/2023,Home,100.92,1,100.92,PayPal,62,Female,2,0
O103703,C1461,4/29/2023,Sports,480.5,1,480.5,UPI,36,Female,4,0
O103704,C1492,1/13/2023,Beauty,185.55,4,742.2,UPI,35,Male,3,0
O103705,C1331,12/24/2023,Electronics,394.46,2,788.92,Bank Transfer,41,Male,5,0
O103706,C1200,10/20/2023,Home,363.61,3,1090.83,Debit Card,55,Female,4,0
O103707,C1011,9/9/2023,Sports,408.25,1,408.25,Bank Transfer,60,Female,1,1
O103708,C1046,8/12/2023,Home,185.15,2,370.3,Debit Card,63,Male,4,0
O103709,C1138,7/7/2023,Home,399.79,3,1199.37,Bank Transfer,32,Male,4,0
O103710,C1087,4/23/2023,Books,48.3,4,193.2,UPI,26,Male,4,0
O103711,C1434,1/19/2023,Sports,108,4,432,Debit Card,53,Male,4,1
O103712,C1390,4/28/2023,Electronics,495.94,2,991.88,PayPal,63,Male,4,0
O103713,C1316,12/23/2023,Books,247.02,3,741.06,Credit Card,52,Female,4,1
O103714,C1041,9/26/2023,Home,354.2,3,1062.6,Bank Transfer,19,Male,3,0
O103715,C1151,3/14/2023,Sports,200.2,1,200.2,Debit Card,36,Male,5,0
O103716,C1118,7/29/2023,Home,388.21,3,1164.63,PayPal,46,Male,3,0
O103717,C1119,2/17/2023,Books,400.11,1,400.11,Credit Card,22,Male,3,0
O103718,C1148,10/8/2023,Sports,97.33,1,97.33,Bank Transfer,45,Male,3,0
O103719,C1121,1/9/2023,Clothing,164.3,3,492.9,UPI,31,Male,4,0
O103720,C1035,2/21/2023,Home,287.42,1,287.42,PayPal,20,Male,3,0
O103721,C1399,8/25/2023,Books,289.91,4,1159.64,Debit Card,36,Male,4,0
O103722,C1079,10/1/2023,Clothing,376.9,2,753.8,PayPal,58,Male,4,0
O103723,C1167,3/29/2023,Home,277.7,2,555.4,UPI,40,Male,3,0
O103724,C1257,9/16/2023,Electronics,201.3,1,201.3,Bank Transfer,27,Male,1,0
O103725,C1086,1/25/2023,Sports,307.07,1,307.07,PayPal,64,Male,4,0
O103726,C1124,11/8/2023,Home,149.08,4,596.32,UPI,42,Female,5,0
O103727,C1237,5/6/2023,Sports,104.76,2,209.52,PayPal,27,Male,2,0
O103728,C1366,5/8/2023,Clothing,26.9,2,53.8,UPI,25,Male,5,0
O103729,C1035,7/13/2023,Clothing,342.08,3,1026.24,Credit Card,38,Female,5,0
O103730,C1236,9/28/2023,Sports,287.37,1,287.37,Bank Transfer,23,Female,5,0
O103731,C1456,9/26/2023,Sports,230.32,3,690.96,UPI,27,Female,4,0
O103732,C1403,11/7/2023,Books,140.42,2,280.84,Bank Transfer,52,Female,5,0
O103733,C1269,7/28/2023,Clothing,165.35,3,496.05,UPI,62,Female,4,0
O103734,C1065,1/19/2023,Clothing,186.72,4,746.88,Credit Card,54,Female,4,0
O103735,C1432,6/2/2023,Electronics,431.22,4,1724.88,UPI,53,Female,4,0
O103736,C1196,7/12/2023,Home,205.43,3,616.29,Debit Card,45,Male,4,0
O103737,C1162,9/7/2023,Clothing,147.79,1,147.79,Credit Card,64,Male,4,0
O103738,C1223,11/23/2023,Clothing,321.87,1,321.87,Bank Transfer,29,Male,4,0
O103739,C1333,6/4/2023,Sports,385.53,3,1156.59,PayPal,64,Male,3,0
O103740,C1009,4/27/2023,Sports,25.81,3,77.43,Debit Card,21,Female,5,0
O103741,C1205,8/27/2023,Beauty,243.54,1,243.54,Bank Transfer,20,Female,4,0
O103742,C1452,4/15/2023,Sports,226.45,4,905.8,PayPal,37,Female,4,0
O103743,C1492,1/27/2023,Clothing,313.03,3,939.09,PayPal,59,Male,4,0
O103744,C1152,7/11/2023,Electronics,102.89,1,102.89,Debit Card,26,Female,5,0
O103745,C1466,7/17/2023,Beauty,156.03,1,156.03,Bank Transfer,63,Male,5,0
O103746,C1307,5/31/2023,Home,410.91,3,1232.73,UPI,48,Female,3,1
O103747,C1021,9/3/2023,Electronics,234.78,1,234.78,Debit Card,20,Female,2,0
O103748,C1100,6/8/2023,Books,452.34,1,452.34,PayPal,34,Male,4,0
O103749,C1052,3/16/2023,Beauty,46.18,3,138.54,UPI,44,Female,4,0
O103750,C1031,1/13/2023,Books,276.57,4,1106.28,PayPal,58,Female,4,0
O103751,C1013,8/18/2023,Sports,41.05,2,82.1,Debit Card,35,Female,4,0
O103752,C1178,11/15/2023,Home,26.93,3,80.79,Debit Card,60,Female,4,0
O103753,C1027,9/22/2023,Books,471.87,1,471.87,Credit Card,45,Female,5,0
O103754,C1389,9/7/2023,Sports,441.73,1,441.73,UPI,34,Male,5,0
O103755,C1342,10/8/2023,Beauty,370.42,2,740.84,UPI,47,Male,2,0
O103756,C1496,3/20/2023,Sports,40.27,3,120.81,Debit Card,60,Female,2,0
O103757,C1375,11/22/2023,Home,362.9,3,1088.7,PayPal,63,Male,3,0
O103758,C1391,4/11/2023,Electronics,393.23,4,1572.92,UPI,44,Female,4,0
O103759,C1142,7/21/2023,Clothing,287.63,1,287.63,Credit Card,48,Male,5,0
O103760,C1156,1/7/2023,Clothing,93.97,2,187.94,PayPal,53,Female,5,0
O103761,C1292,4/10/2023,Sports,307.99,3,923.97,PayPal,38,Female,5,0
O103762,C1281,10/18/2023,Home,114.63,1,114.63,PayPal,33,Male,5,0
O103763,C1034,3/25/2023,Electronics,195.16,2,390.32,Debit Card,58,Female,5,0
O103764,C1403,2/3/2023,Clothing,137.07,3,411.21,Bank Transfer,33,Male,4,0
O103765,C1474,12/11/2023,Sports,442.62,1,442.62,Credit Card,37,Male,2,0
O103766,C1343,8/24/2023,Home,317.83,2,635.66,UPI,22,Female,4,0
O103767,C1436,8/29/2023,Home,188.7,3,566.1,UPI,43,Female,3,0
O103768,C1324,12/7/2023,Home,489.95,1,489.95,UPI,20,Male,5,0
O103769,C1342,12/16/2023,Beauty,21.43,4,85.72,UPI,46,Female,2,0
O103770,C1413,11/1/2023,Clothing,130.15,1,130.15,PayPal,44,Male,4,0
O103771,C1223,9/5/2023,Home,129.02,4,516.08,Debit Card,33,Female,3,1
O103772,C1256,7/27/2023,Electronics,400.31,3,1200.93,UPI,49,Female,3,0
O103773,C1411,5/12/2023,Electronics,435.83,2,871.66,PayPal,54,Male,4,0
O103774,C1433,4/23/2023,Clothing,411.32,2,822.64,Bank Transfer,60,Male,4,0
O103775,C1475,2/20/2023,Beauty,74.82,3,224.46,UPI,33,Female,5,0
O103776,C1212,7/24/2023,Sports,61.16,2,122.32,UPI,62,Female,4,0
O103777,C1154,2/11/2023,Clothing,189.54,2,379.08,PayPal,35,Female,4,1
O103778,C1486,12/6/2023,Electronics,142.27,4,569.08,Debit Card,31,Male,4,0
O103779,C1224,7/27/2023,Sports,431.53,3,1294.59,PayPal,22,Female,5,0
O103780,C1243,1/16/2023,Home,295.53,1,295.53,Debit Card,56,Male,3,0
O103781,C1158,5/1/2023,Sports,432.09,4,1728.36,Bank Transfer,18,Female,3,0
O103782,C1302,4/20/2023,Sports,446.48,3,1339.44,Bank Transfer,44,Male,3,0
O103783,C1147,5/5/2023,Books,377.37,3,1132.11,PayPal,37,Female,3,0
O103784,C1082,11/3/2023,Home,304.1,1,304.1,UPI,58,Female,4,0
O103785,C1437,2/12/2023,Electronics,387.89,1,387.89,Credit Card,30,Male,3,0
O103786,C1408,1/5/2023,Clothing,83.18,4,332.72,UPI,48,Female,3,0
O103787,C1253,2/17/2023,Beauty,426.2,4,1704.8,PayPal,30,Male,1,0
O103788,C1002,8/30/2023,Clothing,46.85,2,93.7,Credit Card,61,Male,4,0
O103789,C1150,7/7/2023,Beauty,284.04,2,568.08,Debit Card,61,Male,5,1
O103790,C1021,3/26/2023,Home,437.85,2,875.7,Debit Card,31,Male,5,0
O103791,C1020,10/26/2023,Electronics,85.79,2,171.58,Credit Card,43,Male,3,0
O103792,C1421,4/9/2023,Clothing,342.83,4,1371.32,Bank Transfer,58,Female,4,0
O103793,C1056,5/17/2023,Books,399.7,3,1199.1,Debit Card,18,Male,3,0
O103794,C1426,11/10/2023,Home,106.2,1,106.2,PayPal,51,Male,3,0
O103795,C1237,11/7/2023,Home,467.26,3,1401.78,PayPal,36,Male,4,0
O103796,C1255,11/7/2023,Clothing,296.05,1,296.05,Debit Card,41,Male,4,0
O103797,C1202,6/23/2023,Beauty,267.44,4,1069.76,PayPal,26,Female,2,1
O103798,C1415,8/20/2023,Home,188.03,4,752.12,UPI,35,Female,4,0
O103799,C1151,12/1/2023,Beauty,32.49,4,129.96,Bank Transfer,35,Female,3,0
O103800,C1414,5/1/2023,Home,478.7,3,1436.1,Debit Card,37,Male,1,0
O103801,C1124,8/25/2023,Clothing,294.32,4,1177.28,PayPal,20,Male,1,0
O103802,C1041,1/31/2023,Books,57.42,4,229.68,Credit Card,18,Male,4,0
O103803,C1056,8/18/2023,Clothing,148.88,4,595.52,PayPal,55,Male,4,0
O103804,C1145,6/20/2023,Beauty,147.43,1,147.43,Debit Card,27,Male,1,1
O103805,C1368,9/4/2023,Sports,28.64,3,85.92,Bank Transfer,29,Male,4,0
O103806,C1477,11/26/2023,Beauty,71.75,1,71.75,UPI,18,Female,5,0
O103807,C1480,12/30/2023,Clothing,285.17,2,570.34,Bank Transfer,45,Male,4,0
O103808,C1187,3/22/2023,Sports,296.72,2,593.44,PayPal,49,Female,3,0
O103809,C1034,1/26/2023,Electronics,17.13,2,34.26,Debit Card,30,Female,5,1
O103810,C1096,9/12/2023,Sports,62.32,1,62.32,Bank Transfer,50,Female,3,1
O103811,C1231,3/10/2023,Home,46.66,4,186.64,Bank Transfer,19,Female,2,1
O103812,C1491,10/18/2023,Beauty,459.61,1,459.61,PayPal,64,Male,4,0
O103813,C1446,3/26/2023,Home,114.64,4,458.56,Bank Transfer,54,Male,5,0
O103814,C1250,6/21/2023,Clothing,158.84,4,635.36,Credit Card,39,Male,5,0
O103815,C1123,9/20/2023,Books,467.14,1,467.14,Bank Transfer,61,Female,5,0
O103816,C1465,4/14/2023,Beauty,236.22,4,944.88,PayPal,39,Female,3,0
O103817,C1020,1/5/2023,Beauty,330.45,1,330.45,Debit Card,40,Female,5,0
O103818,C1410,11/11/2023,Home,265.12,3,795.36,Debit Card,39,Male,5,0
O103819,C1054,9/5/2023,Books,373.37,2,746.74,PayPal,33,Male,4,0
O103820,C1076,6/20/2023,Beauty,482.59,2,965.18,UPI,59,Female,2,0
O103821,C1272,7/20/2023,Books,286.33,1,286.33,UPI,54,Male,5,1
O103822,C1223,1/21/2023,Sports,480.22,4,1920.88,UPI,48,Female,5,0
O103823,C1276,8/22/2023,Electronics,111.23,3,333.69,Debit Card,19,Female,2,0
O103824,C1010,7/28/2023,Books,165.63,2,331.26,Credit Card,50,Female,4,0
O103825,C1425,8/2/2023,Sports,149.38,2,298.76,UPI,63,Male,4,0
O103826,C1473,6/11/2023,Books,417.09,2,834.18,PayPal,62,Female,1,0
O103827,C1136,6/3/2023,Beauty,57.49,4,229.96,Credit Card,57,Male,4,0
O103828,C1343,10/24/2023,Home,255.14,2,510.28,Bank Transfer,55,Female,3,0
O103829,C1003,9/29/2023,Clothing,127.45,2,254.9,Credit Card,64,Male,2,0
O103830,C1488,8/19/2023,Clothing,436.27,4,1745.08,Bank Transfer,51,Male,4,0
O103831,C1221,1/25/2023,Electronics,294.31,4,1177.24,Debit Card,56,Female,2,0
O103832,C1009,9/14/2023,Beauty,22.56,2,45.12,Debit Card,22,Male,4,0
O103833,C1255,10/25/2023,Clothing,461.49,3,1384.47,UPI,28,Female,4,0
O103834,C1400,3/1/2023,Clothing,380,2,760,Bank Transfer,42,Female,4,0
O103835,C1091,10/7/2023,Beauty,421.31,3,1263.93,PayPal,38,Male,4,1
O103836,C1351,8/8/2023,Electronics,220.08,4,880.32,Debit Card,45,Male,4,0
O103837,C1485,9/3/2023,Electronics,65.11,2,130.22,Credit Card,58,Male,4,0
O103838,C1477,5/13/2023,Clothing,105.63,3,316.89,Debit Card,29,Female,2,0
O103839,C1213,3/24/2023,Sports,288.09,2,576.18,PayPal,19,Male,5,0
O103840,C1186,2/19/2023,Home,278.57,4,1114.28,Debit Card,55,Male,4,1
O103841,C1040,3/21/2023,Electronics,184.56,4,738.24,Credit Card,27,Male,2,0
O103842,C1034,5/19/2023,Clothing,494.06,3,1482.18,Credit Card,54,Female,2,0
O103843,C1173,3/4/2023,Books,356.22,2,712.44,UPI,49,Female,5,0
O103844,C1262,3/4/2023,Sports,435.14,2,870.28,UPI,28,Female,3,0
O103845,C1403,2/12/2023,Home,222.33,3,666.99,Credit Card,37,Female,4,0
O103846,C1091,7/18/2023,Clothing,286.55,2,573.1,UPI,57,Female,4,0
O103847,C1372,1/10/2023,Books,333.54,2,667.08,Credit Card,57,Male,5,0
O103848,C1084,3/16/2023,Home,363.57,3,1090.71,PayPal,53,Male,4,0
O103849,C1246,11/20/2023,Home,329.47,4,1317.88,Credit Card,42,Female,4,0
O103850,C1437,7/19/2023,Sports,464.89,1,464.89,Credit Card,40,Female,3,1
O103851,C1109,3/27/2023,Clothing,406.03,3,1218.09,UPI,23,Female,5,0
O103852,C1397,10/28/2023,Beauty,354.44,4,1417.76,Credit Card,37,Male,4,0
O103853,C1428,12/3/2023,Sports,107.55,3,322.65,UPI,27,Female,4,0
O103854,C1199,6/14/2023,Beauty,487.11,2,974.22,Debit Card,63,Male,2,0
O103855,C1461,1/22/2023,Electronics,156.55,2,313.1,Bank Transfer,41,Male,4,1
O103856,C1002,10/20/2023,Home,208.66,1,208.66,Credit Card,49,Female,4,0
O103857,C1333,6/23/2023,Sports,70.89,2,141.78,Credit Card,47,Female,4,0
O103858,C1442,8/26/2023,Electronics,444.27,1,444.27,PayPal,35,Male,4,0
O103859,C1305,9/24/2023,Books,152.27,4,609.08,Credit Card,64,Male,4,0
O103860,C1243,9/11/2023,Books,38.26,3,114.78,UPI,59,Female,3,0
O103861,C1062,11/16/2023,Electronics,302.83,4,1211.32,Debit Card,61,Male,4,0
O103862,C1160,10/2/2023,Sports,417.95,2,835.9,Debit Card,62,Male,5,0
O103863,C1440,2/24/2023,Electronics,326.54,1,326.54,Debit Card,38,Male,4,0
O103864,C1357,5/13/2023,Sports,471.52,1,471.52,PayPal,45,Female,3,0
O103865,C1175,7/30/2023,Electronics,228.11,2,456.22,UPI,34,Female,3,0
O103866,C1039,9/13/2023,Home,455.24,4,1820.96,Debit Card,23,Female,5,0
O103867,C1012,1/14/2023,Home,137.66,2,275.32,Debit Card,25,Male,4,0
O103868,C1365,2/17/2023,Clothing,177.17,1,177.17,UPI,26,Male,3,1
O103869,C1186,2/28/2023,Electronics,339.95,2,679.9,Debit Card,50,Female,5,0
O103870,C1163,3/5/2023,Clothing,317.71,3,953.13,UPI,28,Male,5,0
O103871,C1299,2/10/2023,Clothing,117.01,2,234.02,Credit Card,64,Female,2,1
O103872,C1160,10/9/2023,Books,148.28,4,593.12,Credit Card,63,Female,3,1
O103873,C1465,10/10/2023,Beauty,55.24,4,220.96,Debit Card,60,Male,4,0
O103874,C1459,7/26/2023,Electronics,324.54,4,1298.16,Debit Card,55,Female,5,0
O103875,C1048,12/3/2023,Home,430.71,2,861.42,Debit Card,34,Male,3,0
O103876,C1071,2/5/2023,Electronics,174.55,2,349.1,UPI,51,Male,3,0
O103877,C1055,9/2/2023,Electronics,469.35,4,1877.4,Bank Transfer,19,Female,5,0
O103878,C1208,10/5/2023,Electronics,170.22,4,680.88,Debit Card,23,Male,3,0
O103879,C1303,10/15/2023,Clothing,354.61,4,1418.44,Credit Card,43,Female,5,1
O103880,C1087,4/5/2023,Beauty,429.31,1,429.31,UPI,50,Male,3,0
O103881,C1323,1/9/2023,Sports,222.91,4,891.64,PayPal,32,Male,4,0
O103882,C1087,12/16/2023,Books,27.73,4,110.92,PayPal,39,Female,4,0
O103883,C1003,12/15/2023,Books,183.93,4,735.72,Debit Card,24,Male,5,0
O103884,C1253,10/8/2023,Clothing,15.02,3,45.06,Credit Card,26,Female,4,0
O103885,C1109,11/10/2023,Beauty,330.92,4,1323.68,Bank Transfer,56,Male,4,0
O103886,C1423,9/28/2023,Home,284.47,3,853.41,Debit Card,57,Male,5,0
O103887,C1208,10/30/2023,Sports,176.46,4,705.84,UPI,42,Female,5,0
O103888,C1138,5/8/2023,Books,372.52,2,745.04,Credit Card,22,Female,4,0
O103889,C1131,11/28/2023,Books,319.32,4,1277.28,Bank Transfer,64,Male,5,0
O103890,C1059,7/27/2023,Books,234.57,2,469.14,PayPal,57,Female,4,1
O103891,C1354,3/7/2023,Books,313.18,4,1252.72,PayPal,28,Male,1,0
O103892,C1496,12/10/2023,Clothing,101.91,1,101.91,PayPal,49,Male,5,0
O103893,C1119,5/8/2023,Beauty,166.19,2,332.38,Credit Card,50,Male,5,0
O103894,C1351,7/22/2023,Clothing,329.79,3,989.37,PayPal,47,Female,4,0
O103895,C1492,2/27/2023,Books,173.14,4,692.56,Credit Card,52,Male,3,0
O103896,C1368,2/26/2023,Beauty,342.69,2,685.38,Credit Card,54,Female,5,0
O103897,C1055,6/24/2023,Clothing,423.76,3,1271.28,Bank Transfer,47,Male,4,0
O103898,C1076,11/28/2023,Electronics,365.87,2,731.74,Debit Card,53,Female,5,0
O103899,C1211,7/13/2023,Beauty,147.35,4,589.4,UPI,19,Female,4,0
O103900,C1228,12/6/2023,Clothing,226.17,2,452.34,PayPal,63,Male,5,0
O103901,C1200,6/30/2023,Clothing,150.72,2,301.44,PayPal,18,Female,5,0
O103902,C1251,5/21/2023,Sports,302.58,4,1210.32,Credit Card,19,Female,3,0
O103903,C1002,8/10/2023,Sports,194.83,2,389.66,PayPal,60,Male,5,0
O103904,C1401,1/31/2023,Beauty,374.75,2,749.5,Bank Transfer,35,Female,4,0
O103905,C1105,7/31/2023,Electronics,12.94,1,12.94,Debit Card,27,Male,2,0
O103906,C1146,5/24/2023,Clothing,378.97,1,378.97,Bank Transfer,52,Male,5,0
O103907,C1243,9/29/2023,Electronics,491.59,4,1966.36,UPI,59,Female,4,0
O103908,C1179,6/5/2023,Beauty,422.52,3,1267.56,PayPal,47,Female,5,0
O103909,C1103,12/19/2023,Home,13.33,2,26.66,Bank Transfer,50,Female,5,0
O103910,C1139,3/24/2023,Sports,93.85,1,93.85,PayPal,38,Female,3,0
O103911,C1464,3/10/2023,Electronics,472.83,1,472.83,PayPal,43,Female,4,0
O103912,C1197,4/23/2023,Books,382.95,1,382.95,UPI,22,Male,3,0
O103913,C1057,5/18/2023,Beauty,65.45,4,261.8,Debit Card,31,Female,2,0
O103914,C1354,2/20/2023,Home,368.64,4,1474.56,UPI,29,Female,3,0
O103915,C1383,7/26/2023,Electronics,321.09,2,642.18,Credit Card,32,Male,2,0
O103916,C1124,5/25/2023,Home,240.22,1,240.22,PayPal,38,Male,2,1
O103917,C1322,9/12/2023,Books,144.36,4,577.44,Credit Card,53,Male,4,0
O103918,C1491,1/11/2023,Home,351.96,2,703.92,UPI,57,Female,5,0
O103919,C1291,6/24/2023,Electronics,123.15,2,246.3,Bank Transfer,39,Male,4,1
O103920,C1096,2/25/2023,Beauty,164.57,1,164.57,Debit Card,43,Female,4,0
O103921,C1129,12/23/2023,Home,255.36,2,510.72,UPI,18,Male,5,0
O103922,C1322,7/25/2023,Beauty,205.6,3,616.8,UPI,48,Female,5,0
O103923,C1050,7/14/2023,Sports,208.2,2,416.4,UPI,48,Male,5,0
O103924,C1456,5/6/2023,Home,36.66,1,36.66,Credit Card,60,Female,5,0
O103925,C1183,8/30/2023,Clothing,392.62,2,785.24,UPI,26,Female,4,0
O103926,C1253,4/27/2023,Sports,269.29,2,538.58,UPI,59,Male,5,1
O103927,C1354,2/9/2023,Electronics,113.9,1,113.9,UPI,56,Male,3,0
O103928,C1119,7/30/2023,Electronics,347.83,4,1391.32,PayPal,45,Female,5,0
O103929,C1212,10/1/2023,Beauty,429.47,4,1717.88,Credit Card,36,Male,4,0
O103930,C1349,10/8/2023,Sports,83.24,3,249.72,PayPal,53,Male,5,0
O103931,C1378,4/20/2023,Clothing,460.62,4,1842.48,Debit Card,41,Male,3,0
O103932,C1019,5/12/2023,Electronics,79.11,1,79.11,UPI,20,Female,4,0
O103933,C1062,5/24/2023,Beauty,169.79,3,509.37,UPI,28,Female,5,0
O103934,C1458,4/18/2023,Electronics,264.65,4,1058.6,Debit Card,63,Male,3,0
O103935,C1314,3/2/2023,Electronics,146.06,4,584.24,Debit Card,23,Male,5,0
O103936,C1023,9/1/2023,Beauty,45.69,2,91.38,Debit Card,64,Male,4,0
O103937,C1337,12/23/2023,Beauty,396.01,3,1188.03,Credit Card,46,Female,1,0
O103938,C1419,4/21/2023,Sports,370.19,2,740.38,Debit Card,53,Male,4,0
O103939,C1046,9/15/2023,Books,41.94,4,167.76,PayPal,56,Female,5,0
O103940,C1001,8/7/2023,Beauty,292.42,2,584.84,Debit Card,46,Female,4,0
O103941,C1386,8/20/2023,Books,93.57,2,187.14,PayPal,56,Male,4,0
O103942,C1379,2/19/2023,Beauty,401.41,1,401.41,UPI,63,Male,2,1
O103943,C1342,5/21/2023,Clothing,274.68,3,824.04,PayPal,18,Male,3,0
O103944,C1120,1/24/2023,Beauty,440.48,4,1761.92,PayPal,53,Male,4,0
O103945,C1424,4/18/2023,Clothing,436.92,2,873.84,PayPal,32,Female,4,1
O103946,C1236,2/1/2023,Beauty,361.25,2,722.5,Bank Transfer,30,Male,3,0
O103947,C1317,3/10/2023,Electronics,418.75,3,1256.25,Credit Card,29,Male,5,0
O103948,C1188,11/18/2023,Home,278.82,2,557.64,Bank Transfer,48,Male,2,0
O103949,C1353,2/2/2023,Clothing,405.01,2,810.02,Bank Transfer,34,Female,4,0
O103950,C1004,3/29/2023,Home,486.99,2,973.98,Credit Card,36,Male,4,0
O103951,C1351,8/4/2023,Electronics,214.95,2,429.9,Credit Card,47,Male,4,0
O103952,C1109,2/7/2023,Clothing,424.91,3,1274.73,Bank Transfer,22,Male,3,0
O103953,C1223,4/28/2023,Beauty,61.47,3,184.41,PayPal,59,Female,5,1
O103954,C1366,9/24/2023,Beauty,171.37,4,685.48,UPI,26,Female,1,0
O103955,C1454,8/20/2023,Clothing,100.64,1,100.64,UPI,28,Male,2,0
O103956,C1489,8/18/2023,Sports,228.32,1,228.32,PayPal,63,Female,5,1
O103957,C1143,6/11/2023,Home,25.76,2,51.52,UPI,19,Male,5,0
O103958,C1475,1/11/2023,Clothing,476.83,2,953.66,Bank Transfer,23,Female,3,0
O103959,C1193,10/2/2023,Sports,154.67,1,154.67,Credit Card,58,Male,3,0
O103960,C1408,12/22/2023,Clothing,138.26,4,553.04,Credit Card,56,Male,4,0
O103961,C1378,12/25/2023,Books,190.3,3,570.9,Credit Card,31,Female,3,0
O103962,C1203,11/29/2023,Books,26.46,1,26.46,PayPal,60,Male,5,1
O103963,C1266,4/3/2023,Books,328.43,4,1313.72,PayPal,33,Male,4,0
O103964,C1124,1/26/2023,Books,493.79,1,493.79,UPI,38,Male,5,0
O103965,C1124,10/3/2023,Books,362.66,4,1450.64,Credit Card,39,Female,5,0
O103966,C1269,10/3/2023,Electronics,278.08,1,278.08,Debit Card,56,Female,5,0
O103967,C1171,10/9/2023,Clothing,263.99,2,527.98,PayPal,41,Male,4,0
O103968,C1219,9/9/2023,Clothing,28.57,2,57.14,PayPal,33,Male,3,0
O103969,C1358,11/22/2023,Electronics,29.39,4,117.56,UPI,42,Male,4,0
O103970,C1320,8/15/2023,Electronics,214.44,4,857.76,Bank Transfer,57,Male,4,0
O103971,C1378,6/14/2023,Sports,325.8,2,651.6,PayPal,53,Female,3,0
O103972,C1434,6/22/2023,Electronics,118.01,2,236.02,Credit Card,64,Male,1,1
O103973,C1400,1/14/2023,Beauty,210.87,2,421.74,Credit Card,50,Male,2,0
O103974,C1043,6/15/2023,Clothing,430.77,3,1292.31,UPI,42,Male,5,0
O103975,C1043,12/19/2023,Clothing,240.86,1,240.86,Bank Transfer,34,Male,4,0
O103976,C1225,10/3/2023,Beauty,111.77,4,447.08,Debit Card,54,Male,3,0
O103977,C1404,11/19/2023,Beauty,470.81,3,1412.43,UPI,30,Male,4,0
O103978,C1369,3/18/2023,Home,310.07,3,930.21,Debit Card,27,Female,4,0
O103979,C1345,2/28/2023,Books,261.1,3,783.3,Debit Card,60,Female,5,0
O103980,C1134,3/23/2023,Electronics,311.61,4,1246.44,UPI,60,Male,4,0
O103981,C1308,12/9/2023,Books,200.31,2,400.62,UPI,40,Female,4,0
O103982,C1148,9/9/2023,Books,312.61,2,625.22,Credit Card,31,Male,5,0
O103983,C1090,5/28/2023,Books,407.47,3,1222.41,UPI,55,Male,5,0
O103984,C1161,7/14/2023,Sports,89.72,3,269.16,Credit Card,50,Female,4,1
O103985,C1240,1/14/2023,Electronics,360.82,4,1443.28,UPI,28,Male,5,0
O103986,C1002,12/5/2023,Home,187.83,1,187.83,PayPal,51,Female,4,0
O103987,C1177,11/22/2023,Home,121.26,3,363.78,Credit Card,25,Female,3,0
O103988,C1371,9/22/2023,Home,33.81,3,101.43,UPI,39,Male,3,0
O103989,C1208,7/13/2023,Books,107.08,4,428.32,Credit Card,58,Male,4,0
O103990,C1212,3/18/2023,Home,306.24,2,612.48,UPI,47,Male,5,0
O103991,C1165,7/9/2023,Beauty,243.22,1,243.22,Credit Card,32,Female,3,0
O103992,C1159,3/29/2023,Books,458.49,3,1375.47,Bank Transfer,26,Male,5,0
O103993,C1283,1/1/2024,Electronics,120.07,1,120.07,Bank Transfer,49,Male,4,0
O103994,C1209,4/17/2023,Clothing,190.24,3,570.72,Bank Transfer,43,Female,5,0
O103995,C1317,7/1/2023,Electronics,408.14,2,816.28,UPI,42,Male,5,0
O103996,C1065,2/3/2023,Electronics,191.78,4,767.12,Debit Card,46,Male,5,0
O103997,C1476,3/4/2023,Sports,233.07,1,233.07,Debit Card,22,Male,3,0
O103998,C1456,10/12/2023,Books,104.33,3,312.99,Credit Card,35,Female,4,1
O103999,C1321,5/13/2023,Beauty,102.68,4,410.72,PayPal,64,Female,2,0
O104000,C1256,5/8/2023,Books,221.7,2,443.4,PayPal,29,Female,5,0
O104001,C1368,4/7/2023,Books,404.18,2,808.36,Credit Card,60,Female,4,0
O104002,C1138,5/5/2023,Clothing,247.23,1,247.23,Credit Card,40,Male,3,1
O104003,C1357,7/24/2023,Books,79.75,3,239.25,Debit Card,58,Male,4,0
O104004,C1268,10/20/2023,Beauty,332.25,1,332.25,Debit Card,34,Female,4,0
O104005,C1153,3/23/2023,Electronics,164.95,1,164.95,PayPal,59,Female,5,0
O104006,C1388,3/8/2023,Home,428.71,4,1714.84,UPI,60,Female,4,0
O104007,C1110,2/23/2023,Home,276.86,3,830.58,Debit Card,36,Male,5,0
O104008,C1237,1/21/2023,Sports,160.63,3,481.89,Debit Card,20,Female,4,0
O104009,C1081,7/1/2023,Home,251.73,4,1006.92,Debit Card,63,Male,4,0
O104010,C1096,7/26/2023,Clothing,308.49,3,925.47,Debit Card,34,Female,5,0
O104011,C1279,12/16/2023,Clothing,26.08,1,26.08,Debit Card,41,Male,5,0
O104012,C1492,1/12/2023,Beauty,77.84,2,155.68,Credit Card,56,Female,2,0
O104013,C1194,6/7/2023,Sports,255.81,1,255.81,Debit Card,28,Female,2,0
O104014,C1263,10/22/2023,Books,246.99,1,246.99,UPI,62,Male,5,0
O104015,C1396,4/26/2023,Beauty,91.16,4,364.64,Credit Card,23,Female,4,0
O104016,C1124,10/12/2023,Beauty,453.4,1,453.4,UPI,29,Male,4,0
O104017,C1426,5/22/2023,Home,169.38,4,677.52,PayPal,61,Female,4,0
O104018,C1313,12/23/2023,Electronics,107.19,1,107.19,Debit Card,29,Male,3,0
O104019,C1149,12/18/2023,Beauty,257.94,1,257.94,Credit Card,25,Female,2,0
O104020,C1123,4/15/2023,Clothing,38.54,2,77.08,PayPal,32,Female,1,0
O104021,C1100,9/27/2023,Home,420.06,4,1680.24,UPI,58,Female,2,0
O104022,C1453,12/29/2023,Electronics,337.76,4,1351.04,Bank Transfer,26,Male,5,1
O104023,C1414,3/14/2023,Electronics,425.97,1,425.97,Credit Card,27,Male,5,0
O104024,C1365,11/4/2023,Sports,340.92,4,1363.68,UPI,47,Female,4,0
O104025,C1370,3/5/2023,Books,191.1,3,573.3,Credit Card,18,Male,1,0
O104026,C1124,10/31/2023,Electronics,477.61,2,955.22,PayPal,42,Female,5,0
O104027,C1111,3/10/2023,Sports,22.01,3,66.03,Debit Card,48,Male,3,0
O104028,C1021,7/28/2023,Electronics,159.49,4,637.96,Credit Card,47,Male,4,0
O104029,C1471,11/10/2023,Books,318.5,3,955.5,Bank Transfer,44,Female,1,0
O104030,C1200,2/18/2023,Sports,39.73,3,119.19,UPI,61,Female,1,0
O104031,C1399,10/10/2023,Beauty,262.9,4,1051.6,UPI,45,Male,2,0
O104032,C1006,4/5/2023,Clothing,117.51,3,352.53,Credit Card,29,Male,5,0
O104033,C1301,2/24/2023,Home,289.02,1,289.02,Bank Transfer,20,Male,3,0
O104034,C1282,3/7/2023,Books,328.9,2,657.8,UPI,43,Male,5,0
O104035,C1126,12/19/2023,Sports,399.29,4,1597.16,Debit Card,59,Female,4,0
O104036,C1327,12/26/2023,Sports,311.45,4,1245.8,Debit Card,64,Female,4,0
O104037,C1422,11/2/2023,Electronics,424.29,1,424.29,Bank Transfer,46,Male,4,0
O104038,C1452,11/14/2023,Beauty,145.25,2,290.5,PayPal,42,Female,3,0
O104039,C1189,11/9/2023,Home,439.3,1,439.3,PayPal,38,Male,5,0
O104040,C1040,6/9/2023,Books,20.74,4,82.96,Credit Card,44,Male,1,0
O104041,C1446,9/27/2023,Beauty,29.27,2,58.54,UPI,35,Female,5,0
O104042,C1056,10/4/2023,Home,102.49,3,307.47,PayPal,28,Male,3,0
O104043,C1204,9/29/2023,Sports,364.87,2,729.74,Debit Card,35,Male,5,0
O104044,C1301,3/13/2023,Sports,137.33,4,549.32,PayPal,41,Male,5,0
O104045,C1418,3/22/2023,Clothing,160.9,4,643.6,UPI,39,Male,1,0
O104046,C1038,5/3/2023,Sports,229.38,2,458.76,Debit Card,60,Female,4,0
O104047,C1173,8/3/2023,Electronics,73.88,2,147.76,Credit Card,21,Female,4,1
O104048,C1479,1/19/2023,Beauty,71.66,1,71.66,Debit Card,32,Male,5,0
O104049,C1267,10/2/2023,Sports,177.76,3,533.28,Credit Card,24,Female,5,0
O104050,C1323,1/11/2023,Home,264.5,3,793.5,PayPal,34,Female,5,0
O104051,C1480,7/22/2023,Sports,312.25,3,936.75,Bank Transfer,22,Male,4,0
O104052,C1266,12/22/2023,Electronics,371.27,1,371.27,Credit Card,27,Male,5,0
O104053,C1219,1/10/2023,Electronics,269.33,2,538.66,PayPal,61,Male,5,0
O104054,C1267,4/15/2023,Home,150.92,4,603.68,Bank Transfer,23,Female,4,1
O104055,C1453,11/8/2023,Electronics,86.89,3,260.67,Credit Card,26,Female,3,1
O104056,C1079,12/17/2023,Sports,54.25,2,108.5,Credit Card,33,Female,5,0
O104057,C1482,4/19/2023,Electronics,477.3,1,477.3,PayPal,33,Male,3,0
O104058,C1131,6/24/2023,Home,151.85,3,455.55,Credit Card,62,Female,5,1
O104059,C1261,10/9/2023,Clothing,39.87,3,119.61,Bank Transfer,56,Male,2,0
O104060,C1249,11/17/2023,Sports,161.96,4,647.84,Bank Transfer,27,Male,4,0
O104061,C1319,4/18/2023,Books,72.69,3,218.07,Debit Card,60,Female,4,0
O104062,C1384,1/21/2023,Electronics,227.42,3,682.26,PayPal,29,Female,5,0
O104063,C1459,10/11/2023,Electronics,193.67,1,193.67,UPI,27,Female,5,1
O104064,C1400,4/10/2023,Home,399.5,1,399.5,Debit Card,24,Male,2,0
O104065,C1245,12/8/2023,Books,484.58,4,1938.32,UPI,55,Male,2,0
O104066,C1209,1/24/2023,Clothing,368.33,2,736.66,PayPal,39,Female,3,0
O104067,C1315,3/5/2023,Electronics,15.79,2,31.58,Credit Card,50,Female,3,0
O104068,C1232,12/20/2023,Beauty,402.3,1,402.3,Credit Card,64,Male,3,0
O104069,C1260,7/8/2023,Books,225.19,1,225.19,UPI,45,Male,5,0
O104070,C1412,5/29/2023,Home,417.2,2,834.4,UPI,44,Male,2,1
O104071,C1479,1/9/2023,Beauty,295.95,2,591.9,Bank Transfer,22,Female,4,0
O104072,C1299,3/26/2023,Sports,360.76,4,1443.04,UPI,49,Female,4,0
O104073,C1393,11/16/2023,Books,457.52,1,457.52,Bank Transfer,61,Female,4,0
O104074,C1426,10/10/2023,Beauty,465.5,4,1862,UPI,58,Female,4,0
O104075,C1046,9/25/2023,Home,285.47,1,285.47,PayPal,42,Female,5,0
O104076,C1297,7/16/2023,Beauty,22.42,4,89.68,UPI,61,Male,1,0
O104077,C1076,6/19/2023,Books,283.1,3,849.3,Credit Card,42,Female,5,0
O104078,C1011,9/14/2023,Home,425.81,2,851.62,UPI,37,Male,1,0
O104079,C1489,3/31/2023,Clothing,419.19,1,419.19,Credit Card,29,Male,2,0
O104080,C1430,4/25/2023,Home,370.95,4,1483.8,PayPal,18,Female,4,0
O104081,C1207,10/16/2023,Books,56,1,56,Credit Card,37,Female,5,0
O104082,C1319,12/25/2023,Electronics,131.96,4,527.84,UPI,54,Female,5,0
O104083,C1080,7/23/2023,Beauty,343.11,4,1372.44,Credit Card,36,Female,3,0
O104084,C1392,8/2/2023,Electronics,467.16,2,934.32,Bank Transfer,26,Male,3,0
O104085,C1384,4/21/2023,Home,22.73,1,22.73,UPI,62,Male,4,0
O104086,C1267,11/7/2023,Clothing,43.02,4,172.08,Debit Card,47,Female,5,1
O104087,C1333,5/5/2023,Books,366.61,2,733.22,PayPal,43,Male,5,0
O104088,C1429,5/26/2023,Electronics,216.35,4,865.4,Debit Card,60,Female,4,0
O104089,C1455,12/6/2023,Electronics,46.32,3,138.96,PayPal,43,Female,4,0
O104090,C1175,1/16/2023,Books,114.51,1,114.51,PayPal,46,Female,3,0
O104091,C1303,7/3/2023,Books,244.76,2,489.52,PayPal,24,Female,3,0
O104092,C1339,5/17/2023,Electronics,405.07,3,1215.21,UPI,22,Female,3,0
O104093,C1294,7/13/2023,Home,125.51,3,376.53,Bank Transfer,54,Male,5,0
O104094,C1473,4/21/2023,Electronics,350.96,1,350.96,UPI,38,Female,5,0
O104095,C1415,8/7/2023,Electronics,479.48,4,1917.92,PayPal,23,Male,5,0
O104096,C1414,9/28/2023,Home,149.49,3,448.47,UPI,38,Female,4,0
O104097,C1473,3/3/2023,Home,255.35,3,766.05,PayPal,37,Female,5,0
O104098,C1205,10/5/2023,Clothing,394.29,4,1577.16,PayPal,62,Female,5,0
O104099,C1436,9/18/2023,Home,350.01,3,1050.03,Credit Card,34,Male,4,0
O104100,C1427,3/26/2023,Sports,296.6,2,593.2,PayPal,47,Male,5,1
O104101,C1004,12/8/2023,Books,335.38,4,1341.52,Bank Transfer,52,Female,5,0
O104102,C1465,7/19/2023,Electronics,216.58,1,216.58,Credit Card,60,Male,1,0
O104103,C1427,7/18/2023,Books,7.01,1,7.01,PayPal,19,Male,4,0
O104104,C1042,12/9/2023,Clothing,382.05,4,1528.2,UPI,55,Female,5,0
O104105,C1422,1/14/2023,Electronics,233.46,2,466.92,Credit Card,32,Female,3,0
O104106,C1271,1/29/2023,Books,207.55,2,415.1,Debit Card,41,Male,2,0
O104107,C1151,11/19/2023,Books,149.99,1,149.99,Credit Card,46,Female,4,0
O104108,C1028,8/21/2023,Sports,17.9,1,17.9,PayPal,48,Male,5,0
O104109,C1447,10/26/2023,Sports,85.62,1,85.62,Bank Transfer,45,Male,4,1
O104110,C1026,7/8/2023,Clothing,191.79,1,191.79,Debit Card,38,Female,5,0
O104111,C1009,9/11/2023,Sports,65.56,2,131.12,Bank Transfer,64,Female,2,0
O104112,C1201,3/25/2023,Electronics,377.02,3,1131.06,Bank Transfer,20,Male,1,0
O104113,C1372,7/26/2023,Sports,224.68,3,674.04,PayPal,61,Male,3,0
O104114,C1177,1/10/2023,Books,101.31,2,202.62,Credit Card,19,Female,3,0
O104115,C1372,11/17/2023,Sports,43.27,2,86.54,Bank Transfer,28,Male,4,1
O104116,C1083,10/17/2023,Beauty,201.95,4,807.8,UPI,30,Male,5,0
O104117,C1394,5/15/2023,Electronics,386.53,3,1159.59,Bank Transfer,30,Female,3,0
O104118,C1035,4/10/2023,Clothing,389.18,2,778.36,PayPal,27,Female,2,0
O104119,C1119,2/15/2023,Clothing,159.7,2,319.4,Debit Card,24,Female,4,0
O104120,C1367,3/29/2023,Clothing,9.84,1,9.84,Debit Card,20,Female,5,0
O104121,C1056,8/28/2023,Books,228.17,2,456.34,Credit Card,31,Female,3,0
O104122,C1006,4/15/2023,Clothing,367.71,1,367.71,Credit Card,20,Male,3,0
O104123,C1309,3/25/2023,Electronics,194.32,3,582.96,Bank Transfer,18,Male,5,0
O104124,C1113,8/5/2023,Clothing,327.99,2,655.98,UPI,40,Female,5,0
O104125,C1068,8/28/2023,Sports,37.08,2,74.16,UPI,44,Female,4,0
O104126,C1193,3/4/2023,Clothing,428.89,3,1286.67,PayPal,50,Female,4,0
O104127,C1039,12/8/2023,Books,207.29,3,621.87,Debit Card,32,Female,5,0
O104128,C1136,10/31/2023,Electronics,375.94,2,751.88,PayPal,29,Female,3,0
O104129,C1025,3/14/2023,Sports,245.96,2,491.92,Debit Card,44,Male,4,0
O104130,C1499,2/18/2023,Sports,493.58,4,1974.32,Debit Card,19,Female,4,0
O104131,C1028,5/2/2023,Sports,235.97,4,943.88,PayPal,22,Female,4,0
O104132,C1426,2/22/2023,Sports,23.21,2,46.42,Bank Transfer,34,Male,2,0
O104133,C1475,3/14/2023,Sports,241.2,4,964.8,Bank Transfer,32,Male,5,0
O104134,C1469,4/6/2023,Electronics,151.21,3,453.63,Credit Card,52,Male,5,0
O104135,C1328,2/17/2023,Sports,445.41,2,890.82,UPI,54,Male,4,0
O104136,C1053,11/18/2023,Clothing,255.43,4,1021.72,Debit Card,18,Female,5,0
O104137,C1088,10/21/2023,Books,306.2,3,918.6,Debit Card,20,Female,2,0
O104138,C1402,12/18/2023,Books,314.27,1,314.27,Bank Transfer,51,Male,4,0
O104139,C1389,8/7/2023,Clothing,277.21,4,1108.84,UPI,50,Male,5,0
O104140,C1449,2/28/2023,Books,367.85,4,1471.4,PayPal,40,Female,3,1
O104141,C1210,1/15/2023,Home,104.32,2,208.64,PayPal,47,Female,1,0
O104142,C1492,1/12/2023,Sports,103.93,3,311.79,UPI,63,Female,5,0
O104143,C1207,12/15/2023,Electronics,397.21,1,397.21,Bank Transfer,29,Female,4,0
O104144,C1359,2/1/2023,Sports,221.72,3,665.16,Bank Transfer,18,Male,4,0
O104145,C1461,7/27/2023,Books,94.58,2,189.16,PayPal,54,Male,4,0
O104146,C1187,1/2/2023,Sports,237.34,2,474.68,UPI,54,Male,3,0
O104147,C1044,12/4/2023,Clothing,320.92,2,641.84,PayPal,27,Male,3,1
O104148,C1323,6/28/2023,Home,99.64,3,298.92,PayPal,20,Male,5,0
O104149,C1202,12/14/2023,Beauty,496.47,2,992.94,Debit Card,54,Male,3,0
O104150,C1398,6/21/2023,Books,165.66,2,331.32,Bank Transfer,21,Male,4,0
O104151,C1352,5/16/2023,Sports,408.52,1,408.52,UPI,39,Male,4,1
O104152,C1376,2/7/2023,Books,124.88,4,499.52,PayPal,39,Male,2,0
O104153,C1293,3/13/2023,Home,76.91,1,76.91,UPI,34,Female,3,0
O104154,C1497,8/22/2023,Books,98.99,1,98.99,Credit Card,36,Female,3,0
O104155,C1121,8/9/2023,Books,24.14,4,96.56,UPI,38,Female,4,0
O104156,C1402,10/7/2023,Electronics,221.36,4,885.44,PayPal,41,Male,3,0
O104157,C1457,1/20/2023,Home,488.45,2,976.9,Credit Card,51,Male,5,0
O104158,C1340,10/5/2023,Sports,337.53,1,337.53,UPI,20,Female,5,0
O104159,C1260,5/30/2023,Beauty,309.09,4,1236.36,PayPal,22,Female,4,0
O104160,C1452,11/7/2023,Home,279.96,4,1119.84,UPI,55,Male,4,0
O104161,C1332,2/13/2023,Home,492.64,4,1970.56,Debit Card,63,Female,4,0
O104162,C1321,10/7/2023,Books,37.41,4,149.64,Bank Transfer,25,Male,4,0
O104163,C1356,12/2/2023,Sports,78.08,1,78.08,Credit Card,61,Female,2,0
O104164,C1473,4/2/2023,Clothing,275.68,1,275.68,UPI,43,Female,1,0
O104165,C1230,7/19/2023,Sports,243.39,4,973.56,PayPal,49,Male,4,0
O104166,C1014,11/12/2023,Sports,467.37,4,1869.48,Debit Card,34,Female,4,0
O104167,C1400,2/9/2023,Books,77.7,4,310.8,Credit Card,35,Female,5,0
O104168,C1254,11/9/2023,Books,228.31,3,684.93,Bank Transfer,50,Female,2,0
O104169,C1278,3/18/2023,Books,266.8,3,800.4,UPI,57,Female,5,0
O104170,C1259,9/12/2023,Beauty,468.67,1,468.67,PayPal,49,Male,5,0
O104171,C1164,9/22/2023,Books,323,3,969,PayPal,26,Female,2,0
O104172,C1384,1/20/2023,Beauty,306.68,3,920.04,UPI,38,Female,1,1
O104173,C1349,9/26/2023,Electronics,186.72,1,186.72,Bank Transfer,27,Male,3,0
O104174,C1350,11/17/2023,Clothing,263.32,3,789.96,Debit Card,25,Male,3,0
O104175,C1357,5/18/2023,Electronics,297.13,1,297.13,Debit Card,64,Female,4,0
O104176,C1196,11/14/2023,Home,252.98,2,505.96,Bank Transfer,50,Male,5,0
O104177,C1016,12/11/2023,Electronics,217.16,1,217.16,PayPal,26,Female,2,0
O104178,C1461,10/5/2023,Clothing,47.43,4,189.72,Debit Card,40,Female,1,0
O104179,C1138,5/9/2023,Clothing,193.24,3,579.72,UPI,50,Female,4,0
O104180,C1236,10/31/2023,Sports,467.52,4,1870.08,PayPal,34,Male,3,1
O104181,C1181,11/10/2023,Home,42.99,3,128.97,PayPal,56,Male,4,0
O104182,C1325,3/10/2023,Beauty,348.64,4,1394.56,UPI,33,Female,5,0
O104183,C1405,7/20/2023,Clothing,203.4,4,813.6,PayPal,22,Male,4,0
O104184,C1175,7/27/2023,Clothing,470.9,1,470.9,Debit Card,60,Male,4,1
O104185,C1351,12/15/2023,Home,241.83,4,967.32,PayPal,63,Female,4,0
O104186,C1370,9/5/2023,Clothing,420.05,3,1260.15,Debit Card,27,Female,3,0
O104187,C1086,10/22/2023,Clothing,477.93,3,1433.79,Bank Transfer,21,Male,5,0
O104188,C1445,12/22/2023,Clothing,318.78,2,637.56,Debit Card,37,Female,5,0
O104189,C1053,4/25/2023,Books,425.79,1,425.79,Credit Card,32,Female,4,0
O104190,C1190,7/7/2023,Electronics,390.65,4,1562.6,Bank Transfer,39,Female,5,0
O104191,C1490,7/17/2023,Books,358.4,1,358.4,Debit Card,22,Male,4,0
O104192,C1313,6/14/2023,Sports,275.35,3,826.05,Debit Card,35,Female,4,0
O104193,C1115,1/4/2023,Clothing,228.08,1,228.08,Debit Card,28,Male,4,0
O104194,C1450,12/12/2023,Books,346.91,3,1040.73,UPI,37,Male,4,0
O104195,C1475,2/27/2023,Sports,278.98,4,1115.92,UPI,21,Female,3,0
O104196,C1085,1/25/2023,Clothing,25.13,3,75.39,UPI,26,Female,5,1
O104197,C1298,5/1/2023,Home,495.02,1,495.02,Credit Card,18,Male,2,0
O104198,C1430,7/6/2023,Clothing,394.86,2,789.72,Bank Transfer,27,Female,2,0
O104199,C1046,6/16/2023,Home,366.86,4,1467.44,Bank Transfer,52,Male,5,0
O104200,C1168,6/17/2023,Clothing,367.73,1,367.73,Credit Card,62,Male,5,0
O104201,C1374,3/30/2023,Home,466.14,1,466.14,UPI,39,Male,5,0
O104202,C1419,8/3/2023,Sports,429.8,2,859.6,UPI,26,Male,4,0
O104203,C1122,8/7/2023,Sports,19.64,4,78.56,Debit Card,33,Male,5,0
O104204,C1009,11/14/2023,Home,425.1,3,1275.3,PayPal,42,Male,5,0
O104205,C1146,2/14/2023,Electronics,393.62,1,393.62,Debit Card,29,Male,5,0
O104206,C1234,7/16/2023,Books,493.2,3,1479.6,UPI,30,Male,4,0
O104207,C1357,10/30/2023,Books,368.59,1,368.59,Bank Transfer,62,Male,1,0
O104208,C1310,3/9/2023,Sports,416.08,2,832.16,Credit Card,31,Female,3,0
O104209,C1185,3/8/2023,Clothing,409.9,1,409.9,UPI,59,Female,5,1
O104210,C1206,3/25/2023,Clothing,104.27,3,312.81,Debit Card,42,Female,4,0
O104211,C1214,1/30/2023,Home,318.87,1,318.87,UPI,33,Female,5,0
O104212,C1406,8/19/2023,Books,233.62,1,233.62,Bank Transfer,40,Female,2,0
O104213,C1153,3/27/2023,Clothing,49.93,2,99.86,Bank Transfer,29,Female,5,0
O104214,C1262,6/22/2023,Beauty,289.7,3,869.1,Debit Card,31,Female,2,1
O104215,C1376,10/29/2023,Sports,428.06,3,1284.18,Debit Card,44,Female,3,1
O104216,C1404,12/31/2023,Books,154.69,4,618.76,Debit Card,42,Male,4,0
O104217,C1258,3/7/2023,Home,100.3,2,200.6,UPI,42,Male,2,1
O104218,C1496,2/12/2023,Beauty,45.13,2,90.26,Bank Transfer,27,Female,4,0
O104219,C1014,3/11/2023,Electronics,486.79,1,486.79,Credit Card,35,Male,4,0
O104220,C1080,6/7/2023,Home,255.55,1,255.55,PayPal,28,Male,4,0
O104221,C1038,5/2/2023,Clothing,14.27,1,14.27,Credit Card,48,Female,4,0
O104222,C1445,6/12/2023,Electronics,193.63,1,193.63,PayPal,47,Male,5,0
O104223,C1166,6/24/2023,Sports,245.44,3,736.32,Credit Card,50,Male,5,0
O104224,C1325,11/21/2023,Sports,63.86,2,127.72,UPI,64,Male,5,0
O104225,C1350,2/21/2023,Home,427.19,1,427.19,Debit Card,57,Female,5,0
O104226,C1436,9/24/2023,Books,147.51,1,147.51,UPI,63,Female,4,0
O104227,C1198,10/28/2023,Books,302.3,3,906.9,Bank Transfer,55,Male,5,0
O104228,C1256,12/20/2023,Clothing,437.99,4,1751.96,Bank Transfer,53,Female,4,0
O104229,C1461,11/23/2023,Sports,211.58,4,846.32,Debit Card,20,Female,5,0
O104230,C1077,1/4/2023,Clothing,440.59,2,881.18,Debit Card,32,Male,5,0
O104231,C1471,7/8/2023,Home,419.91,2,839.82,PayPal,31,Male,4,0
O104232,C1270,4/22/2023,Clothing,388.04,3,1164.12,UPI,28,Male,3,0
O104233,C1378,3/10/2023,Clothing,72.78,4,291.12,Credit Card,27,Male,4,0
O104234,C1103,11/7/2023,Clothing,173.44,1,173.44,Credit Card,45,Female,5,0
O104235,C1320,2/17/2023,Electronics,92.14,4,368.56,Bank Transfer,18,Male,4,0
O104236,C1454,2/16/2023,Books,379.01,1,379.01,PayPal,31,Female,3,0
O104237,C1135,9/8/2023,Clothing,355.93,2,711.86,PayPal,53,Female,5,0
O104238,C1177,1/13/2023,Books,395.05,2,790.1,PayPal,55,Female,3,0
O104239,C1207,9/23/2023,Beauty,452.18,2,904.36,Credit Card,24,Female,5,0
O104240,C1091,4/3/2023,Home,138.72,4,554.88,Bank Transfer,61,Female,5,0
O104241,C1165,5/14/2023,Beauty,155.68,3,467.04,Debit Card,34,Female,4,0
O104242,C1248,3/11/2023,Sports,315.35,3,946.05,PayPal,33,Male,5,0
O104243,C1167,3/14/2023,Books,416.01,4,1664.04,Credit Card,27,Female,4,0
O104244,C1196,12/3/2023,Books,248.74,4,994.96,PayPal,47,Male,3,1
O104245,C1201,1/28/2023,Books,132.97,1,132.97,PayPal,26,Female,4,0
O104246,C1492,3/3/2023,Beauty,119.34,1,119.34,Bank Transfer,41,Male,5,0
O104247,C1033,8/23/2023,Beauty,180.46,1,180.46,PayPal,42,Male,2,0
O104248,C1227,4/22/2023,Books,217.39,2,434.78,UPI,36,Male,3,0
O104249,C1490,1/15/2023,Home,60.37,3,181.11,PayPal,60,Male,3,0
O104250,C1080,10/23/2023,Books,449.63,3,1348.89,UPI,23,Male,4,0
O104251,C1380,7/30/2023,Clothing,455.26,1,455.26,Credit Card,20,Female,4,0
O104252,C1410,6/17/2023,Beauty,162.69,4,650.76,UPI,59,Male,5,1
O104253,C1328,6/5/2023,Clothing,136.66,2,273.32,UPI,19,Male,5,0
O104254,C1122,3/27/2023,Home,108.11,2,216.22,Debit Card,62,Male,3,0
O104255,C1405,10/23/2023,Books,440.23,4,1760.92,PayPal,41,Female,5,0
O104256,C1285,6/7/2023,Home,168.93,1,168.93,Bank Transfer,50,Male,4,0
O104257,C1251,11/27/2023,Sports,118.79,1,118.79,Bank Transfer,20,Male,3,0
O104258,C1083,7/21/2023,Home,218.18,3,654.54,PayPal,50,Male,3,1
O104259,C1293,6/20/2023,Home,476.54,4,1906.16,Debit Card,22,Female,4,0
O104260,C1313,3/1/2023,Clothing,230.86,1,230.86,Bank Transfer,43,Female,5,0
O104261,C1002,4/6/2023,Books,105.73,1,105.73,PayPal,39,Female,3,0
O104262,C1036,3/24/2023,Electronics,275.14,1,275.14,Debit Card,35,Male,4,1
O104263,C1342,11/2/2023,Sports,430.21,4,1720.84,UPI,25,Female,2,0
O104264,C1369,2/27/2023,Clothing,315,1,315,Bank Transfer,33,Female,5,1
O104265,C1071,10/24/2023,Books,308.69,2,617.38,UPI,46,Male,2,1
O104266,C1067,3/18/2023,Electronics,278.01,2,556.02,Credit Card,42,Male,4,0
O104267,C1407,7/6/2023,Sports,471.58,4,1886.32,Credit Card,43,Male,3,0
O104268,C1089,1/20/2023,Electronics,397.15,4,1588.6,Debit Card,51,Female,2,0
O104269,C1311,12/18/2023,Sports,259.52,1,259.52,UPI,29,Female,1,1
O104270,C1179,12/17/2023,Clothing,476.67,2,953.34,Debit Card,61,Female,5,0
O104271,C1095,5/2/2023,Beauty,122.55,1,122.55,UPI,37,Female,4,0
O104272,C1474,2/1/2023,Electronics,149.16,4,596.64,PayPal,48,Male,5,0
O104273,C1143,6/4/2023,Clothing,85.75,4,343,Bank Transfer,23,Male,5,0
O104274,C1418,10/21/2023,Books,165.44,1,165.44,Debit Card,45,Male,4,0
O104275,C1236,2/4/2023,Home,267.92,2,535.84,PayPal,50,Male,4,1
O104276,C1447,10/20/2023,Electronics,199.55,2,399.1,Credit Card,64,Male,4,0
O104277,C1330,10/23/2023,Clothing,193.49,2,386.98,UPI,28,Female,2,0
O104278,C1340,1/13/2023,Electronics,201.85,1,201.85,Debit Card,38,Male,2,0
O104279,C1245,5/22/2023,Beauty,467.76,1,467.76,UPI,62,Male,3,0
O104280,C1030,11/10/2023,Clothing,141.42,4,565.68,Credit Card,26,Female,4,0
O104281,C1241,2/12/2023,Clothing,459.06,4,1836.24,UPI,32,Female,5,0
O104282,C1048,11/8/2023,Electronics,331.09,3,993.27,PayPal,58,Female,5,0
O104283,C1025,11/21/2023,Clothing,29.21,3,87.63,PayPal,18,Male,5,0
O104284,C1107,3/22/2023,Electronics,260.99,2,521.98,Bank Transfer,51,Female,2,0
O104285,C1239,12/5/2023,Clothing,394.55,1,394.55,Credit Card,41,Male,4,1
O104286,C1311,12/11/2023,Electronics,440.12,4,1760.48,Credit Card,34,Male,4,0
O104287,C1196,7/26/2023,Electronics,289.84,3,869.52,PayPal,36,Male,3,0
O104288,C1022,3/3/2023,Books,289.09,3,867.27,Credit Card,18,Female,3,0
O104289,C1070,6/25/2023,Beauty,268.08,2,536.16,UPI,21,Female,4,0
O104290,C1478,5/8/2023,Clothing,378.84,3,1136.52,UPI,19,Male,3,0
O104291,C1019,5/31/2023,Books,139.3,4,557.2,PayPal,61,Female,1,0
O104292,C1195,6/22/2023,Clothing,236.97,3,710.91,UPI,42,Male,3,1
O104293,C1339,4/2/2023,Sports,59.81,2,119.62,Debit Card,44,Male,1,0
O104294,C1077,5/25/2023,Clothing,351.2,3,1053.6,Credit Card,22,Male,4,0
O104295,C1146,1/12/2023,Books,342.66,3,1027.98,Bank Transfer,57,Male,5,0
O104296,C1473,6/22/2023,Electronics,78.61,3,235.83,UPI,42,Female,4,0
O104297,C1069,3/18/2023,Books,89.22,4,356.88,Debit Card,28,Female,3,0
O104298,C1066,1/9/2023,Books,200.01,1,200.01,PayPal,33,Female,4,0
O104299,C1496,6/29/2023,Beauty,372.02,1,372.02,Bank Transfer,40,Male,5,0
O104300,C1415,12/2/2023,Electronics,98.78,4,395.12,PayPal,51,Female,4,0
O104301,C1066,12/22/2023,Books,7.15,3,21.45,Bank Transfer,40,Male,3,1
O104302,C1398,2/19/2023,Clothing,181.59,1,181.59,Bank Transfer,27,Male,4,0
O104303,C1073,5/22/2023,Clothing,316.58,2,633.16,Bank Transfer,20,Female,4,0
O104304,C1282,6/17/2023,Books,130.54,1,130.54,Debit Card,24,Female,5,0
O104305,C1158,3/8/2023,Clothing,35.72,3,107.16,Credit Card,41,Female,3,0
O104306,C1483,2/8/2023,Beauty,478.77,3,1436.31,PayPal,36,Male,5,0
O104307,C1073,9/4/2023,Electronics,291.41,3,874.23,Bank Transfer,31,Male,4,0
O104308,C1186,11/11/2023,Clothing,351.75,1,351.75,Bank Transfer,60,Male,5,1
O104309,C1286,9/11/2023,Home,235.29,4,941.16,Credit Card,46,Male,4,0
O104310,C1307,11/14/2023,Electronics,398.2,2,796.4,Bank Transfer,29,Male,5,1
O104311,C1221,8/7/2023,Books,458.42,3,1375.26,Credit Card,21,Female,2,0
O104312,C1117,3/8/2023,Clothing,467.52,1,467.52,Debit Card,38,Male,5,0
O104313,C1176,6/13/2023,Home,355.81,3,1067.43,PayPal,57,Male,2,0
O104314,C1114,12/26/2023,Beauty,280.85,3,842.55,Debit Card,27,Male,2,0
O104315,C1128,1/31/2023,Electronics,100.59,2,201.18,Credit Card,57,Female,5,0
O104316,C1465,7/27/2023,Sports,369.87,1,369.87,UPI,44,Female,5,1
O104317,C1189,8/5/2023,Home,350.71,4,1402.84,UPI,37,Male,5,1
O104318,C1190,8/15/2023,Books,68.74,4,274.96,Debit Card,50,Female,5,1
O104319,C1146,8/6/2023,Clothing,244.65,1,244.65,PayPal,48,Female,4,1
O104320,C1246,2/24/2023,Clothing,413.59,3,1240.77,Debit Card,57,Female,4,0
O104321,C1223,1/2/2023,Electronics,189.35,4,757.4,Credit Card,54,Male,5,0
O104322,C1394,3/2/2023,Books,68.26,1,68.26,Credit Card,21,Male,4,0
O104323,C1107,1/14/2023,Beauty,22.57,1,22.57,Bank Transfer,41,Male,3,0
O104324,C1052,8/19/2023,Sports,42.84,3,128.52,Debit Card,64,Male,4,0
O104325,C1251,3/24/2023,Sports,406.24,1,406.24,UPI,35,Male,4,0
O104326,C1279,1/7/2023,Books,100.63,1,100.63,Credit Card,46,Female,5,0
O104327,C1230,2/24/2023,Clothing,445.26,2,890.52,UPI,35,Male,4,0
O104328,C1445,2/25/2023,Home,184.78,3,554.34,Credit Card,23,Female,5,0
O104329,C1044,4/11/2023,Books,293.39,1,293.39,Credit Card,58,Female,1,1
O104330,C1232,2/22/2023,Clothing,206.25,4,825,Credit Card,42,Female,3,0
O104331,C1365,4/28/2023,Home,406.26,2,812.52,Credit Card,57,Male,5,0
O104332,C1417,5/28/2023,Home,122.64,3,367.92,UPI,38,Female,2,0
O104333,C1252,6/3/2023,Clothing,36.22,4,144.88,Bank Transfer,57,Male,5,0
O104334,C1059,12/27/2023,Clothing,170.92,2,341.84,Credit Card,21,Male,5,0
O104335,C1290,8/11/2023,Clothing,312.52,1,312.52,Debit Card,41,Female,3,0
O104336,C1229,8/7/2023,Beauty,331.76,4,1327.04,Bank Transfer,41,Female,5,0
O104337,C1255,1/16/2023,Clothing,87.38,3,262.14,Credit Card,34,Male,5,0
O104338,C1171,4/12/2023,Beauty,161.31,4,645.24,PayPal,55,Female,4,0
O104339,C1081,8/14/2023,Home,406.85,1,406.85,Bank Transfer,31,Female,4,0
O104340,C1224,3/18/2023,Electronics,491.88,4,1967.52,Debit Card,62,Male,3,0
O104341,C1269,5/4/2023,Clothing,348.31,1,348.31,Bank Transfer,64,Male,3,0
O104342,C1017,1/30/2023,Home,441.36,2,882.72,Bank Transfer,59,Female,3,0
O104343,C1218,2/21/2023,Home,331.79,2,663.58,Debit Card,50,Male,5,0
O104344,C1387,2/4/2023,Electronics,23.8,1,23.8,Credit Card,32,Female,3,0
O104345,C1302,9/6/2023,Beauty,37.52,3,112.56,Bank Transfer,29,Male,3,1
O104346,C1468,5/10/2023,Electronics,187.16,3,561.48,Credit Card,50,Female,5,1
O104347,C1300,5/1/2023,Books,237.44,1,237.44,UPI,42,Male,4,0
O104348,C1421,10/16/2023,Beauty,485.42,2,970.84,Debit Card,53,Male,2,0
O104349,C1162,5/8/2023,Beauty,331.15,3,993.45,Credit Card,42,Female,3,0
O104350,C1402,3/30/2023,Electronics,184.74,3,554.22,Debit Card,37,Male,4,0
O104351,C1414,10/29/2023,Home,262.13,4,1048.52,UPI,27,Female,5,0
O104352,C1476,7/22/2023,Books,87.64,3,262.92,UPI,23,Female,2,0
O104353,C1328,4/25/2023,Beauty,352.37,1,352.37,Credit Card,45,Male,4,0
O104354,C1238,10/30/2023,Sports,202.93,3,608.79,Credit Card,44,Female,4,0
O104355,C1196,11/5/2023,Books,77.78,4,311.12,Debit Card,54,Male,3,0
O104356,C1211,7/15/2023,Electronics,491.77,4,1967.08,PayPal,40,Male,4,0
O104357,C1249,5/27/2023,Electronics,37.87,4,151.48,Bank Transfer,18,Female,5,0
O104358,C1293,5/17/2023,Clothing,497.3,1,497.3,PayPal,26,Male,3,0
O104359,C1391,6/15/2023,Sports,463.61,2,927.22,PayPal,24,Male,5,0
O104360,C1378,12/19/2023,Books,36.92,3,110.76,UPI,47,Female,4,1
O104361,C1299,10/19/2023,Electronics,362.81,3,1088.43,UPI,19,Female,5,0
O104362,C1414,1/8/2023,Electronics,76.64,4,306.56,Debit Card,49,Male,5,0
O104363,C1453,8/9/2023,Beauty,207.17,1,207.17,PayPal,41,Male,2,1
O104364,C1110,8/28/2023,Electronics,276.53,3,829.59,UPI,49,Female,4,0
O104365,C1420,10/4/2023,Clothing,49.39,4,197.56,Credit Card,19,Male,3,0
O104366,C1211,1/29/2023,Clothing,316.41,2,632.82,Credit Card,20,Female,4,0
O104367,C1049,10/7/2023,Electronics,78.78,3,236.34,PayPal,60,Female,1,0
O104368,C1351,12/26/2023,Books,476.53,1,476.53,UPI,23,Female,2,0
O104369,C1462,3/17/2023,Electronics,429.07,3,1287.21,Credit Card,53,Female,1,1
O104370,C1493,1/12/2023,Beauty,415.18,4,1660.72,UPI,34,Female,4,0
O104371,C1476,12/5/2023,Books,174.65,4,698.6,Credit Card,47,Male,2,0
O104372,C1497,10/7/2023,Sports,11.97,4,47.88,Debit Card,36,Female,4,0
O104373,C1274,3/12/2023,Clothing,268.17,3,804.51,Credit Card,23,Female,3,0
O104374,C1485,7/2/2023,Books,269.63,2,539.26,UPI,43,Male,4,0
O104375,C1293,8/14/2023,Books,152.73,2,305.46,Debit Card,34,Female,3,0
O104376,C1478,1/6/2023,Books,211.41,4,845.64,PayPal,50,Male,2,1
O104377,C1416,1/14/2023,Home,348.99,2,697.98,UPI,46,Male,3,0
O104378,C1215,8/31/2023,Home,390.98,1,390.98,Bank Transfer,46,Male,3,0
O104379,C1425,4/3/2023,Clothing,301.02,4,1204.08,Bank Transfer,51,Male,2,0
O104380,C1154,11/1/2023,Sports,390.65,4,1562.6,Credit Card,52,Male,4,0
O104381,C1479,3/22/2023,Books,197.26,3,591.78,Bank Transfer,28,Female,5,0
O104382,C1406,3/26/2023,Books,195.17,2,390.34,Bank Transfer,46,Male,4,0
O104383,C1238,7/20/2023,Books,406.01,3,1218.03,Bank Transfer,26,Male,4,0
O104384,C1137,1/23/2023,Books,376.79,1,376.79,Debit Card,60,Male,5,0
O104385,C1366,3/2/2023,Home,137.49,2,274.98,Credit Card,36,Female,5,1
O104386,C1058,7/1/2023,Sports,36.25,2,72.5,Credit Card,45,Female,2,0
O104387,C1461,10/10/2023,Beauty,82.09,1,82.09,PayPal,18,Male,1,0
O104388,C1250,5/26/2023,Beauty,182.72,1,182.72,UPI,62,Male,3,0
O104389,C1171,7/13/2023,Home,471.14,1,471.14,Credit Card,48,Female,3,0
O104390,C1298,12/4/2023,Beauty,325.64,4,1302.56,Bank Transfer,59,Male,4,1
O104391,C1150,11/24/2023,Electronics,107.47,3,322.41,UPI,61,Female,5,0
O104392,C1360,11/24/2023,Home,332.87,1,332.87,UPI,24,Female,2,0
O104393,C1197,10/7/2023,Clothing,480.93,2,961.86,Debit Card,43,Female,5,0
O104394,C1014,5/17/2023,Sports,11.52,1,11.52,UPI,35,Female,5,0
O104395,C1078,2/3/2023,Sports,349.61,4,1398.44,Credit Card,45,Male,1,0
O104396,C1288,6/23/2023,Electronics,158.02,4,632.08,Bank Transfer,59,Male,4,0
O104397,C1082,7/2/2023,Books,328.79,3,986.37,PayPal,33,Female,2,0
O104398,C1141,10/5/2023,Books,284.15,4,1136.6,PayPal,52,Male,3,0
O104399,C1258,10/21/2023,Clothing,45.77,3,137.31,Debit Card,19,Female,5,1
O104400,C1273,12/23/2023,Books,492,4,1968,PayPal,34,Male,5,0
O104401,C1451,8/12/2023,Clothing,416.35,2,832.7,Debit Card,49,Female,5,0
O104402,C1246,3/19/2023,Books,47.16,4,188.64,Bank Transfer,49,Male,4,0
O104403,C1218,1/12/2023,Books,200.09,1,200.09,Credit Card,38,Male,4,0
O104404,C1154,2/7/2023,Clothing,70.88,2,141.76,Credit Card,51,Male,3,0
O104405,C1184,12/5/2023,Books,256.5,3,769.5,PayPal,56,Male,4,0
O104406,C1366,7/28/2023,Electronics,235.05,2,470.1,PayPal,39,Male,5,0
O104407,C1244,7/28/2023,Electronics,338.5,4,1354,Debit Card,58,Male,3,1
O104408,C1128,1/23/2023,Home,255.18,1,255.18,Debit Card,38,Male,5,0
O104409,C1206,6/20/2023,Beauty,18.87,4,75.48,Credit Card,22,Male,5,0
O104410,C1185,5/23/2023,Home,44.34,3,133.02,Bank Transfer,40,Male,5,1
O104411,C1135,3/5/2023,Books,167.9,2,335.8,Credit Card,45,Female,5,0
O104412,C1163,11/29/2023,Electronics,482.61,3,1447.83,PayPal,38,Female,4,0
O104413,C1141,1/15/2023,Books,189.52,1,189.52,Bank Transfer,26,Female,4,0
O104414,C1433,2/2/2023,Sports,220.95,4,883.8,Bank Transfer,21,Male,5,0
O104415,C1396,9/22/2023,Clothing,285.26,4,1141.04,Debit Card,44,Male,4,0
O104416,C1280,10/5/2023,Beauty,201.44,3,604.32,Credit Card,62,Female,5,0
O104417,C1237,10/10/2023,Clothing,270.99,2,541.98,Credit Card,46,Female,3,0
O104418,C1041,8/15/2023,Home,388.11,2,776.22,Bank Transfer,29,Male,5,0
O104419,C1404,4/26/2023,Home,256.63,3,769.89,UPI,27,Male,5,1
O104420,C1471,7/21/2023,Beauty,62.34,2,124.68,Bank Transfer,45,Female,2,0
O104421,C1280,8/5/2023,Books,189.47,4,757.88,UPI,56,Male,5,0
O104422,C1358,10/25/2023,Sports,205.39,4,821.56,UPI,31,Female,3,0
O104423,C1160,9/17/2023,Sports,122.41,1,122.41,UPI,34,Female,5,0
O104424,C1353,2/16/2023,Home,403.71,4,1614.84,Debit Card,28,Female,5,0
O104425,C1161,12/4/2023,Electronics,78.94,1,78.94,Credit Card,58,Male,5,0
O104426,C1315,3/11/2023,Beauty,232.75,3,698.25,UPI,37,Male,5,0
O104427,C1030,12/18/2023,Sports,330.57,1,330.57,Debit Card,59,Male,4,0
O104428,C1357,7/15/2023,Beauty,25.43,2,50.86,Credit Card,39,Female,2,0
O104429,C1059,2/6/2023,Sports,467.24,4,1868.96,Credit Card,29,Female,5,1
O104430,C1350,2/1/2023,Clothing,144.43,2,288.86,UPI,47,Female,3,0
O104431,C1107,8/4/2023,Home,355.14,4,1420.56,PayPal,24,Female,4,0
O104432,C1500,12/30/2023,Beauty,72.19,2,144.38,PayPal,56,Male,3,0
O104433,C1264,10/24/2023,Home,49.02,2,98.04,Debit Card,20,Female,5,0
O104434,C1307,1/29/2023,Sports,136.42,1,136.42,Bank Transfer,48,Male,3,1
O104435,C1026,1/13/2023,Books,364.26,3,1092.78,UPI,37,Female,2,0
O104436,C1414,3/11/2023,Home,376.06,4,1504.24,UPI,62,Female,4,0
O104437,C1092,1/25/2023,Home,79.24,1,79.24,Bank Transfer,63,Female,2,0
O104438,C1350,5/21/2023,Beauty,84.31,1,84.31,UPI,42,Female,4,0
O104439,C1221,9/12/2023,Sports,71.94,1,71.94,Credit Card,35,Female,3,0
O104440,C1405,8/12/2023,Home,61.3,1,61.3,PayPal,53,Male,5,0
O104441,C1420,6/9/2023,Home,360.99,3,1082.97,Bank Transfer,29,Female,5,0
O104442,C1251,8/15/2023,Home,83.01,4,332.04,UPI,32,Male,4,0
O104443,C1293,8/19/2023,Home,370.27,4,1481.08,Debit Card,25,Male,2,0
O104444,C1099,9/17/2023,Books,351.07,1,351.07,Credit Card,38,Female,3,0
O104445,C1067,5/5/2023,Home,353.21,1,353.21,Debit Card,64,Female,4,0
O104446,C1449,7/15/2023,Clothing,9.46,3,28.38,PayPal,64,Female,4,0
O104447,C1173,12/25/2023,Home,376.13,3,1128.39,Credit Card,64,Male,3,0
O104448,C1204,11/20/2023,Home,234.75,1,234.75,UPI,53,Female,5,0
O104449,C1118,1/28/2023,Electronics,113.89,3,341.67,Bank Transfer,53,Male,4,0
O104450,C1439,4/6/2023,Electronics,245.87,1,245.87,PayPal,29,Male,5,0
O104451,C1151,4/3/2023,Sports,110,2,220,Bank Transfer,47,Female,5,1
O104452,C1356,12/3/2023,Sports,155.41,3,466.23,Debit Card,47,Female,5,0
O104453,C1069,6/11/2023,Books,277.65,3,832.95,Credit Card,53,Female,4,0
O104454,C1015,2/23/2023,Electronics,417.27,4,1669.08,PayPal,27,Female,5,0
O104455,C1364,2/21/2023,Electronics,193.81,4,775.24,Debit Card,53,Female,4,0
O104456,C1274,9/22/2023,Beauty,256.14,3,768.42,Bank Transfer,48,Male,4,0
O104457,C1004,10/2/2023,Electronics,134.03,1,134.03,Credit Card,20,Female,5,0
O104458,C1302,9/22/2023,Sports,313.74,4,1254.96,Bank Transfer,21,Female,5,0
O104459,C1287,3/7/2023,Clothing,480.76,4,1923.04,Credit Card,20,Male,5,0
O104460,C1296,11/1/2023,Home,266.56,3,799.68,Bank Transfer,18,Male,4,0
O104461,C1477,5/20/2023,Sports,498.86,3,1496.58,PayPal,36,Female,5,0
O104462,C1406,5/15/2023,Clothing,155.52,3,466.56,Bank Transfer,34,Male,5,0
O104463,C1076,2/26/2023,Clothing,382.57,3,1147.71,Credit Card,24,Male,5,0
O104464,C1271,5/9/2023,Clothing,362.22,3,1086.66,Bank Transfer,64,Female,5,0
O104465,C1117,8/9/2023,Home,495.38,4,1981.52,UPI,56,Female,4,0
O104466,C1444,9/30/2023,Electronics,277.5,3,832.5,Bank Transfer,52,Female,4,0
O104467,C1499,11/22/2023,Clothing,234.85,1,234.85,Debit Card,62,Female,1,0
O104468,C1486,9/21/2023,Clothing,122.79,1,122.79,Debit Card,18,Male,4,0
O104469,C1064,12/10/2023,Books,426.89,1,426.89,PayPal,43,Female,3,0
O104470,C1450,5/10/2023,Home,136.27,1,136.27,Debit Card,58,Male,2,0
O104471,C1017,12/13/2023,Sports,50.32,2,100.64,Debit Card,38,Female,5,0
O104472,C1335,7/8/2023,Home,358.07,1,358.07,Bank Transfer,38,Female,4,0
O104473,C1379,3/16/2023,Clothing,381,4,1524,Credit Card,25,Male,5,0
O104474,C1072,4/10/2023,Clothing,10.05,1,10.05,Bank Transfer,23,Female,1,0
O104475,C1395,10/3/2023,Books,113.33,2,226.66,Bank Transfer,56,Male,5,0
O104476,C1231,8/13/2023,Sports,225.24,1,225.24,PayPal,53,Male,5,0
O104477,C1341,5/31/2023,Beauty,142.23,3,426.69,PayPal,22,Female,4,0
O104478,C1087,1/16/2023,Clothing,167.79,4,671.16,UPI,34,Female,5,0
O104479,C1351,3/28/2023,Electronics,450.42,3,1351.26,Bank Transfer,47,Female,4,0
O104480,C1366,1/7/2023,Beauty,379.88,4,1519.52,UPI,61,Male,4,0
O104481,C1411,2/4/2023,Books,71.17,3,213.51,Bank Transfer,58,Male,3,0
O104482,C1424,1/22/2023,Home,141.16,3,423.48,Debit Card,58,Male,4,0
O104483,C1017,7/17/2023,Books,124.73,1,124.73,PayPal,39,Female,3,1
O104484,C1369,10/7/2023,Books,96.74,2,193.48,PayPal,34,Female,5,0
O104485,C1320,4/28/2023,Home,299.44,2,598.88,PayPal,54,Female,5,1
O104486,C1007,1/19/2023,Beauty,45.35,3,136.05,Credit Card,41,Male,4,0
O104487,C1367,7/22/2023,Sports,49.2,2,98.4,Bank Transfer,56,Female,3,0
O104488,C1264,2/4/2023,Sports,19.28,3,57.84,Debit Card,59,Male,4,0
O104489,C1143,5/11/2023,Home,387.97,4,1551.88,Debit Card,52,Female,3,0
O104490,C1135,8/7/2023,Electronics,442.22,4,1768.88,UPI,34,Male,4,0
O104491,C1420,10/1/2023,Home,237.75,2,475.5,Credit Card,35,Female,5,0
O104492,C1309,11/14/2023,Clothing,489.11,4,1956.44,Bank Transfer,27,Male,2,0
O104493,C1008,11/25/2023,Beauty,98.41,3,295.23,Debit Card,59,Male,4,0
O104494,C1330,11/2/2023,Electronics,188.33,3,564.99,PayPal,54,Female,1,0
O104495,C1492,9/15/2023,Books,289.27,4,1157.08,Debit Card,21,Female,5,0
O104496,C1412,11/15/2023,Books,214.67,2,429.34,UPI,39,Female,3,1
O104497,C1301,9/28/2023,Books,74.81,1,74.81,PayPal,25,Male,4,0
O104498,C1157,6/11/2023,Sports,91.45,3,274.35,UPI,46,Male,4,0
O104499,C1429,9/3/2023,Electronics,135.94,2,271.88,Debit Card,34,Female,4,0
O104500,C1349,3/12/2023,Home,355.39,1,355.39,Bank Transfer,42,Male,3,0
O104501,C1019,2/15/2023,Beauty,133.04,1,133.04,UPI,63,Female,1,0
O104502,C1364,5/10/2023,Clothing,126.28,3,378.84,Debit Card,63,Male,5,0
O104503,C1464,4/15/2023,Books,325.24,2,650.48,PayPal,30,Female,4,1
O104504,C1084,9/24/2023,Clothing,344.41,4,1377.64,PayPal,41,Male,2,0
O104505,C1078,2/27/2023,Beauty,228.47,1,228.47,UPI,49,Female,5,0
O104506,C1016,7/20/2023,Clothing,488.17,2,976.34,UPI,24,Male,4,0
O104507,C1089,9/22/2023,Books,291.78,4,1167.12,Credit Card,19,Male,2,0
O104508,C1086,3/16/2023,Electronics,97.32,3,291.96,Credit Card,21,Male,5,0
O104509,C1008,4/5/2023,Clothing,221.55,2,443.1,PayPal,51,Male,3,0
O104510,C1009,2/2/2023,Beauty,247.05,1,247.05,UPI,64,Female,3,0
O104511,C1237,8/11/2023,Sports,334.8,2,669.6,Credit Card,60,Male,1,0
O104512,C1466,1/16/2023,Books,316.76,2,633.52,UPI,24,Female,5,0
O104513,C1367,7/17/2023,Electronics,178.33,2,356.66,Credit Card,39,Male,2,0
O104514,C1419,6/1/2023,Clothing,234.35,1,234.35,Debit Card,59,Female,4,0
O104515,C1408,2/17/2023,Home,335.29,4,1341.16,Credit Card,51,Male,4,0
O104516,C1460,10/11/2023,Home,241.1,4,964.4,Debit Card,36,Male,4,1
O104517,C1329,2/13/2023,Books,242.86,1,242.86,UPI,43,Male,4,0
O104518,C1403,9/5/2023,Home,391.13,2,782.26,Bank Transfer,55,Male,3,0
O104519,C1100,6/11/2023,Home,284.03,2,568.06,Bank Transfer,28,Female,4,0
O104520,C1427,12/13/2023,Electronics,248.27,3,744.81,Credit Card,30,Male,4,0
O104521,C1102,1/9/2023,Sports,157.39,2,314.78,Bank Transfer,61,Male,4,0
O104522,C1002,7/9/2023,Home,289.07,1,289.07,Debit Card,24,Female,4,0
O104523,C1225,2/8/2023,Home,73.51,3,220.53,Credit Card,58,Male,4,0
O104524,C1224,8/10/2023,Beauty,262.29,4,1049.16,Bank Transfer,61,Female,3,0
O104525,C1138,2/17/2023,Electronics,450.25,2,900.5,Credit Card,35,Female,5,1
O104526,C1470,7/9/2023,Home,456.75,2,913.5,Credit Card,42,Male,4,0
O104527,C1361,4/26/2023,Home,255.7,4,1022.8,Credit Card,58,Female,2,0
O104528,C1278,6/15/2023,Electronics,292.6,3,877.8,Bank Transfer,19,Female,5,0
O104529,C1396,11/13/2023,Sports,448.52,3,1345.56,Credit Card,45,Male,3,1
O104530,C1189,10/15/2023,Clothing,217.5,4,870,Bank Transfer,43,Female,4,0
O104531,C1281,4/14/2023,Home,320.13,3,960.39,UPI,57,Male,4,0
O104532,C1194,10/1/2023,Beauty,208.9,3,626.7,UPI,54,Female,1,0
O104533,C1082,7/18/2023,Books,270.5,4,1082,Bank Transfer,50,Male,4,0
O104534,C1271,4/30/2023,Books,344.15,3,1032.45,Bank Transfer,52,Male,4,0
O104535,C1242,9/28/2023,Beauty,323.79,3,971.37,Bank Transfer,55,Male,1,0
O104536,C1187,1/16/2023,Home,412.1,3,1236.3,UPI,19,Female,4,0
O104537,C1093,7/5/2023,Sports,327.79,1,327.79,Credit Card,64,Female,2,0
O104538,C1460,7/13/2023,Electronics,53.13,1,53.13,UPI,25,Male,1,0
O104539,C1065,1/12/2023,Electronics,265.89,1,265.89,PayPal,54,Female,2,0
O104540,C1452,12/26/2023,Home,133.39,4,533.56,Bank Transfer,57,Male,5,0
O104541,C1195,1/8/2023,Home,106.3,3,318.9,Credit Card,62,Male,2,0
O104542,C1390,10/20/2023,Home,225.18,4,900.72,PayPal,21,Male,4,0
O104543,C1402,8/25/2023,Home,75.73,1,75.73,Debit Card,34,Female,4,0
O104544,C1498,3/2/2023,Sports,10.99,2,21.98,Bank Transfer,41,Female,1,0
O104545,C1149,12/28/2023,Electronics,212.65,2,425.3,PayPal,21,Female,4,1
O104546,C1152,7/17/2023,Books,176.18,4,704.72,PayPal,21,Male,4,0
O104547,C1050,10/5/2023,Beauty,6.03,2,12.06,UPI,64,Male,4,1
O104548,C1144,2/17/2023,Books,170.25,4,681,UPI,30,Female,4,0
O104549,C1482,3/12/2023,Sports,285.08,4,1140.32,Debit Card,50,Male,1,0
O104550,C1084,3/14/2023,Books,168.51,3,505.53,Bank Transfer,37,Female,4,0
O104551,C1263,10/28/2023,Electronics,72.82,2,145.64,Bank Transfer,29,Male,4,0
O104552,C1416,12/29/2023,Home,162.19,3,486.57,Debit Card,22,Female,1,1
O104553,C1470,3/9/2023,Electronics,472.03,2,944.06,UPI,18,Female,4,0
O104554,C1349,5/31/2023,Home,63.27,3,189.81,Bank Transfer,45,Male,4,0
O104555,C1164,8/11/2023,Books,449.64,4,1798.56,PayPal,25,Male,1,0
O104556,C1433,10/23/2023,Clothing,37.95,2,75.9,PayPal,23,Female,4,0
O104557,C1255,1/1/2023,Beauty,352.73,4,1410.92,UPI,32,Male,2,1
O104558,C1481,1/26/2023,Electronics,246.05,3,738.15,Bank Transfer,27,Male,2,0
O104559,C1474,12/27/2023,Home,427.14,3,1281.42,Bank Transfer,49,Female,5,0
O104560,C1487,1/28/2023,Sports,415.29,2,830.58,PayPal,22,Male,4,0
O104561,C1424,3/11/2023,Home,423.89,4,1695.56,Bank Transfer,18,Male,1,0
O104562,C1258,3/25/2023,Books,73.29,2,146.58,UPI,33,Female,4,0
O104563,C1455,5/24/2023,Electronics,332.37,4,1329.48,Credit Card,36,Male,2,0
O104564,C1249,9/24/2023,Beauty,462.36,2,924.72,UPI,29,Male,4,0
O104565,C1083,12/19/2023,Home,232.51,4,930.04,Bank Transfer,63,Male,4,0
O104566,C1047,3/11/2023,Sports,490.87,4,1963.48,Credit Card,45,Female,4,0
O104567,C1483,10/5/2023,Home,271.99,3,815.97,Credit Card,48,Female,4,0
O104568,C1034,1/31/2023,Home,141.61,3,424.83,UPI,55,Male,1,0
O104569,C1047,3/1/2023,Books,395.43,2,790.86,Debit Card,46,Male,5,0
O104570,C1313,4/2/2023,Sports,299.95,1,299.95,Credit Card,21,Male,4,1
O104571,C1162,4/6/2023,Sports,151.67,4,606.68,Credit Card,20,Male,4,0
O104572,C1381,7/5/2023,Clothing,315.05,3,945.15,Bank Transfer,26,Male,4,0
O104573,C1421,10/19/2023,Clothing,30.23,1,30.23,PayPal,62,Male,5,1
O104574,C1017,8/25/2023,Electronics,359.68,1,359.68,Bank Transfer,56,Female,4,0
O104575,C1349,1/8/2023,Electronics,98.67,2,197.34,Bank Transfer,32,Female,4,0
O104576,C1464,12/25/2023,Beauty,357.4,4,1429.6,Credit Card,47,Female,4,0
O104577,C1288,12/31/2023,Home,337.88,2,675.76,Debit Card,32,Male,2,0
O104578,C1416,11/27/2023,Clothing,338.92,1,338.92,UPI,39,Female,4,0
O104579,C1212,10/31/2023,Books,155.52,4,622.08,UPI,21,Male,5,0
O104580,C1443,7/31/2023,Home,475.13,1,475.13,PayPal,63,Female,5,0
O104581,C1143,8/30/2023,Electronics,134.14,2,268.28,Bank Transfer,44,Male,4,0
O104582,C1492,11/16/2023,Beauty,31.4,4,125.6,UPI,25,Male,4,0
O104583,C1243,4/14/2023,Home,195.37,2,390.74,UPI,51,Male,4,0
O104584,C1110,2/6/2023,Electronics,368.64,1,368.64,Debit Card,32,Female,4,0
O104585,C1024,3/20/2023,Home,264.42,3,793.26,UPI,36,Female,5,0
O104586,C1114,12/17/2023,Clothing,324.9,1,324.9,Credit Card,56,Female,4,0
O104587,C1457,6/1/2023,Clothing,479.5,2,959,Debit Card,53,Female,4,0
O104588,C1132,9/26/2023,Clothing,38.86,2,77.72,Debit Card,64,Male,5,0
O104589,C1216,9/29/2023,Electronics,15.88,4,63.52,Bank Transfer,56,Female,2,0
O104590,C1280,8/11/2023,Electronics,360.63,2,721.26,Bank Transfer,49,Female,4,0
O104591,C1100,10/29/2023,Books,406.72,3,1220.16,PayPal,45,Female,3,0
O104592,C1457,6/3/2023,Books,449.26,1,449.26,UPI,35,Male,4,0
O104593,C1281,6/5/2023,Clothing,185.34,2,370.68,Debit Card,33,Male,5,0
O104594,C1196,11/19/2023,Home,209.46,1,209.46,Bank Transfer,21,Male,5,0
O104595,C1277,1/25/2023,Home,378.41,1,378.41,Debit Card,19,Male,5,0
O104596,C1229,8/16/2023,Home,487.77,3,1463.31,Credit Card,64,Female,4,0
O104597,C1185,8/18/2023,Books,369.6,4,1478.4,Debit Card,36,Female,3,0
O104598,C1041,7/6/2023,Sports,17.83,2,35.66,PayPal,58,Male,5,0
O104599,C1290,4/4/2023,Beauty,258.77,1,258.77,Credit Card,46,Male,4,0
O104600,C1277,6/20/2023,Home,206.56,1,206.56,Credit Card,27,Male,5,0
O104601,C1253,11/19/2023,Beauty,445.15,1,445.15,Debit Card,40,Male,1,0
O104602,C1342,11/4/2023,Electronics,343.7,3,1031.1,PayPal,42,Male,4,0
O104603,C1487,2/12/2023,Electronics,347.85,1,347.85,Bank Transfer,37,Female,4,0
O104604,C1049,11/4/2023,Beauty,54.17,1,54.17,Credit Card,20,Male,4,1
O104605,C1169,6/1/2023,Beauty,26.7,1,26.7,Bank Transfer,63,Female,4,0
O104606,C1028,12/18/2023,Beauty,224.58,1,224.58,PayPal,51,Male,4,0
O104607,C1325,1/13/2023,Sports,482.92,3,1448.76,UPI,49,Female,4,0
O104608,C1471,4/30/2023,Home,213.66,4,854.64,Debit Card,32,Male,5,0
O104609,C1350,4/1/2023,Electronics,121.29,1,121.29,Credit Card,47,Male,5,0
O104610,C1094,8/13/2023,Home,475.95,1,475.95,UPI,30,Female,4,0
O104611,C1447,1/31/2023,Electronics,167.99,1,167.99,PayPal,31,Female,5,0
O104612,C1389,12/25/2023,Electronics,498.59,3,1495.77,Credit Card,24,Female,5,0
O104613,C1057,6/22/2023,Clothing,159.93,2,319.86,PayPal,62,Female,5,0
O104614,C1495,12/2/2023,Beauty,413.34,1,413.34,UPI,44,Female,5,0
O104615,C1226,11/21/2023,Books,18.04,2,36.08,Debit Card,45,Male,3,0
O104616,C1225,5/25/2023,Electronics,425.93,2,851.86,Bank Transfer,27,Male,2,0
O104617,C1392,8/15/2023,Beauty,47.34,3,142.02,PayPal,34,Male,3,0
O104618,C1238,11/1/2023,Books,182.11,3,546.33,Credit Card,30,Female,2,0
O104619,C1363,10/30/2023,Beauty,340,4,1360,Debit Card,47,Male,3,0
O104620,C1468,4/29/2023,Beauty,409.68,1,409.68,Credit Card,57,Male,2,0
O104621,C1005,7/21/2023,Home,302.31,3,906.93,UPI,62,Male,3,0
O104622,C1497,6/5/2023,Beauty,476.2,1,476.2,Credit Card,32,Male,3,0
O104623,C1354,10/24/2023,Electronics,146.45,2,292.9,Credit Card,22,Female,1,0
O104624,C1179,3/6/2023,Electronics,43.13,1,43.13,PayPal,40,Female,5,0
O104625,C1024,9/17/2023,Books,369.8,4,1479.2,Debit Card,54,Male,3,0
O104626,C1037,10/5/2023,Home,33.79,3,101.37,UPI,24,Male,5,0
O104627,C1490,4/24/2023,Beauty,173.14,4,692.56,Debit Card,44,Male,5,0
O104628,C1492,10/7/2023,Home,388,1,388,Debit Card,44,Male,1,0
O104629,C1466,7/11/2023,Beauty,168.8,4,675.2,UPI,60,Female,4,0
O104630,C1076,1/24/2023,Home,109.39,1,109.39,Bank Transfer,62,Male,5,0
O104631,C1018,1/31/2023,Sports,11.3,3,33.9,Bank Transfer,63,Male,4,0
O104632,C1330,1/10/2023,Sports,441.95,1,441.95,UPI,59,Female,4,0
O104633,C1483,10/8/2023,Electronics,227.47,4,909.88,Credit Card,24,Female,5,0
O104634,C1368,8/13/2023,Sports,307.1,4,1228.4,Debit Card,34,Male,4,0
O104635,C1399,12/23/2023,Clothing,385.69,2,771.38,Bank Transfer,29,Female,4,0
O104636,C1356,12/15/2023,Clothing,252.49,1,252.49,PayPal,53,Male,4,0
O104637,C1292,5/28/2023,Home,92.95,4,371.8,UPI,20,Female,4,0
O104638,C1442,4/26/2023,Electronics,134.96,1,134.96,Credit Card,46,Female,1,0
O104639,C1252,8/23/2023,Sports,78,4,312,PayPal,19,Female,5,1
O104640,C1168,1/5/2023,Clothing,468.99,1,468.99,PayPal,34,Female,5,0
O104641,C1425,1/6/2023,Electronics,438.82,1,438.82,Bank Transfer,31,Male,5,0
O104642,C1195,6/10/2023,Home,418.12,3,1254.36,PayPal,59,Female,4,0
O104643,C1095,5/27/2023,Electronics,497.67,1,497.67,Bank Transfer,32,Female,4,0
O104644,C1095,10/26/2023,Electronics,133.01,1,133.01,PayPal,24,Male,5,0
O104645,C1113,4/24/2023,Home,113.77,3,341.31,Debit Card,33,Male,5,0
O104646,C1036,1/8/2023,Beauty,325.18,4,1300.72,Credit Card,63,Male,3,0
O104647,C1330,8/4/2023,Beauty,402.32,3,1206.96,Credit Card,60,Female,4,0
O104648,C1126,1/3/2023,Beauty,404.88,2,809.76,UPI,18,Female,1,0
O104649,C1262,5/10/2023,Clothing,342.68,3,1028.04,Credit Card,50,Male,5,0
O104650,C1454,3/1/2023,Electronics,34.57,2,69.14,Bank Transfer,33,Female,3,0
O104651,C1228,4/23/2023,Clothing,310.53,4,1242.12,UPI,53,Male,5,0
O104652,C1145,12/14/2023,Home,445.33,3,1335.99,Bank Transfer,43,Female,3,0
O104653,C1387,10/16/2023,Books,483.4,3,1450.2,UPI,60,Female,1,0
O104654,C1166,10/17/2023,Clothing,274.25,1,274.25,Credit Card,25,Male,5,1
O104655,C1304,10/31/2023,Sports,392.43,3,1177.29,Debit Card,64,Male,4,0
O104656,C1203,1/24/2023,Clothing,499.02,4,1996.08,PayPal,52,Female,3,0
O104657,C1344,4/2/2023,Electronics,296.58,4,1186.32,PayPal,45,Female,4,0
O104658,C1190,7/1/2023,Books,219.23,2,438.46,PayPal,18,Male,3,0
O104659,C1131,8/25/2023,Sports,124.94,2,249.88,Credit Card,64,Male,5,0
O104660,C1001,8/16/2023,Electronics,329.98,4,1319.92,Credit Card,28,Female,4,0
O104661,C1432,3/24/2023,Clothing,195.77,2,391.54,UPI,41,Male,1,0
O104662,C1093,4/7/2023,Sports,445.22,3,1335.66,PayPal,59,Male,5,0
O104663,C1332,11/8/2023,Beauty,138.3,4,553.2,PayPal,47,Male,4,0
O104664,C1181,9/26/2023,Electronics,342.79,4,1371.16,UPI,44,Female,3,1
O104665,C1371,1/3/2023,Beauty,207.74,1,207.74,Debit Card,39,Male,3,0
O104666,C1223,2/24/2023,Electronics,104.8,4,419.2,UPI,57,Female,4,0
O104667,C1109,10/2/2023,Home,381.83,1,381.83,Debit Card,44,Male,5,0
O104668,C1374,10/29/2023,Home,175.3,1,175.3,UPI,33,Female,4,0
O104669,C1354,8/29/2023,Clothing,376.86,3,1130.58,Credit Card,54,Female,3,1
O104670,C1285,9/22/2023,Electronics,288,3,864,Credit Card,36,Female,3,1
O104671,C1470,5/2/2023,Sports,101.83,3,305.49,UPI,27,Male,3,0
O104672,C1035,10/8/2023,Sports,358.84,3,1076.52,UPI,24,Male,5,0
O104673,C1261,10/25/2023,Sports,466.13,1,466.13,PayPal,29,Female,4,0
O104674,C1170,6/9/2023,Electronics,373.85,3,1121.55,Credit Card,19,Male,4,0
O104675,C1087,9/2/2023,Clothing,77.69,1,77.69,Credit Card,42,Male,3,0
O104676,C1091,10/10/2023,Clothing,246.55,3,739.65,UPI,59,Female,5,0
O104677,C1275,3/7/2023,Beauty,106.1,4,424.4,PayPal,18,Male,3,0
O104678,C1340,3/21/2023,Electronics,334.57,3,1003.71,Debit Card,43,Male,3,0
O104679,C1143,5/23/2023,Sports,30.02,2,60.04,Debit Card,41,Male,1,0
O104680,C1375,3/9/2023,Beauty,123.23,4,492.92,UPI,31,Male,5,0
O104681,C1034,8/4/2023,Home,452.25,3,1356.75,UPI,32,Male,5,0
O104682,C1359,1/6/2023,Beauty,82.1,2,164.2,PayPal,22,Male,2,0
O104683,C1066,1/19/2023,Beauty,239.39,3,718.17,PayPal,58,Male,4,0
O104684,C1142,1/1/2024,Beauty,348.23,3,1044.69,PayPal,40,Male,2,0
O104685,C1437,3/9/2023,Clothing,351.65,4,1406.6,Bank Transfer,38,Female,4,0
O104686,C1184,3/7/2023,Beauty,194.06,4,776.24,Credit Card,32,Male,4,0
O104687,C1191,4/10/2023,Electronics,43.8,2,87.6,PayPal,23,Male,4,0
O104688,C1214,6/21/2023,Electronics,90.51,2,181.02,Bank Transfer,29,Female,4,0
O104689,C1203,4/11/2023,Electronics,85.75,1,85.75,Credit Card,23,Female,3,0
O104690,C1367,11/1/2023,Clothing,97.12,3,291.36,Bank Transfer,60,Female,3,0
O104691,C1236,7/2/2023,Sports,344.69,3,1034.07,UPI,45,Male,4,0
O104692,C1313,10/3/2023,Clothing,456.03,3,1368.09,PayPal,29,Male,4,0
O104693,C1351,1/12/2023,Beauty,100.43,2,200.86,PayPal,51,Male,4,0
O104694,C1213,12/16/2023,Beauty,125.92,1,125.92,Credit Card,41,Female,4,0
O104695,C1153,7/13/2023,Books,346.29,1,346.29,Credit Card,60,Male,2,0
O104696,C1299,9/29/2023,Clothing,294.09,1,294.09,Credit Card,28,Male,3,0
O104697,C1135,5/7/2023,Beauty,347.13,3,1041.39,UPI,46,Female,4,0
O104698,C1035,11/14/2023,Sports,227.13,3,681.39,Bank Transfer,27,Male,5,0
O104699,C1078,10/18/2023,Electronics,486.6,2,973.2,PayPal,46,Male,1,0
O104700,C1215,9/7/2023,Electronics,302.54,1,302.54,UPI,23,Male,4,0
O104701,C1188,7/27/2023,Books,89.4,2,178.8,Debit Card,51,Female,5,0
O104702,C1431,7/21/2023,Sports,333.79,2,667.58,Credit Card,32,Female,3,0
O104703,C1120,12/25/2023,Sports,349.47,2,698.94,PayPal,19,Male,1,1
O104704,C1293,9/20/2023,Sports,423.18,1,423.18,Debit Card,18,Female,4,1
O104705,C1031,6/5/2023,Books,52.53,2,105.06,Debit Card,39,Female,4,0
O104706,C1154,12/2/2023,Electronics,418.62,3,1255.86,Bank Transfer,53,Female,2,0
O104707,C1201,4/11/2023,Beauty,26.16,1,26.16,Debit Card,48,Male,5,0
O104708,C1368,4/26/2023,Books,325,1,325,Bank Transfer,41,Female,3,0
O104709,C1005,6/4/2023,Beauty,344.01,3,1032.03,UPI,39,Female,3,0
O104710,C1086,8/21/2023,Clothing,489.03,2,978.06,PayPal,31,Male,4,0
O104711,C1198,3/10/2023,Sports,302,1,302,Credit Card,39,Male,4,0
O104712,C1152,3/17/2023,Home,231.44,1,231.44,PayPal,37,Female,5,0
O104713,C1341,3/12/2023,Beauty,231.36,3,694.08,Debit Card,40,Female,4,0
O104714,C1137,12/11/2023,Clothing,344.66,4,1378.64,Credit Card,23,Male,4,0
O104715,C1274,9/10/2023,Books,167.81,2,335.62,UPI,58,Male,3,0
O104716,C1379,11/15/2023,Sports,234.52,3,703.56,PayPal,60,Male,5,0
O104717,C1371,6/9/2023,Beauty,122.16,3,366.48,Credit Card,62,Female,3,0
O104718,C1135,4/23/2023,Clothing,245.86,1,245.86,UPI,26,Female,4,0
O104719,C1413,5/3/2023,Clothing,189.98,4,759.92,Debit Card,45,Female,4,0
O104720,C1499,4/6/2023,Home,349.7,3,1049.1,Credit Card,27,Female,5,1
O104721,C1273,5/1/2023,Clothing,319.69,4,1278.76,PayPal,24,Female,3,0
O104722,C1487,4/14/2023,Electronics,291.67,4,1166.68,PayPal,63,Male,4,0
O104723,C1041,12/28/2023,Home,187.45,2,374.9,UPI,38,Female,4,0
O104724,C1208,1/15/2023,Home,339.38,3,1018.14,Debit Card,28,Female,4,0
O104725,C1443,8/28/2023,Beauty,6.96,3,20.88,Bank Transfer,43,Female,5,0
O104726,C1256,6/19/2023,Sports,440.51,4,1762.04,Bank Transfer,43,Female,1,1
O104727,C1370,11/22/2023,Home,356.46,2,712.92,PayPal,19,Female,4,0
O104728,C1496,5/3/2023,Sports,165.69,2,331.38,Debit Card,52,Female,2,0
O104729,C1439,5/19/2023,Sports,141.3,2,282.6,Bank Transfer,34,Female,3,0
O104730,C1493,2/2/2023,Sports,325.56,4,1302.24,PayPal,56,Female,5,0
O104731,C1065,2/10/2023,Clothing,82.32,2,164.64,Debit Card,35,Female,4,0
O104732,C1190,1/12/2023,Books,375.76,3,1127.28,Credit Card,44,Female,3,0
O104733,C1474,11/13/2023,Home,38.32,1,38.32,UPI,34,Male,4,0
O104734,C1418,6/24/2023,Clothing,386.83,4,1547.32,Bank Transfer,26,Male,1,0
O104735,C1166,7/10/2023,Books,248.28,1,248.28,Bank Transfer,41,Female,5,0
O104736,C1155,8/17/2023,Clothing,149.79,2,299.58,Credit Card,36,Male,2,0
O104737,C1007,8/21/2023,Home,129.05,2,258.1,PayPal,54,Male,4,0
O104738,C1189,10/29/2023,Electronics,469.52,1,469.52,Debit Card,55,Male,4,0
O104739,C1198,3/4/2023,Home,165.77,2,331.54,Credit Card,21,Female,4,0
O104740,C1334,10/6/2023,Books,139.2,4,556.8,PayPal,28,Male,3,0
O104741,C1406,3/22/2023,Sports,257.89,3,773.67,Credit Card,24,Female,5,1
O104742,C1398,6/12/2023,Home,286.45,1,286.45,PayPal,54,Male,5,0
O104743,C1232,10/18/2023,Sports,26.86,2,53.72,PayPal,63,Female,5,0
O104744,C1116,2/23/2023,Beauty,380.98,2,761.96,Credit Card,64,Male,2,0
O104745,C1274,11/27/2023,Beauty,105.56,2,211.12,Credit Card,34,Female,3,0
O104746,C1482,9/29/2023,Home,303.17,4,1212.68,PayPal,59,Male,2,0
O104747,C1478,3/3/2023,Electronics,207.82,2,415.64,Debit Card,30,Female,5,0
O104748,C1048,10/13/2023,Home,353.04,1,353.04,Debit Card,22,Male,2,0
O104749,C1108,7/5/2023,Beauty,216.37,3,649.11,Debit Card,64,Male,5,0
O104750,C1222,9/16/2023,Sports,93.81,3,281.43,Debit Card,33,Female,1,0
O104751,C1433,12/15/2023,Beauty,245.38,1,245.38,Bank Transfer,28,Male,5,0
O104752,C1058,9/12/2023,Clothing,84.96,3,254.88,PayPal,42,Male,5,0
O104753,C1355,9/28/2023,Sports,413.66,2,827.32,Debit Card,48,Male,3,1
O104754,C1114,8/16/2023,Sports,28.38,3,85.14,Bank Transfer,31,Male,1,0
O104755,C1296,8/9/2023,Sports,415.56,4,1662.24,Debit Card,56,Female,3,0
O104756,C1097,4/10/2023,Sports,459.12,4,1836.48,Credit Card,52,Male,3,0
O104757,C1143,2/1/2023,Beauty,69.58,1,69.58,Credit Card,53,Female,2,0
O104758,C1418,3/20/2023,Sports,163.83,1,163.83,UPI,29,Male,5,0
O104759,C1013,7/8/2023,Home,267.67,3,803.01,UPI,36,Male,3,0
O104760,C1019,1/13/2023,Clothing,140.45,1,140.45,Bank Transfer,19,Male,4,0
O104761,C1374,3/7/2023,Electronics,91.15,4,364.6,Debit Card,18,Male,4,0
O104762,C1164,8/26/2023,Beauty,460.5,1,460.5,PayPal,57,Male,4,0
O104763,C1218,1/14/2023,Books,204.07,1,204.07,Debit Card,44,Male,3,0
O104764,C1496,10/21/2023,Beauty,64.32,3,192.96,Credit Card,43,Male,5,1
O104765,C1391,7/23/2023,Books,343.65,2,687.3,Credit Card,63,Female,4,0
O104766,C1085,1/18/2023,Clothing,144.52,2,289.04,Credit Card,52,Male,5,0
O104767,C1194,11/15/2023,Home,270.63,4,1082.52,Debit Card,62,Male,3,0
O104768,C1266,7/20/2023,Clothing,234.43,4,937.72,Credit Card,24,Male,5,0
O104769,C1295,11/20/2023,Sports,304.86,1,304.86,PayPal,44,Female,5,0
O104770,C1066,7/11/2023,Books,439.22,4,1756.88,Debit Card,28,Male,4,0
O104771,C1466,5/1/2023,Clothing,101.08,3,303.24,PayPal,39,Male,5,0
O104772,C1328,12/21/2023,Sports,47.73,2,95.46,PayPal,24,Male,3,0
O104773,C1458,9/25/2023,Books,349.4,3,1048.2,UPI,45,Male,5,0
O104774,C1001,5/28/2023,Home,435.15,3,1305.45,Bank Transfer,53,Male,1,0
O104775,C1401,7/1/2023,Clothing,49.55,4,198.2,PayPal,34,Male,5,0
O104776,C1217,8/7/2023,Electronics,425.61,4,1702.44,UPI,51,Female,3,0
O104777,C1498,1/18/2023,Sports,215.78,3,647.34,Bank Transfer,55,Male,3,1
O104778,C1465,1/26/2023,Books,289.42,4,1157.68,Bank Transfer,34,Male,2,0
O104779,C1262,4/6/2023,Sports,451.01,2,902.02,UPI,42,Female,1,0
O104780,C1404,3/3/2023,Books,224.44,2,448.88,PayPal,37,Male,5,0
O104781,C1196,1/20/2023,Electronics,176.59,4,706.36,Credit Card,39,Female,4,0
O104782,C1064,3/21/2023,Sports,320.7,3,962.1,Credit Card,33,Female,5,0
O104783,C1331,10/11/2023,Clothing,332.45,4,1329.8,UPI,31,Male,2,0
O104784,C1362,2/15/2023,Sports,398.03,3,1194.09,Bank Transfer,57,Female,3,0
O104785,C1274,5/13/2023,Sports,18.23,1,18.23,Bank Transfer,46,Male,3,0
O104786,C1167,8/15/2023,Home,338.12,3,1014.36,PayPal,49,Male,4,0
O104787,C1108,4/21/2023,Beauty,15.96,1,15.96,PayPal,57,Male,5,0
O104788,C1488,3/24/2023,Beauty,363.49,1,363.49,UPI,58,Male,2,0
O104789,C1325,2/24/2023,Books,291.92,3,875.76,Debit Card,33,Female,5,0
O104790,C1079,6/27/2023,Books,104.9,1,104.9,UPI,19,Male,2,0
O104791,C1368,12/7/2023,Beauty,425.42,1,425.42,PayPal,39,Male,3,0
O104792,C1376,7/1/2023,Sports,155.89,3,467.67,Credit Card,38,Female,5,0
O104793,C1094,11/13/2023,Home,497.41,1,497.41,PayPal,37,Female,4,0
O104794,C1336,1/26/2023,Sports,453.34,1,453.34,PayPal,25,Female,3,0
O104795,C1443,5/6/2023,Electronics,42.19,3,126.57,Credit Card,45,Male,5,0
O104796,C1140,7/23/2023,Beauty,150.24,4,600.96,Bank Transfer,38,Female,4,0
O104797,C1054,5/1/2023,Electronics,212.89,2,425.78,Bank Transfer,49,Female,2,0
O104798,C1118,10/14/2023,Home,347.71,2,695.42,Credit Card,40,Female,3,0
O104799,C1077,1/7/2023,Beauty,336.32,1,336.32,Credit Card,39,Male,4,1
O104800,C1397,7/17/2023,Clothing,397.66,2,795.32,Bank Transfer,32,Male,4,0
O104801,C1261,5/27/2023,Beauty,12.78,1,12.78,Bank Transfer,40,Male,4,0
O104802,C1293,8/31/2023,Beauty,472.31,2,944.62,Debit Card,21,Female,2,0
O104803,C1033,6/10/2023,Beauty,25.96,3,77.88,Debit Card,64,Female,2,1
O104804,C1024,7/5/2023,Home,432.85,4,1731.4,Debit Card,35,Male,5,0
O104805,C1410,3/31/2023,Beauty,250.21,1,250.21,Credit Card,55,Female,4,0
O104806,C1045,8/8/2023,Beauty,384.84,4,1539.36,Debit Card,42,Male,5,1
O104807,C1040,10/17/2023,Beauty,153.59,4,614.36,Debit Card,28,Female,5,1
O104808,C1220,5/20/2023,Electronics,62.77,4,251.08,UPI,32,Male,2,0
O104809,C1296,7/12/2023,Books,474.61,2,949.22,PayPal,37,Female,4,1
O104810,C1231,10/8/2023,Sports,71.03,1,71.03,Debit Card,32,Male,4,0
O104811,C1031,9/2/2023,Electronics,266.5,1,266.5,PayPal,25,Male,4,0
O104812,C1130,3/28/2023,Sports,29.67,2,59.34,PayPal,54,Male,3,0
O104813,C1037,11/15/2023,Beauty,42.02,4,168.08,Bank Transfer,21,Male,3,0
O104814,C1070,12/5/2023,Electronics,164.23,4,656.92,PayPal,25,Female,3,0
O104815,C1038,4/14/2023,Books,345.58,4,1382.32,PayPal,31,Female,4,1
O104816,C1464,11/14/2023,Sports,118.12,1,118.12,Bank Transfer,36,Female,5,0
O104817,C1208,1/19/2023,Books,32.66,1,32.66,UPI,36,Female,4,0
O104818,C1111,2/7/2023,Clothing,99.17,3,297.51,Bank Transfer,39,Female,4,0
O104819,C1458,9/5/2023,Clothing,153.84,4,615.36,Credit Card,55,Male,5,0
O104820,C1068,8/13/2023,Beauty,392.54,1,392.54,Bank Transfer,38,Male,3,0
O104821,C1236,6/23/2023,Beauty,404.53,3,1213.59,UPI,62,Female,5,1
O104822,C1333,10/6/2023,Sports,40.65,1,40.65,Debit Card,48,Male,2,0
O104823,C1431,11/23/2023,Clothing,69.87,3,209.61,UPI,19,Female,1,0
O104824,C1104,3/1/2023,Books,96.42,2,192.84,Credit Card,39,Female,4,1
O104825,C1169,6/8/2023,Clothing,486.3,2,972.6,Credit Card,49,Female,3,0
O104826,C1094,4/30/2023,Electronics,115.34,1,115.34,PayPal,38,Male,1,0
O104827,C1082,3/3/2023,Books,306.03,4,1224.12,Credit Card,64,Female,4,0
O104828,C1432,1/13/2023,Home,403.94,2,807.88,Bank Transfer,59,Female,5,1
O104829,C1140,5/25/2023,Books,34.72,4,138.88,Bank Transfer,55,Female,5,0
O104830,C1246,1/4/2023,Beauty,270.66,1,270.66,Credit Card,32,Male,4,0
O104831,C1072,8/4/2023,Books,100.11,3,300.33,Bank Transfer,38,Female,1,0
O104832,C1157,6/8/2023,Books,175.99,4,703.96,Bank Transfer,44,Female,5,0
O104833,C1206,6/2/2023,Books,393.51,3,1180.53,Bank Transfer,25,Female,5,0
O104834,C1473,6/8/2023,Electronics,409.56,4,1638.24,Bank Transfer,53,Male,4,0
O104835,C1198,6/27/2023,Sports,39.67,3,119.01,Credit Card,26,Female,5,0
O104836,C1440,6/19/2023,Electronics,167.04,3,501.12,Credit Card,27,Female,5,0
O104837,C1126,6/30/2023,Home,12.08,3,36.24,PayPal,37,Female,5,0
O104838,C1102,1/20/2023,Books,151.13,1,151.13,Bank Transfer,27,Female,5,0
O104839,C1290,8/7/2023,Books,304.76,1,304.76,PayPal,24,Female,4,0
O104840,C1226,2/10/2023,Electronics,404.97,4,1619.88,UPI,42,Female,3,0
O104841,C1071,10/19/2023,Beauty,350.75,1,350.75,Bank Transfer,58,Male,3,0
O104842,C1165,4/16/2023,Electronics,257.66,1,257.66,Debit Card,48,Female,4,0
O104843,C1369,1/5/2023,Clothing,298.95,3,896.85,Debit Card,48,Female,4,0
O104844,C1057,3/24/2023,Books,295.54,2,591.08,PayPal,59,Female,2,0
O104845,C1212,12/12/2023,Clothing,384.28,4,1537.12,Bank Transfer,30,Female,5,0
O104846,C1121,2/10/2023,Home,140.46,1,140.46,UPI,60,Female,3,0
O104847,C1470,9/26/2023,Books,18.51,2,37.02,UPI,46,Female,5,0
O104848,C1314,7/21/2023,Home,117.29,1,117.29,Debit Card,44,Female,5,0
O104849,C1337,8/11/2023,Clothing,131.78,2,263.56,Debit Card,37,Female,5,0
O104850,C1386,5/15/2023,Home,261.61,4,1046.44,PayPal,41,Female,3,0
O104851,C1364,5/12/2023,Electronics,355.82,4,1423.28,Debit Card,32,Male,5,0
O104852,C1203,10/19/2023,Books,422.63,1,422.63,UPI,47,Male,4,0
O104853,C1386,11/8/2023,Clothing,306.74,1,306.74,Debit Card,64,Female,4,0
O104854,C1297,8/19/2023,Home,271.13,4,1084.52,PayPal,35,Female,3,0
O104855,C1450,7/29/2023,Home,474.82,3,1424.46,Credit Card,32,Male,1,0
O104856,C1075,4/25/2023,Electronics,351.14,3,1053.42,UPI,18,Female,5,0
O104857,C1257,8/4/2023,Clothing,252.89,2,505.78,UPI,55,Female,4,0
O104858,C1371,4/22/2023,Books,262.68,4,1050.72,UPI,26,Female,3,0
O104859,C1052,5/8/2023,Clothing,222.31,3,666.93,Credit Card,36,Male,5,0
O104860,C1458,10/20/2023,Sports,401.67,1,401.67,PayPal,38,Male,5,0
O104861,C1354,3/30/2023,Electronics,277.83,1,277.83,Bank Transfer,47,Male,5,0
O104862,C1246,6/17/2023,Home,223.49,3,670.47,UPI,48,Female,5,0
O104863,C1099,5/27/2023,Beauty,195.62,1,195.62,Bank Transfer,63,Female,5,0
O104864,C1173,8/30/2023,Books,145.05,4,580.2,PayPal,23,Male,4,0
O104865,C1020,5/6/2023,Electronics,135.69,1,135.69,Credit Card,54,Female,2,0
O104866,C1143,10/18/2023,Sports,203.62,4,814.48,Debit Card,39,Female,4,1
O104867,C1476,2/2/2023,Clothing,391.9,4,1567.6,UPI,60,Male,5,1
O104868,C1291,1/28/2023,Electronics,258.34,4,1033.36,PayPal,55,Female,4,0
O104869,C1055,3/11/2023,Electronics,211.01,4,844.04,PayPal,35,Female,4,0
O104870,C1171,7/21/2023,Home,343.49,2,686.98,UPI,34,Female,4,0
O104871,C1098,6/19/2023,Books,474.24,3,1422.72,Debit Card,53,Female,2,0
O104872,C1494,1/2/2023,Books,136.38,3,409.14,Bank Transfer,63,Male,4,0
O104873,C1473,10/21/2023,Books,159.72,3,479.16,PayPal,39,Male,4,0
O104874,C1134,12/28/2023,Home,118.45,4,473.8,UPI,33,Female,5,0
O104875,C1097,5/13/2023,Beauty,115.85,3,347.55,Debit Card,22,Female,4,0
O104876,C1199,4/24/2023,Electronics,109.49,3,328.47,Credit Card,25,Male,5,0
O104877,C1479,10/5/2023,Books,281.43,2,562.86,Debit Card,33,Male,4,0
O104878,C1454,4/15/2023,Home,168.41,1,168.41,PayPal,45,Male,3,0
O104879,C1425,7/28/2023,Clothing,183,3,549,PayPal,28,Male,2,0
O104880,C1440,5/8/2023,Clothing,234.65,3,703.95,Debit Card,35,Female,4,0
O104881,C1150,4/4/2023,Home,299.58,2,599.16,Bank Transfer,29,Male,5,0
O104882,C1336,2/25/2023,Electronics,259.89,1,259.89,Debit Card,33,Male,4,0
O104883,C1340,8/19/2023,Beauty,51.43,1,51.43,UPI,25,Female,5,0
O104884,C1259,12/21/2023,Beauty,306.7,2,613.4,Bank Transfer,21,Male,5,0
O104885,C1017,10/10/2023,Beauty,31.31,1,31.31,Debit Card,36,Male,3,0
O104886,C1292,5/24/2023,Sports,336.9,4,1347.6,UPI,41,Male,4,0
O104887,C1079,12/1/2023,Electronics,77.87,3,233.61,Bank Transfer,35,Female,5,0
O104888,C1456,5/27/2023,Electronics,484.53,3,1453.59,Bank Transfer,19,Female,4,0
O104889,C1097,1/20/2023,Home,313.3,1,313.3,PayPal,22,Female,4,0
O104890,C1030,3/21/2023,Clothing,264.18,2,528.36,UPI,35,Female,4,0
O104891,C1485,1/25/2023,Clothing,489.94,4,1959.76,PayPal,54,Female,1,0
O104892,C1217,7/20/2023,Home,346.05,4,1384.2,PayPal,50,Female,5,1
O104893,C1385,6/22/2023,Beauty,122.78,4,491.12,PayPal,19,Male,4,0
O104894,C1103,3/10/2023,Books,422.35,3,1267.05,PayPal,27,Male,5,0
O104895,C1005,3/11/2023,Electronics,394.79,4,1579.16,PayPal,64,Female,4,0
O104896,C1206,10/21/2023,Electronics,162.41,4,649.64,PayPal,61,Male,5,0
O104897,C1450,1/6/2023,Clothing,118.67,4,474.68,Credit Card,61,Male,5,0
O104898,C1102,5/10/2023,Sports,396.11,1,396.11,Bank Transfer,24,Female,4,0
O104899,C1035,12/21/2023,Electronics,303.43,4,1213.72,Bank Transfer,37,Female,4,0
O104900,C1187,1/6/2023,Sports,36.93,3,110.79,Bank Transfer,50,Male,4,0
O104901,C1398,9/2/2023,Books,324.6,2,649.2,UPI,62,Female,3,0
O104902,C1385,6/11/2023,Clothing,93.58,2,187.16,Credit Card,30,Male,5,0
O104903,C1143,11/25/2023,Home,305.31,4,1221.24,PayPal,19,Male,3,0
O104904,C1041,3/30/2023,Clothing,487.68,3,1463.04,UPI,28,Female,5,0
O104905,C1418,9/7/2023,Clothing,420.83,2,841.66,PayPal,48,Male,5,1
O104906,C1111,5/19/2023,Beauty,468.68,2,937.36,PayPal,31,Male,3,0
O104907,C1066,10/4/2023,Home,212.87,2,425.74,Bank Transfer,51,Male,2,0
O104908,C1485,10/25/2023,Beauty,232.03,4,928.12,Credit Card,54,Male,4,0
O104909,C1233,3/25/2023,Clothing,482.55,1,482.55,PayPal,57,Female,4,0
O104910,C1027,7/11/2023,Electronics,395.01,3,1185.03,Bank Transfer,60,Female,5,0
O104911,C1470,5/13/2023,Beauty,205.9,3,617.7,UPI,35,Female,5,0
O104912,C1374,2/22/2023,Sports,126.73,4,506.92,Bank Transfer,44,Female,5,0
O104913,C1423,5/14/2023,Sports,494.4,3,1483.2,Credit Card,47,Male,4,0
O104914,C1474,5/16/2023,Electronics,298.05,3,894.15,Bank Transfer,36,Female,5,0
O104915,C1328,10/5/2023,Clothing,149.86,1,149.86,UPI,49,Female,3,0
O104916,C1079,12/13/2023,Sports,85.01,2,170.02,PayPal,20,Female,4,1
O104917,C1259,2/2/2023,Clothing,306.66,4,1226.64,PayPal,19,Female,4,0
O104918,C1307,1/21/2023,Books,360.6,1,360.6,Debit Card,31,Female,3,0
O104919,C1202,10/1/2023,Home,115.74,4,462.96,Debit Card,44,Male,3,0
O104920,C1485,5/7/2023,Sports,430.88,1,430.88,PayPal,26,Male,4,0
O104921,C1232,10/21/2023,Electronics,247.81,2,495.62,PayPal,42,Male,2,0
O104922,C1067,2/13/2023,Electronics,205.17,1,205.17,Credit Card,32,Male,5,1
O104923,C1272,8/23/2023,Books,426.34,1,426.34,Credit Card,38,Male,5,0
O104924,C1357,6/27/2023,Beauty,199.51,3,598.53,UPI,41,Female,1,0
O104925,C1414,11/11/2023,Electronics,415.69,2,831.38,Credit Card,54,Female,4,0
O104926,C1438,1/26/2023,Sports,453.05,2,906.1,Debit Card,49,Male,4,0
O104927,C1409,11/19/2023,Clothing,150.4,1,150.4,UPI,47,Male,4,0
O104928,C1181,2/23/2023,Books,51.33,2,102.66,UPI,42,Female,3,0
O104929,C1356,7/1/2023,Clothing,467.02,1,467.02,UPI,57,Female,4,1
O104930,C1377,2/26/2023,Sports,175.6,3,526.8,Credit Card,62,Male,2,0
O104931,C1090,3/14/2023,Sports,254.13,2,508.26,Bank Transfer,44,Female,3,0
O104932,C1128,4/23/2023,Books,154.97,4,619.88,Bank Transfer,30,Male,5,0
O104933,C1084,1/11/2023,Home,33.68,1,33.68,Debit Card,46,Male,2,0
O104934,C1074,2/27/2023,Sports,383.88,3,1151.64,PayPal,56,Female,3,0
O104935,C1348,6/14/2023,Beauty,349.34,2,698.68,Debit Card,63,Female,5,0
O104936,C1436,4/9/2023,Clothing,394.09,3,1182.27,Credit Card,23,Male,1,0
O104937,C1104,5/29/2023,Home,371.94,1,371.94,Debit Card,36,Female,5,0
O104938,C1450,1/10/2023,Home,65.85,2,131.7,UPI,57,Female,3,0
O104939,C1261,11/3/2023,Books,487.73,1,487.73,Debit Card,18,Male,4,0
O104940,C1139,8/26/2023,Electronics,41.6,4,166.4,PayPal,31,Male,4,0
O104941,C1441,7/11/2023,Books,424.74,4,1698.96,Bank Transfer,18,Female,4,0
O104942,C1037,11/10/2023,Home,205.39,3,616.17,PayPal,42,Female,4,0
O104943,C1255,5/12/2023,Books,335.31,3,1005.93,PayPal,28,Female,4,0
O104944,C1219,11/21/2023,Beauty,424.54,2,849.08,PayPal,18,Male,3,0
O104945,C1486,11/3/2023,Beauty,368.01,4,1472.04,Debit Card,55,Female,5,0
O104946,C1120,5/18/2023,Clothing,450.27,2,900.54,Bank Transfer,21,Female,4,1
O104947,C1243,6/13/2023,Clothing,147.19,3,441.57,PayPal,49,Female,4,0
O104948,C1291,3/20/2023,Electronics,46.93,2,93.86,Bank Transfer,63,Male,5,0
O104949,C1454,7/24/2023,Home,227.02,3,681.06,UPI,55,Male,5,0
O104950,C1073,11/6/2023,Clothing,131.42,2,262.84,Credit Card,24,Female,4,0
O104951,C1294,3/22/2023,Clothing,373.16,3,1119.48,UPI,36,Female,4,0
O104952,C1060,2/6/2023,Home,236.45,2,472.9,Bank Transfer,62,Male,3,1
O104953,C1022,3/19/2023,Books,108.69,3,326.07,Debit Card,39,Female,5,0
O104954,C1388,12/7/2023,Beauty,119.83,3,359.49,UPI,59,Female,4,1
O104955,C1120,8/12/2023,Clothing,254.99,4,1019.96,Bank Transfer,49,Male,1,0
O104956,C1331,7/29/2023,Clothing,193.71,4,774.84,UPI,30,Female,3,0
O104957,C1341,4/3/2023,Electronics,12.51,1,12.51,Bank Transfer,62,Female,5,1
O104958,C1039,6/21/2023,Beauty,323.8,3,971.4,Debit Card,42,Male,3,0
O104959,C1331,12/9/2023,Books,204.64,1,204.64,Debit Card,30,Male,5,0
O104960,C1100,4/15/2023,Beauty,149.63,1,149.63,Credit Card,54,Male,4,0
O104961,C1336,10/3/2023,Electronics,290.53,1,290.53,Credit Card,64,Female,5,0
O104962,C1294,10/1/2023,Clothing,191.66,4,766.64,PayPal,43,Male,4,0
O104963,C1420,11/25/2023,Electronics,183.34,2,366.68,PayPal,54,Male,5,0
O104964,C1049,3/30/2023,Electronics,320.95,2,641.9,Debit Card,20,Female,2,0
O104965,C1262,12/6/2023,Electronics,310.07,4,1240.28,Debit Card,43,Male,5,1
O104966,C1446,8/11/2023,Books,186.34,3,559.02,Bank Transfer,32,Female,5,1
O104967,C1206,6/2/2023,Electronics,447.58,3,1342.74,Credit Card,35,Male,5,0
O104968,C1272,6/17/2023,Home,70.94,3,212.82,UPI,60,Male,5,0
O104969,C1200,6/8/2023,Home,436.29,1,436.29,PayPal,56,Male,5,0
O104970,C1022,7/18/2023,Clothing,161.02,4,644.08,UPI,53,Female,4,0
O104971,C1227,11/23/2023,Books,456.68,3,1370.04,Bank Transfer,54,Male,4,0
O104972,C1426,6/10/2023,Books,6.57,2,13.14,Debit Card,55,Female,4,0
O104973,C1327,7/25/2023,Home,454.39,1,454.39,Bank Transfer,35,Female,4,0
O104974,C1397,3/2/2023,Books,228.19,4,912.76,Bank Transfer,31,Male,1,0
O104975,C1112,6/1/2023,Beauty,73.7,1,73.7,PayPal,21,Male,4,0
O104976,C1313,3/14/2023,Beauty,236.58,4,946.32,Bank Transfer,27,Male,1,0
O104977,C1092,2/8/2023,Clothing,128.72,1,128.72,PayPal,32,Male,4,1
O104978,C1157,12/20/2023,Electronics,395.63,3,1186.89,Credit Card,26,Female,5,0
O104979,C1084,11/10/2023,Home,22.88,4,91.52,UPI,44,Male,3,0
O104980,C1408,2/27/2023,Home,345.17,2,690.34,Bank Transfer,47,Male,3,0
O104981,C1047,8/30/2023,Books,294.21,2,588.42,Bank Transfer,29,Male,5,0
O104982,C1423,7/28/2023,Books,498.55,2,997.1,UPI,62,Female,5,0
O104983,C1295,12/20/2023,Books,114.2,4,456.8,Credit Card,18,Male,5,0
O104984,C1264,12/24/2023,Clothing,208.6,3,625.8,Credit Card,30,Male,3,1
O104985,C1030,4/23/2023,Sports,218.39,3,655.17,Bank Transfer,57,Female,5,0
O104986,C1011,12/19/2023,Beauty,142.67,4,570.68,PayPal,61,Male,4,1
O104987,C1032,1/3/2023,Home,91.78,1,91.78,PayPal,32,Male,5,0
O104988,C1277,6/22/2023,Clothing,395.24,1,395.24,UPI,32,Female,3,0
O104989,C1097,2/19/2023,Electronics,216.64,4,866.56,Debit Card,51,Male,5,0
O104990,C1168,4/2/2023,Home,185.66,3,556.98,PayPal,49,Male,4,0
O104991,C1282,12/30/2023,Electronics,118.52,2,237.04,Debit Card,18,Male,5,0
O104992,C1474,8/2/2023,Books,461.49,1,461.49,PayPal,63,Male,3,0
O104993,C1031,8/19/2023,Sports,39.91,4,159.64,UPI,53,Female,1,0
O104994,C1084,8/23/2023,Sports,27.22,4,108.88,PayPal,55,Male,5,0
O104995,C1091,10/12/2023,Clothing,276.82,3,830.46,UPI,49,Female,1,0
O104996,C1345,4/15/2023,Clothing,150.12,1,150.12,Bank Transfer,31,Female,5,0
O104997,C1461,2/12/2023,Books,219.64,3,658.92,Debit Card,44,Male,5,1
O104998,C1453,11/20/2023,Books,369.7,4,1478.8,Bank Transfer,59,Male,4,0
O104999,C1204,8/21/2023,Electronics,346.39,1,346.39,PayPal,28,Female,5,0
